id,name,city,municipality,province,lat,lon,naics,naics4,naics_descr,priority,employees_band,provider,source
cb0c75fad7680533953a,897438 Alberta Ltd,Strathcona,Strathcona County,AB,53.56819,-113.35005,332999,3329,Other fabricated metal product manufacturing,1,,Stathcona County,StatCan ODBus v1 (OGL)
bb32d1e4d2f73fb286da,A & M Machining Services Ltd.,Strathcona,Strathcona County,AB,53.51921,-113.37627,332910,3329,Other fabricated metal product manufacturing,1,,Stathcona County,StatCan ODBus v1 (OGL)
22ab7675e410fb44109c,Advance Engineered Products Ltd.,Strathcona,Strathcona County,AB,53.54592,-113.37037,336211,3362,Motor vehicle body and trailer manufacturing,0,,Stathcona County,StatCan ODBus v1 (OGL)
657bb9c5a7d26dfbc34c,AltaSteel,Strathcona,Strathcona County,AB,53.53006,-113.39204,331110,3311,Iron and steel mills and ferro-alloy manufacturing,0,,Stathcona County,StatCan ODBus v1 (OGL)
f077f8707b4ea2495d89,ASA Alloys,Strathcona,Strathcona County,AB,53.57833,-113.29371,331221,3312,Steel product manufacturing from purchased steel,0,,Stathcona County,StatCan ODBus v1 (OGL)
8cbb4ece2a682d659640,Automated Rig Technologies Ltd.,Strathcona,Strathcona County,AB,53.51912,-113.39153,333248,3332,Industrial machinery manufacturing,1,,Stathcona County,StatCan ODBus v1 (OGL)
0530ea9b13fbd4e12042,Behrends,Strathcona,Strathcona County,AB,53.52483,-113.37634,332329,3323,Architectural and structural metals manufacturing,1,,Stathcona County,StatCan ODBus v1 (OGL)
41575092a17f52659d95,Boden Fabricating & Metal Products Ltd,Strathcona,Strathcona County,AB,53.51896,-113.37292,332999,3329,Other fabricated metal product manufacturing,1,,Stathcona County,StatCan ODBus v1 (OGL)
761533dd79d728eea8f3,Bri-steel pipe yard,Strathcona,Strathcona County,AB,53.51954,-113.39103,331210,3312,Steel product manufacturing from purchased steel,0,,Stathcona County,StatCan ODBus v1 (OGL)
548790236a07f0941125,BRUIN Instruments Corp.,Strathcona,Strathcona County,AB,53.52373,-113.37402,333910,3339,Other general-purpose machinery manufacturing,1,,Stathcona County,StatCan ODBus v1 (OGL)
b6c5445ea2d428d15a4e,Canyon Machine Inc,Strathcona,Strathcona County,AB,53.52005,-113.37845,332710,3327,"Machine shops, turned product, and screw, nut and bolt manufacturing",1,,Stathcona County,StatCan ODBus v1 (OGL)
44e64cb41b8d4eaded83,Capital RIG Repair,Strathcona,Strathcona County,AB,53.51976,-113.37722,333130,3331,"Agricultural, construction and mining machinery manufacturing",0,,Stathcona County,StatCan ODBus v1 (OGL)
437d440b39bf9b15a34e,Container King,Strathcona,Strathcona County,AB,53.53798,-113.37426,332430,3324,"Boiler, tank and shipping container manufacturing",0,,Stathcona County,StatCan ODBus v1 (OGL)
b314eb86fcfdd3b04d03,EIDAP Inc.,Strathcona,Strathcona County,AB,53.53470,-113.32482,334410,3344,Semiconductor and other electronic component manufacturing,1,,Stathcona County,StatCan ODBus v1 (OGL)
84219d58bcab83cb580b,Elliott Turbomachinery Canada Inc.,Strathcona,Strathcona County,AB,53.52171,-113.37381,333611,3336,"Engine, turbine and power transmission equipment manufacturing",1,,Stathcona County,StatCan ODBus v1 (OGL)
132206ecda28e146ad2c,Eskimo Steel Ltd.,Strathcona,Strathcona County,AB,53.55728,-113.32867,332319,3323,Architectural and structural metals manufacturing,1,,Stathcona County,StatCan ODBus v1 (OGL)
8ab863ec4fd5663f1a8d,Eyellusion Corp,Strathcona,Strathcona County,AB,53.44962,-112.90097,333310,3333,Commercial and service industry machinery manufacturing,1,,Stathcona County,StatCan ODBus v1 (OGL)
8fdc6587b2c93d21e4f9,Fabric Shelters,Strathcona,Strathcona County,AB,53.49455,-113.07298,332319,3323,Architectural and structural metals manufacturing,1,,Stathcona County,StatCan ODBus v1 (OGL)
1c4cf3e7ccafeaf51031,Flextech Industries Inc.,Strathcona,Strathcona County,AB,53.52238,-113.37148,332999,3329,Other fabricated metal product manufacturing,1,,Stathcona County,StatCan ODBus v1 (OGL)
9f86319bdd0a313dae90,Flowserve,Strathcona,Strathcona County,AB,53.52407,-113.37131,332910,3329,Other fabricated metal product manufacturing,1,,Stathcona County,StatCan ODBus v1 (OGL)
50fce3dc7d121822cac1,Garnet Instruments Ltd.,Strathcona,Strathcona County,AB,53.53937,-113.32748,333990,3339,Other general-purpose machinery manufacturing,1,,Stathcona County,StatCan ODBus v1 (OGL)
4cc1cbce0da7054d8dc5,GE Canada,Strathcona,Strathcona County,AB,53.56415,-113.31569,335223,3352,Household appliance manufacturing,0,,Stathcona County,StatCan ODBus v1 (OGL)
54f01ae0409f4fe5f3e9,GEM Steel Edmonton Ltd.,Strathcona,Strathcona County,AB,53.52484,-113.37971,332420,3324,"Boiler, tank and shipping container manufacturing",0,,Stathcona County,StatCan ODBus v1 (OGL)
3a9abc3aa909ccf5426c,H.T. Metals Co. (Alberta) Ltd,Strathcona,Strathcona County,AB,53.55653,-113.32852,331200,3312,Steel product manufacturing from purchased steel,0,,Stathcona County,StatCan ODBus v1 (OGL)
deb4d7f129bcb4dc54e3,H20 Logics Inc.,Strathcona,Strathcona County,AB,53.53565,-113.32296,333310,3333,Commercial and service industry machinery manufacturing,1,,Stathcona County,StatCan ODBus v1 (OGL)
afa53ab9428a52ce90ab,Hagglunds Drives (Canada) Inc,Strathcona,Strathcona County,AB,53.56087,-113.31789,333248,3332,Industrial machinery manufacturing,1,,Stathcona County,StatCan ODBus v1 (OGL)
cd902343ee7643893530,Harco Manufactoring Inc.,Strathcona,Strathcona County,AB,53.51973,-113.37845,331110,3311,Iron and steel mills and ferro-alloy manufacturing,0,,Stathcona County,StatCan ODBus v1 (OGL)
426af5a0794e832cd381,Hydro Scotford Inc.,Strathcona,Strathcona County,AB,53.75372,-113.12312,332710,3327,"Machine shops, turned product, and screw, nut and bolt manufacturing",1,,Stathcona County,StatCan ODBus v1 (OGL)
a599f670e9c186b6ddd2,Integrated Protective Coatings,Strathcona,Strathcona County,AB,53.55808,-113.32949,332810,3328,"Coating, engraving, cold and heat treating and allied activities",1,,Stathcona County,StatCan ODBus v1 (OGL)
c356183677dee1ebdac6,Jag Fabrication Inc.,Strathcona,Strathcona County,AB,53.52163,-113.36658,331221,3312,Steel product manufacturing from purchased steel,0,,Stathcona County,StatCan ODBus v1 (OGL)
8679243ebfe3dabe61e4,Jireh Industries Ltd.,Strathcona,Strathcona County,AB,53.56613,-113.19819,332710,3327,"Machine shops, turned product, and screw, nut and bolt manufacturing",1,,Stathcona County,StatCan ODBus v1 (OGL)
f34e999937e42d8994c1,Kandur Machining Ltd.,Strathcona,Strathcona County,AB,53.53695,-113.32958,332710,3327,"Machine shops, turned product, and screw, nut and bolt manufacturing",1,,Stathcona County,StatCan ODBus v1 (OGL)
4960d7137823a30b1fda,KDM Industries,Strathcona,Strathcona County,AB,53.52193,-113.36446,332710,3327,"Machine shops, turned product, and screw, nut and bolt manufacturing",1,,Stathcona County,StatCan ODBus v1 (OGL)
600a42cb6f495e7455f2,Maytex Machine,Strathcona,Strathcona County,AB,53.52297,-113.36206,332710,3327,"Machine shops, turned product, and screw, nut and bolt manufacturing",1,,Stathcona County,StatCan ODBus v1 (OGL)
18427262a8318ec5fd95,MTS Canada,Strathcona,Strathcona County,AB,53.56349,-113.31294,333318,3333,Commercial and service industry machinery manufacturing,1,,Stathcona County,StatCan ODBus v1 (OGL)
55b9e847f317e11d820f,Northern Weld Arc Ltd,Strathcona,Strathcona County,AB,53.56272,-113.33040,332319,3323,Architectural and structural metals manufacturing,1,,Stathcona County,StatCan ODBus v1 (OGL)
00c4d868c98da4ffe5d9,Patina,Strathcona,Strathcona County,AB,53.51981,-113.37845,332999,3329,Other fabricated metal product manufacturing,1,,Stathcona County,StatCan ODBus v1 (OGL)
de79e853a8be64a9ffdf,Polar Industrial Services Ltd.,Strathcona,Strathcona County,AB,53.51979,-113.37609,333611,3336,"Engine, turbine and power transmission equipment manufacturing",1,,Stathcona County,StatCan ODBus v1 (OGL)
9441f4af12ddd52a3aef,Precision Steel and Manufacturing,Strathcona,Strathcona County,AB,53.56819,-113.35005,333248,3332,Industrial machinery manufacturing,1,,Stathcona County,StatCan ODBus v1 (OGL)
c14b848fd0c14585b036,Samson Controls,Strathcona,Strathcona County,AB,53.56240,-113.31088,332910,3329,Other fabricated metal product manufacturing,1,,Stathcona County,StatCan ODBus v1 (OGL)
3a380d97b61e8811075c,Sherwood Steel Ltd.,Strathcona,Strathcona County,AB,53.51915,-113.39259,332619,3326,Spring and wire product manufacturing,0,,Stathcona County,StatCan ODBus v1 (OGL)
2573f6ba1e8462df1c77,Solar Turbines Canada Ltd.,Strathcona,Strathcona County,AB,53.51969,-113.38046,333611,3336,"Engine, turbine and power transmission equipment manufacturing",1,,Stathcona County,StatCan ODBus v1 (OGL)
85fa30fde34417b020b5,Specialized Metal Products Ltd,Strathcona,Strathcona County,AB,53.56706,-113.34721,332999,3329,Other fabricated metal product manufacturing,1,,Stathcona County,StatCan ODBus v1 (OGL)
0b89c2d398f3aa80a76f,Subcoe- Manufacturing Plant,Strathcona,Strathcona County,AB,53.56593,-113.31461,335312,3353,Electrical equipment manufacturing,1,,Stathcona County,StatCan ODBus v1 (OGL)
58867eff77ecf20afffe,Summit Machine,Strathcona,Strathcona County,AB,53.52009,-113.36563,333510,3335,Metalworking machinery manufacturing,0,,Stathcona County,StatCan ODBus v1 (OGL)
6c20ba0a93f384557c82,Terrick Enterprises Ltd,Strathcona,Strathcona County,AB,53.56661,-113.30929,331511,3315,Foundries,0,,Stathcona County,StatCan ODBus v1 (OGL)
f3ff947592ca23bb5ced,Tiger Machining a Div. of,Strathcona,Strathcona County,AB,53.57618,-113.29304,332710,3327,"Machine shops, turned product, and screw, nut and bolt manufacturing",1,,Stathcona County,StatCan ODBus v1 (OGL)
a218b91fd298aa9654bc,Triple M Services,Strathcona,Strathcona County,AB,53.69454,-113.05097,332710,3327,"Machine shops, turned product, and screw, nut and bolt manufacturing",1,,Stathcona County,StatCan ODBus v1 (OGL)
7b5052a8cdbfe36c7e9e,Truck Master Manufacturing & Equipment Ltd,Strathcona,Strathcona County,AB,53.56725,-113.34697,336211,3362,Motor vehicle body and trailer manufacturing,0,,Stathcona County,StatCan ODBus v1 (OGL)
4fa2e607f7a7afa6789e,Ultimate Fabrication Inc.,Strathcona,Strathcona County,AB,53.56818,-113.35639,333416,3334,"Ventilation, heating, air-conditioning and commercial refrigeration equipment manufacturing",0,,Stathcona County,StatCan ODBus v1 (OGL)
b40911032b7c8f33fd1b,Western Oilsub Manufacturing,Strathcona,Strathcona County,AB,53.52186,-113.36672,332910,3329,Other fabricated metal product manufacturing,1,,Stathcona County,StatCan ODBus v1 (OGL)
545c1a954f91ee91278d,Yellowhead Corrosion & Coatings,Strathcona,Strathcona County,AB,53.56818,-113.35347,332810,3328,"Coating, engraving, cold and heat treating and allied activities",1,,Stathcona County,StatCan ODBus v1 (OGL)
dffd565490bc7e1570e3,Yellowhead Trailer Repair & Service Limited,Strathcona,Strathcona County,AB,53.56818,-113.35347,332810,3328,"Coating, engraving, cold and heat treating and allied activities",1,,Stathcona County,StatCan ODBus v1 (OGL)
d51acbb34ebbed606433,3DM DEVICES INC,Langley,Langley,BC,49.05971,-122.50313,334512,3345,"Measuring, medical & controlling devices mfg.",1,,Township of Langley,StatCan ODBus v1 (OGL)
e2f4f0de53a5845d64be,4T'S INDUSTRIES LTD,Langley,Langley,BC,49.10330,-122.48359,332710,3327,Machine shops,1,,Township of Langley,StatCan ODBus v1 (OGL)
17a9a1678e73a5580af8,ABSOLUTE FABRICATION & MACHINING LTD,Langley,Langley,BC,49.17124,-122.67460,332710,3327,Machine shops,1,,Township of Langley,StatCan ODBus v1 (OGL)
7651507810f7f7e88378,ABSOLUTE POWER LTD,Langley,Langley,BC,49.04748,-122.65360,333611,3336,Turbine & turbine generator set unit mfg.,1,,Township of Langley,StatCan ODBus v1 (OGL)
769e774af9bbfdfdff90,ACCUTECK INDUSTRIES LTD,Langley,Langley,BC,49.09077,-122.46065,332319,3323,Other plate work & structural product mfg.,1,,Township of Langley,StatCan ODBus v1 (OGL)
ed5714edc9064f37ff0f,ACI COMMUNICATIONS INC,Langley,Langley,BC,49.09380,-122.61473,334110,3341,Computer & peripheral equipment mfg.,0,,Township of Langley,StatCan ODBus v1 (OGL)
f657282a04e721b45627,ACTIVE AIR INDUSTRIES LTD,Langley,Langley,BC,49.17124,-122.67449,333910,3339,Pump & compressor mfg.,1,,Township of Langley,StatCan ODBus v1 (OGL)
b47186fd8c036499ffc3,ACUREN GROUP INC,Langley,Langley,BC,49.10388,-122.63528,336410,3364,Aerospace product & parts mfg.,1,,Township of Langley,StatCan ODBus v1 (OGL)
98a165f3eedd6597dd57,ADVANCED BENDING TECHNOLOGIES INC,Langley,Langley,BC,49.09719,-122.46574,331221,3312,Cold-rolled steel shape mfg.,0,,Township of Langley,StatCan ODBus v1 (OGL)
4d22a92baf39dc93eea7,ADVANCED PRO MANUFACTURING LTD,Langley,Langley,BC,49.06242,-122.49868,332710,3327,Machine shops,1,,Township of Langley,StatCan ODBus v1 (OGL)
29651d6c02cb75d4c0a3,AEROMNI AEROSPACE INC,Langley,Langley,BC,49.10383,-122.63172,336410,3364,Aerospace product & parts mfg.,1,,Township of Langley,StatCan ODBus v1 (OGL)
161aea0e01630f866149,AIE INDUSTRIES LTD,Langley,Langley,BC,49.17739,-122.67726,332710,3327,Machine shops,1,,Township of Langley,StatCan ODBus v1 (OGL)
ae6746c3a3225e3b64fd,ALDERGROVE MACHINERY & ENTERPRISES,Langley,Langley,BC,49.11723,-122.51651,332710,3327,Machine shops,1,,Township of Langley,StatCan ODBus v1 (OGL)
64f83de1e02073601c60,ALUMINEX EXTRUSIONS (1999) LTD,Langley,Langley,BC,49.10304,-122.46098,332321,3323,Metal window & door mfg.,1,,Township of Langley,StatCan ODBus v1 (OGL)
89d43bc5292ebf950913,APEX ALUMINUM EXTRUSIONS LTD,Langley,Langley,BC,49.18056,-122.66593,331317,3313,"Alum. rolling, drawing, extruding & alloying",0,,Township of Langley,StatCan ODBus v1 (OGL)
0ebbc299a5321c779b87,ASCENT AEROSPACE LTD,Langley,Langley,BC,49.09768,-122.62934,336410,3364,Aerospace product & parts mfg.,1,,Township of Langley,StatCan ODBus v1 (OGL)
21fb41fbe2a03a1a1139,ATLAS ANCHOR SYSTEMS (BC) LTD,Langley,Langley,BC,,,332510,3325,Hardware mfg.,0,,Township of Langley,StatCan ODBus v1 (OGL)
7d876ac28a30ca8383a8,BC COMMUNICATIONS INC,Langley,Langley,BC,,,335920,3359,Communication & energy wire & cable mfg.,1,,Township of Langley,StatCan ODBus v1 (OGL)
c2602aa6dfb7fc015038,BCH GREENHOUSE SUPPLY,Langley,Langley,BC,49.17262,-122.67478,333110,3331,Agricultural implement mfg.,0,,Township of Langley,StatCan ODBus v1 (OGL)
7ba4f3b46b615e487db2,BEACHVIEW RAILINGS LTD,Langley,Langley,BC,49.16542,-122.66982,332329,3323,Other ornamental & architec. metal prod. mfg.,1,,Township of Langley,StatCan ODBus v1 (OGL)
8cf7aa3c0fb2b0f332df,BELTERRA CORPORATION,Langley,Langley,BC,49.10240,-122.46119,333519,3335,Other metalworking machinery mfg.,0,,Township of Langley,StatCan ODBus v1 (OGL)
be5eef97b55e0927fb6e,BOLAIR FLUID HANDLING SYSTEMS,Langley,Langley,BC,49.17764,-122.67120,336990,3369,Other transportation equipment mfg.,1,,Township of Langley,StatCan ODBus v1 (OGL)
b5ad0c21a2ff6d33cf82,CANADIAN HEATING PRODUCTS INC,Langley,Langley,BC,49.09719,-122.46767,332999,3329,All other misc. fabricated metal product mfg.,1,,Township of Langley,StatCan ODBus v1 (OGL)
46de1ae9d699902a69fc,CANADIAN HEATING PRODUCTS INC,Langley,Langley,BC,49.09719,-122.46684,333416,3334,Heating & commercial refrigeration equip. mfg.,0,,Township of Langley,StatCan ODBus v1 (OGL)
be794a43b3219ba9d31e,CANNON BAR WORKS LTD,Langley,Langley,BC,49.10272,-122.47124,332510,3325,Hardware mfg.,0,,Township of Langley,StatCan ODBus v1 (OGL)
5d9202b3855e8b819b96,CANTECH PRECISION COATINGS INC,Langley,Langley,BC,49.09726,-122.46897,332810,3328,"Coating, engraving, cold & heat treating act",1,,Township of Langley,StatCan ODBus v1 (OGL)
e29283b16bef27945a2a,CANWEST AEROSPACE INC,Langley,Langley,BC,49.09704,-122.62571,336410,3364,Aerospace product & parts mfg.,1,,Township of Langley,StatCan ODBus v1 (OGL)
a6b430080b23ce00da46,CANWEST GLOBAL AIRPARTS INC,Langley,Langley,BC,49.09704,-122.62571,336410,3364,Aerospace product & parts mfg.,1,,Township of Langley,StatCan ODBus v1 (OGL)
081eef67d53160884aaf,CAPTURE ENERGY,Langley,Langley,BC,,,335920,3359,Communication & energy wire & cable mfg.,1,,Township of Langley,StatCan ODBus v1 (OGL)
46856a23c7bf69f182ff,CASCADIA WINDOWS LTD,Langley,Langley,BC,49.09779,-122.46082,332321,3323,Metal window & door mfg.,1,,Township of Langley,StatCan ODBus v1 (OGL)
89ed587abcf38ce94985,CHAMCO INDUSTRIES LTD,Langley,Langley,BC,49.09831,-122.46858,333910,3339,Pump & compressor mfg.,1,,Township of Langley,StatCan ODBus v1 (OGL)
b4f4ee7f54762daceaf5,CIVIC TOOL & DIE WORKS LTD,Langley,Langley,BC,49.17124,-122.67495,333310,3333,Commercial & service industry machinery mfg.,1,,Township of Langley,StatCan ODBus v1 (OGL)
3f92d4419cc7cb536aff,CIVIC TOOL & DIE WORKS LTD,Langley,Langley,BC,49.11853,-122.66507,333310,3333,Commercial & service industry machinery mfg.,1,,Township of Langley,StatCan ODBus v1 (OGL)
4341b13e176f8a787d8b,CLEARWATER DEFENSE SYSTEMS CORP,Langley,Langley,BC,49.09831,-122.46858,336410,3364,Aerospace product & parts mfg.,1,,Township of Langley,StatCan ODBus v1 (OGL)
b15709e8edb29cc9f8fd,COLLINS MANUFACTURING CO LTD,Langley,Langley,BC,49.18176,-122.67009,336211,3362,Motor vehicle body mfg.,0,,Township of Langley,StatCan ODBus v1 (OGL)
f149f8f83a99e122cf19,CONNEXUS INDUSTRIES INC,Langley,Langley,BC,49.09720,-122.46307,332210,3322,Cutlery & hand tool mfg.,0,,Township of Langley,StatCan ODBus v1 (OGL)
3bcbfbb355a6861a5145,CONSOLIDATED TURBINE SPECIALISTS CANADA,Langley,Langley,BC,49.09836,-122.62586,336410,3364,Aerospace product & parts mfg.,1,,Township of Langley,StatCan ODBus v1 (OGL)
4138d87791823ee3c242,DAD'S DRYER VENT CLEANING,Langley,Langley,BC,49.14929,-122.64375,333416,3334,Heating & commercial refrigeration equip. mfg.,0,,Township of Langley,StatCan ODBus v1 (OGL)
5753dd486614c32f0c1a,DAKRON INDUSTRIES LTD,Langley,Langley,BC,49.11017,-122.47035,332710,3327,Machine shops,1,,Township of Langley,StatCan ODBus v1 (OGL)
e9eb37a4a8df8b1aa49b,DANORY DIGITAL CONSULTING LTD,Langley,Langley,BC,49.16858,-122.58130,33411,3341,Computer & peripheral equipment mfg.,0,,Township of Langley,StatCan ODBus v1 (OGL)
cec71b00614087d6d72f,DAYLITER SKYLIGHTS,Langley,Langley,BC,49.10163,-122.46119,332321,3323,Metal window & door mfg.,1,,Township of Langley,StatCan ODBus v1 (OGL)
057deb44bded4572f6f7,DEFINED CONCRETE SERVICES INC,Langley,Langley,BC,49.05248,-122.47481,332314,3323,Concrete reinforcing bar mfg.,1,,Township of Langley,StatCan ODBus v1 (OGL)
c56b000877b972948e91,DELUXE METAL FABRICATION INC,Langley,Langley,BC,49.09704,-122.46837,33299,3329,All other fabricated metal product mfg.,1,,Township of Langley,StatCan ODBus v1 (OGL)
24372479bba53bedc0b8,DM FABRICATION LTD,Langley,Langley,BC,49.06201,-122.49937,331490,3314,Non-ferrous (except cu & al) secondary proc.,0,,Township of Langley,StatCan ODBus v1 (OGL)
cbac95e2d8aa86a26ddd,DUO CNC MACHINING INC,Langley,Langley,BC,49.18574,-122.66566,332710,3327,Machine shops,1,,Township of Langley,StatCan ODBus v1 (OGL)
8c638103b17e712161df,DYNAMIC LINK HYDRAULICS & MACHINING LTD,Langley,Langley,BC,49.09762,-122.62884,332710,3327,Machine shops,1,,Township of Langley,StatCan ODBus v1 (OGL)
0e513d916f881e485f25,EAST PENN CANADA,Langley,Langley,BC,49.10262,-122.47707,335910,3359,Battery mfg.,1,,Township of Langley,StatCan ODBus v1 (OGL)
37e1ef5a72a7375bbe78,ENGLISH CAR SERVICES,Langley,Langley,BC,49.18005,-122.67582,336110,3361,Automobile & light-duty motor vehicle mfg.,0,,Township of Langley,StatCan ODBus v1 (OGL)
8eaffc46bbf4282807ed,ESP,Langley,Langley,BC,49.09708,-122.46896,336120,3361,Heavy-duty truck mfg.,0,,Township of Langley,StatCan ODBus v1 (OGL)
8a39c917dbc050ae84fc,EURO SOLUTIONS LTD,Langley,Langley,BC,49.17291,-122.67632,333310,3333,Commercial & service industry machinery mfg.,1,,Township of Langley,StatCan ODBus v1 (OGL)
c350481a5e9de270112e,EUROPHIL FABRICATION & MACHINING CORP,Langley,Langley,BC,49.11663,-122.66391,332710,3327,Machine shops,1,,Township of Langley,StatCan ODBus v1 (OGL)
d10031615b3d14d6a83b,FAST FAB INC,Langley,Langley,BC,49.17869,-122.67306,331210,3312,Iron & steel pipes & tubes mfg.,0,,Township of Langley,StatCan ODBus v1 (OGL)
dc58f25f7a0aab91d3d6,FL FINN LIGHTING INC,Langley,Langley,BC,49.17668,-122.62057,335120,3351,Lighting fixture mfg.,0,,Township of Langley,StatCan ODBus v1 (OGL)
aa2f7dcb6741f7aedea0,FLEXTECH INDUSTRIES INC,Langley,Langley,BC,49.09528,-122.46451,333519,3335,Other metalworking machinery mfg.,0,,Township of Langley,StatCan ODBus v1 (OGL)
0b6b9b63fa9b1f4fef18,FORTIFAB MANUFACTURING INC,Langley,Langley,BC,49.11563,-122.65367,332710,3327,Machine shops,1,,Township of Langley,StatCan ODBus v1 (OGL)
f0ae5e4a3c5797745fdf,FRASER VALLEY REFRIGERATION LTD,Langley,Langley,BC,49.06191,-122.50033,333416,3334,Heating & commercial refrigeration equip. mfg.,0,,Township of Langley,StatCan ODBus v1 (OGL)
c5e619b073e69e7312fc,FT SYNTHETICS INC,Langley,Langley,BC,49.10533,-122.48111,333990,3339,All other general-purpose machinery mfg.,1,,Township of Langley,StatCan ODBus v1 (OGL)
f7808e03092a5a4baebb,GENESIS ROBOTICS AND MOTION TECHNOLOGIES CANADA ULC,Langley,Langley,BC,49.11577,-122.66267,335312,3353,Motor & generator mfg.,1,,Township of Langley,StatCan ODBus v1 (OGL)
9f49b47055ef2a9b19de,"GENESIS ROBOTICS AND MOTION TECHNOLOGIES CANADA, ULC",Langley,Langley,BC,49.11663,-122.66391,332311,3323,Prefabricated metal building & component mfg.,1,,Township of Langley,StatCan ODBus v1 (OGL)
34385ae10c4f2f09e8ee,GREENLINE HEAVY EQUIPMENT REPAIRS LTD,Langley,Langley,BC,49.11602,-122.65107,332710,3327,Machine shops,1,,Township of Langley,StatCan ODBus v1 (OGL)
346076a55dec1b6b8e99,H.M.D. ENGINEERING INC,Langley,Langley,BC,49.18625,-122.67014,332710,3327,Machine shops,1,,Township of Langley,StatCan ODBus v1 (OGL)
5aa8dc86ce419e30ccbc,HIGHLAND LOWBED SERVICES,Langley,Langley,BC,49.10210,-122.52406,336990,3369,Other transportation equipment mfg.,1,,Township of Langley,StatCan ODBus v1 (OGL)
f00988fc46a544a4c1ab,HIGHLIGHT PACIFIC CONSTRUCTION LTD,Langley,Langley,BC,49.10237,-122.48690,334220,3342,Broadcasting & wireless communication mfg.,0,,Township of Langley,StatCan ODBus v1 (OGL)
57d61fee2729588afeba,HOWARD MARTEN FLUID TECHNOLOGIES INC,Langley,Langley,BC,,,332910,3329,Metal valve mfg.,1,,Township of Langley,StatCan ODBus v1 (OGL)
3c68cdc05200ab146231,HPA MOTORSPORTS INC,Langley,Langley,BC,49.18737,-122.66947,336110,3361,Automobile & light-duty motor vehicle mfg.,0,,Township of Langley,StatCan ODBus v1 (OGL)
944c1f05b39c0b8c982c,INDU-TECH ENTERPRISES LTD,Langley,Langley,BC,49.18139,-122.67305,333247,3332,Paper industry machinery mfg.,1,,Township of Langley,StatCan ODBus v1 (OGL)
4c69a70d84bd7c784985,INNOVATIVE ALUMINUM SYSTEMS INC,Langley,Langley,BC,49.10271,-122.48465,332329,3323,Other ornamental & architec. metal prod. mfg.,1,,Township of Langley,StatCan ODBus v1 (OGL)
078302c88d2655ae65bb,JB MACHINING,Langley,Langley,BC,49.11630,-122.66232,332710,3327,Machine shops,1,,Township of Langley,StatCan ODBus v1 (OGL)
b6da8d69c16ed9ed2452,K-LINE TRAILERS LTD,Langley,Langley,BC,49.10530,-122.46694,336215,3362,"Motor home, travel trailer & camper mfg.",0,,Township of Langley,StatCan ODBus v1 (OGL)
7bafef7633a97b128db5,KINETICS DRIVE SOLUTIONS INC,Langley,Langley,BC,49.10456,-122.46147,336390,3363,Other motor vehicle parts mfg.,1,,Township of Langley,StatCan ODBus v1 (OGL)
40154370f8e328dcba9d,KODIAK AEROSPACE,Langley,Langley,BC,49.09701,-122.62643,332710,3327,Machine shops,1,,Township of Langley,StatCan ODBus v1 (OGL)
cc2a28583a2efb1b9a31,KSM STAINLESS STEEL FABRICATORS LTD,Langley,Langley,BC,49.11598,-122.66232,331514,3315,Steel foundries,0,,Township of Langley,StatCan ODBus v1 (OGL)
15274d7d302365798e6e,L. E. STEEL FABRICATORS (2005) LTD,Langley,Langley,BC,49.10176,-122.48368,332319,3323,Other plate work & structural product mfg.,1,,Township of Langley,StatCan ODBus v1 (OGL)
f17cbc6db2346a7fe71a,LANTEC FABRICATING LTD,Langley,Langley,BC,49.09377,-122.47002,331514,3315,Steel foundries,0,,Township of Langley,StatCan ODBus v1 (OGL)
58dfefef52df9b4b0c15,LBS LOG BUNDLING SUPPLIES (1983) INC,Langley,Langley,BC,49.09576,-122.46064,331222,3312,Steel wire drawing,0,,Township of Langley,StatCan ODBus v1 (OGL)
b371ba6ad8aa0cf8ba7f,LEADING EDGE MANUFACTURING INC,Langley,Langley,BC,49.17291,-122.67632,335315,3353,"Switchgear, relay & industrial control mfg.",1,,Township of Langley,StatCan ODBus v1 (OGL)
ab1bcf6c94b1ad7f9f2a,LEFTMOST YACHT SERVICES,Langley,Langley,BC,49.14728,-122.63563,336611,3366,Ship building & repairing,1,,Township of Langley,StatCan ODBus v1 (OGL)
2980ca8f91b8801eb701,M.E.M. REINFORCEMENT LTD,Langley,Langley,BC,49.08144,-122.63882,332314,3323,Concrete reinforcing bar mfg.,1,,Township of Langley,StatCan ODBus v1 (OGL)
443a8e8af165894214d0,MADU CREATIVE CONSULTANTS,Langley,Langley,BC,49.09472,-122.61829,332329,3323,Other ornamental & architec. metal prod. mfg.,1,,Township of Langley,StatCan ODBus v1 (OGL)
0d845607a6b8d49a2cc0,MANCO INDUSTRIES INC,Langley,Langley,BC,49.07480,-122.56318,332420,3324,Metal tank (heavy gauge) mfg.,0,,Township of Langley,StatCan ODBus v1 (OGL)
f8badd53c6783d8ae3c3,MARMON/KEYSTONE CANADA INC,Langley,Langley,BC,49.10424,-122.46451,332319,3323,Other plate work & structural product mfg.,1,,Township of Langley,StatCan ODBus v1 (OGL)
d2d2d87dad3a95b82b35,MASONITE INTERNATIONAL CORPORATION,Langley,Langley,BC,49.10699,-122.46164,332321,3323,Metal window & door mfg.,1,,Township of Langley,StatCan ODBus v1 (OGL)
c61a3138df76da604ce2,MATRIX HELICOPTER SOLUTIONS INC,Langley,Langley,BC,49.17124,-122.66409,336410,3364,Aerospace product & parts mfg.,1,,Township of Langley,StatCan ODBus v1 (OGL)
80be6384ca396fab014b,MC WELDING SERVICES LTD,Langley,Langley,BC,49.10388,-122.63528,336410,3364,Aerospace product & parts mfg.,1,,Township of Langley,StatCan ODBus v1 (OGL)
01ccafe0565c7a614239,MERKLINGER ICEMAKING CO,Langley,Langley,BC,,,333310,3333,Commercial & service industry machinery mfg.,1,,Township of Langley,StatCan ODBus v1 (OGL)
1d9aa1114a7ae5ce3667,MINIMAL GLASS AND DOOR LTD,Langley,Langley,BC,49.09727,-122.47367,332321,3323,Metal window & door mfg.,1,,Township of Langley,StatCan ODBus v1 (OGL)
d9987b9fc0e611104c3c,MJ METAL PRODUCTS LTD,Langley,Langley,BC,49.18858,-122.66353,332710,3327,Machine shops,1,,Township of Langley,StatCan ODBus v1 (OGL)
e7b7b9a80f47447d60ec,MOLECTRO PLATING (2019) INC,Langley,Langley,BC,49.09716,-122.46982,332810,3328,"Coating, engraving, cold & heat treating act",1,,Township of Langley,StatCan ODBus v1 (OGL)
46fa9f9370db628f14a1,MORENO'S MARKET & DELI LTD,Langley,Langley,BC,49.13282,-122.66755,333310,3333,Commercial & service industry machinery mfg.,1,,Township of Langley,StatCan ODBus v1 (OGL)
c8b74456256057cd4c58,NATIONAL CONSTRUCTION SUPPLIES,Langley,Langley,BC,49.18880,-122.66288,332314,3323,Concrete reinforcing bar mfg.,1,,Township of Langley,StatCan ODBus v1 (OGL)
eae924b6bc7c4342d824,NORCAN FLUID POWER LTD,Langley,Langley,BC,49.17899,-122.67857,333990,3339,All other general-purpose machinery mfg.,1,,Township of Langley,StatCan ODBus v1 (OGL)
79082c3585609b3947b3,NORELCO INDUSTRIES LTD,Langley,Langley,BC,,,333120,3331,Construction machinery mfg.,0,,Township of Langley,StatCan ODBus v1 (OGL)
367cdbbded950ac6fd1e,NTL MANUFACTURING LTD,Langley,Langley,BC,49.09889,-122.46602,332710,3327,Machine shops,1,,Township of Langley,StatCan ODBus v1 (OGL)
ae20620e9020731c3c72,ORBIT MACHINE LTD,Langley,Langley,BC,49.06248,-122.49910,332720,3327,"Turned product & screw, nut & bolt mfg.",1,,Township of Langley,StatCan ODBus v1 (OGL)
3c64d5236f88730371ae,OTML INC,Langley,Langley,BC,49.13085,-122.67809,333413,3334,Fan & blower & air purification equip. mfg.,0,,Township of Langley,StatCan ODBus v1 (OGL)
6d3405f1bdcbff0ca277,PACIFIC BOLT MANUFACTURING LTD,Langley,Langley,BC,49.09716,-122.46982,333248,3332,All other industrial machinery mfg.,1,,Township of Langley,StatCan ODBus v1 (OGL)
70c2c46d4945da4acfac,PACIFIC ENCLOSURES LTD,Langley,Langley,BC,49.05838,-122.49757,332999,3329,All other misc. fabricated metal product mfg.,1,,Township of Langley,StatCan ODBus v1 (OGL)
08c27e35131b8dd5d6e2,PACIFIC HOSE AND FITTINGS,Langley,Langley,BC,49.10429,-122.48106,332910,3329,Metal valve mfg.,1,,Township of Langley,StatCan ODBus v1 (OGL)
b1a8acffc7f5d67d7f93,PACIFIC MAKO,Langley,Langley,BC,49.10149,-122.48262,332710,3327,Machine shops,1,,Township of Langley,StatCan ODBus v1 (OGL)
87aad8bca79bc2023a85,PAZMAC ENTERPRISES LTD,Langley,Langley,BC,49.10099,-122.48307,332710,3327,Machine shops,1,,Township of Langley,StatCan ODBus v1 (OGL)
3b0a057c2241f27786ac,PMS PAINTING LTD,Langley,Langley,BC,49.18875,-122.66087,332710,3327,Machine shops,1,,Township of Langley,StatCan ODBus v1 (OGL)
8fa388b14365ea92c740,PRECISION GRINDERS LTD,Langley,Langley,BC,49.10300,-122.48070,332710,3327,Machine shops,1,,Township of Langley,StatCan ODBus v1 (OGL)
6595355efb0a845cfe32,PRO-WEST REFRIGERATION LTD,Langley,Langley,BC,49.17659,-122.67277,333416,3334,Heating & commercial refrigeration equip. mfg.,0,,Township of Langley,StatCan ODBus v1 (OGL)
f48148d9f4fc1780d628,RAIMAC INDUSTRIES LTD,Langley,Langley,BC,49.17945,-122.67409,33392,3339,Material handling equipment mfg.,1,,Township of Langley,StatCan ODBus v1 (OGL)
6a52ce266b8ab116d762,RBE MOBILE TRAILER REPAIR,Langley,Langley,BC,49.05517,-122.67648,336212,3362,Truck trailer mfg.,0,,Township of Langley,StatCan ODBus v1 (OGL)
8f455fc814eb687957b3,REMTEK INDUSTRIES LTD,Langley,Langley,BC,49.06336,-122.49977,332319,3323,Other plate work & structural product mfg.,1,,Township of Langley,StatCan ODBus v1 (OGL)
3e398b422d7c4ece34b3,RIMEX SUPPLY LTD,Langley,Langley,BC,49.10836,-122.46499,336390,3363,Other motor vehicle parts mfg.,1,,Township of Langley,StatCan ODBus v1 (OGL)
f2dbe6a42d88739387d1,ROLLEE IND PROD (1987) LTD,Langley,Langley,BC,49.17899,-122.67561,332910,3329,Metal valve mfg.,1,,Township of Langley,StatCan ODBus v1 (OGL)
189aaa3673a6b50f5614,SELECT FLUID POWER (2014) LTD,Langley,Langley,BC,49.17899,-122.67857,333990,3339,All other general-purpose machinery mfg.,1,,Township of Langley,StatCan ODBus v1 (OGL)
695a6b06faec09d49316,SEPRO LABORATORIES INC,Langley,Langley,BC,49.18215,-122.66351,333130,3331,Mining & oil & gas field machinery mfg.,0,,Township of Langley,StatCan ODBus v1 (OGL)
4f27b631d2af5946f3bf,SEPRO MINERAL SYSTEMS CORPORATION,Langley,Langley,BC,49.18215,-122.66351,333130,3331,Mining & oil & gas field machinery mfg.,0,,Township of Langley,StatCan ODBus v1 (OGL)
dcf8c7b2e715ca39d00b,SHIFT ENERGY GROUP INC,Langley,Langley,BC,,,335920,3359,Communication & energy wire & cable mfg.,1,,Township of Langley,StatCan ODBus v1 (OGL)
102f522abaa4316a741c,SHOWTECH AVL,Langley,Langley,BC,,,334310,3343,Audio & video equipment mfg.,0,,Township of Langley,StatCan ODBus v1 (OGL)
e1a8cee40e4eb206cf5b,SICOM INDUSTRIES LTD,Langley,Langley,BC,49.09826,-122.46559,332710,3327,Machine shops,1,,Township of Langley,StatCan ODBus v1 (OGL)
316bd926a0c5d1891f4b,SIEG'S MANUFACTURING LTD,Langley,Langley,BC,49.11563,-122.65367,332710,3327,Machine shops,1,,Township of Langley,StatCan ODBus v1 (OGL)
b3f1870d4cb518355113,SIGNIFY CANADA LTD / SIGNIFY CANADA LTEE,Langley,Langley,BC,49.17011,-122.67560,335120,3351,Lighting fixture mfg.,0,,Township of Langley,StatCan ODBus v1 (OGL)
23c42c6cb2d74035b0f3,SILENT PARTNER SOFTWARE,Langley,Langley,BC,49.14913,-122.67170,334110,3341,Computer & peripheral equipment mfg.,0,,Township of Langley,StatCan ODBus v1 (OGL)
a2dc95941cd3f7b1bfa3,SIMALEX MANUFACTURING,Langley,Langley,BC,49.17963,-122.67905,331317,3313,"Alum. rolling, drawing, extruding & alloying",0,,Township of Langley,StatCan ODBus v1 (OGL)
a140d3ed1138dec484ee,SMITH CAMERON PUMP SOLUTIONS,Langley,Langley,BC,49.18139,-122.67305,333910,3339,Pump & compressor mfg.,1,,Township of Langley,StatCan ODBus v1 (OGL)
ce32a371d7b9a038bb53,SONIC STEEL LTD,Langley,Langley,BC,49.17869,-122.67306,331514,3315,Steel foundries,0,,Township of Langley,StatCan ODBus v1 (OGL)
3617d32f3bd6ca6af38a,SORENSON COMMUNICATIONS OF CANADA ULC,Langley,Langley,BC,49.15978,-122.66595,33429,3342,Other communications equipment mfg.,0,,Township of Langley,StatCan ODBus v1 (OGL)
cda931cd9932eccacd88,SOUNDBAR AUDIO VISUAL,Langley,Langley,BC,49.14161,-122.64505,334310,3343,Audio & video equipment mfg.,0,,Township of Langley,StatCan ODBus v1 (OGL)
fd987884c718f7bb3df2,SPEARS SALES AND SERVICE LTD,Langley,Langley,BC,49.17960,-122.67648,333910,3339,Pump & compressor mfg.,1,,Township of Langley,StatCan ODBus v1 (OGL)
0c7a14d491f460f3b5a6,SPEED METAL ALLOYS MANUFACTURING INC,Langley,Langley,BC,49.10301,-122.48122,331514,3315,Steel foundries,0,,Township of Langley,StatCan ODBus v1 (OGL)
300ae57415a266edd19c,STANDARD AERO LIMITED,Langley,Langley,BC,49.09751,-122.62651,336410,3364,Aerospace product & parts mfg.,1,,Township of Langley,StatCan ODBus v1 (OGL)
291625dcb792f8c94071,STOLZ MECHANICAL SYSTEMS SERVICE INC,Langley,Langley,BC,,,333416,3334,Heating & commercial refrigeration equip. mfg.,0,,Township of Langley,StatCan ODBus v1 (OGL)
749569e04aef177e5518,STRYKER BOATS,Langley,Langley,BC,49.02617,-122.49500,336612,3366,Boat building,1,,Township of Langley,StatCan ODBus v1 (OGL)
84614e96babbf8e9ae0d,SWIVELPOLE (CA) LTD,Langley,Langley,BC,49.10669,-122.46585,335120,3351,Lighting fixture mfg.,0,,Township of Langley,StatCan ODBus v1 (OGL)
8d157ee0aaf32f3af253,SYMMETRIC MACHINING LTD,Langley,Langley,BC,49.09740,-122.46836,333130,3331,Mining & oil & gas field machinery mfg.,0,,Township of Langley,StatCan ODBus v1 (OGL)
f512e155b2d2d202d048,TALIUS,Langley,Langley,BC,,,332321,3323,Metal window & door mfg.,1,,Township of Langley,StatCan ODBus v1 (OGL)
8fe15063367fb36bb2d2,TCS CNC MACHINING,Langley,Langley,BC,49.11599,-122.65367,332710,3327,Machine shops,1,,Township of Langley,StatCan ODBus v1 (OGL)
7726920fb887fbe09474,TERMINAL CITY MANUFACTURING LTD,Langley,Langley,BC,49.17502,-122.67286,331221,3312,Cold-rolled steel shape mfg.,0,,Township of Langley,StatCan ODBus v1 (OGL)
0bc0b08be09a7c833ce4,THINKL STUDIO LTD,Langley,Langley,BC,49.16065,-122.66594,335120,3351,Lighting fixture mfg.,0,,Township of Langley,StatCan ODBus v1 (OGL)
62cef398bd2c96d56bbf,TIDY TANKS LTD,Langley,Langley,BC,49.08718,-122.59772,331110,3311,Iron & steel mills & ferro-alloy mfg.,0,,Township of Langley,StatCan ODBus v1 (OGL)
d675de8ee2c5fd1df56e,TIME TO UPCYCLE,Langley,Langley,BC,49.08091,-122.64089,335210,3352,Small electrical appliance mfg.,0,,Township of Langley,StatCan ODBus v1 (OGL)
f1faf0d353e2fda051e0,TIMS TRAILER REPAIR LTD,Langley,Langley,BC,49.17043,-122.66561,336212,3362,Truck trailer mfg.,0,,Township of Langley,StatCan ODBus v1 (OGL)
0e40e2119843b2545e57,TINTSOURCE WINDOW FILM SOLUTIONS LTD,Langley,Langley,BC,49.16363,-122.62635,332321,3323,Metal window & door mfg.,1,,Township of Langley,StatCan ODBus v1 (OGL)
2d48994c537ad606db5a,UNIFIED ALLOYS,Langley,Langley,BC,49.10054,-122.48130,331210,3312,Iron & steel pipes & tubes mfg.,0,,Township of Langley,StatCan ODBus v1 (OGL)
99190d0969ae825e9479,UNION PUMPS,Langley,Langley,BC,49.06091,-122.50252,333910,3339,Pump & compressor mfg.,1,,Township of Langley,StatCan ODBus v1 (OGL)
dfd07f09f6ba603711b9,VELOX MANUFACTURING INC,Langley,Langley,BC,49.06109,-122.49915,333310,3333,Commercial & service industry machinery mfg.,1,,Township of Langley,StatCan ODBus v1 (OGL)
7bcebb7acc78fc0cb139,VERSAFORM CANADA CORP,Langley,Langley,BC,49.11575,-122.66358,332319,3323,Other plate work & structural product mfg.,1,,Township of Langley,StatCan ODBus v1 (OGL)
73907eb720b1a8aa7896,VICINITY MOTOR (BUS) CORP,Langley,Langley,BC,49.05921,-122.49730,336120,3361,Heavy-duty truck mfg.,0,,Township of Langley,StatCan ODBus v1 (OGL)
25159cf5a466dff3caab,VIESSMANN MFG CO INC,Langley,Langley,BC,49.11749,-122.65494,333416,3334,Heating & commercial refrigeration equip. mfg.,0,,Township of Langley,StatCan ODBus v1 (OGL)
a7b74a010ddadcfb4a46,VSP CONSULTING INC,Langley,Langley,BC,49.11564,-122.65724,335990,3359,All other electrical equip. & component mfg.,1,,Township of Langley,StatCan ODBus v1 (OGL)
52c10aac85b8bf4f796b,WCWT HOLDINGS INC,Langley,Langley,BC,49.18035,-122.67376,332311,3323,Prefabricated metal building & component mfg.,1,,Township of Langley,StatCan ODBus v1 (OGL)
884c75de11c2480c6dfa,WEST ARC WELDING & FABRICATION INC,Langley,Langley,BC,,,332311,3323,Prefabricated metal building & component mfg.,1,,Township of Langley,StatCan ODBus v1 (OGL)
4e68412293dd0856290d,WESTCAN INDUSTRIES LTD,Langley,Langley,BC,49.18139,-122.67305,333910,3339,Pump & compressor mfg.,1,,Township of Langley,StatCan ODBus v1 (OGL)
1e1f6590ace9d5374a46,XTREME EFFEX,Langley,Langley,BC,49.11602,-122.65107,332999,3329,All other misc. fabricated metal product mfg.,1,,Township of Langley,StatCan ODBus v1 (OGL)
e763e56aa1bebdeb2c36,XYLEM INC RESIDENTIAL & COMMERCIAL WATER,Langley,Langley,BC,49.11952,-122.65912,333910,3339,Pump & compressor mfg.,1,,Township of Langley,StatCan ODBus v1 (OGL)
0b8911d3af6484f7cf2f,1159825 BC LTD DBA RC MOBILE WELDING & FABRICATION,Nanaimo,Nanaimo,BC,49.16719,-123.97746,332,,Fabricated metal product manufacturing,0,,City of Nanaimo,StatCan ODBus v1 (OGL)
f181c737f7a671f881c1,ABSTRACT INDUSTRIES,Nanaimo,Nanaimo,BC,49.21502,-124.02019,333,,Machinery manufacturing,0,,City of Nanaimo,StatCan ODBus v1 (OGL)
1c9f1188fde24ef13f27,AQUA PACIFIC WIRE MESH & SUPPLY LTD,Nanaimo,Nanaimo,BC,49.19303,-123.97918,332,,Fabricated metal product manufacturing,0,,City of Nanaimo,StatCan ODBus v1 (OGL)
90eac5c1cf55cbd0154a,ATLANTIS KAYAKS INC,Nanaimo,Nanaimo,BC,,,336,,Transportation equipment manufacturing,0,,City of Nanaimo,StatCan ODBus v1 (OGL)
54633aca2263f83632c3,B & F MANUFACTURING LTD,Nanaimo,Nanaimo,BC,49.14163,-123.92889,333,,Machinery manufacturing,0,,City of Nanaimo,StatCan ODBus v1 (OGL)
23f6d6d95a0c3c5d7200,BC ROBOTICS INC,Nanaimo,Nanaimo,BC,49.18703,-123.99467,334,,Computer and electronic product manufacturing,0,,City of Nanaimo,StatCan ODBus v1 (OGL)
f10a8f0b7c9e38ea8814,BELZONA MOLECULAR (BC) LTD,Nanaimo,Nanaimo,BC,,,334,,Computer and electronic product manufacturing,0,,City of Nanaimo,StatCan ODBus v1 (OGL)
744bff143a8abf2f1136,BLACK ANVIL CUSTOM FABRICATION,Nanaimo,Nanaimo,BC,49.17978,-123.94747,332,,Fabricated metal product manufacturing,0,,City of Nanaimo,StatCan ODBus v1 (OGL)
60e1894ca389ccd98f02,BRAZEN INDUSTRIES LTD,Nanaimo,Nanaimo,BC,49.19336,-123.98488,332,,Fabricated metal product manufacturing,0,,City of Nanaimo,StatCan ODBus v1 (OGL)
9e2c71d5292d675f1812,BURWOOD'S ELECTRIC MOTOR SERVICE LTD,Nanaimo,Nanaimo,BC,49.14833,-123.93109,332,,Fabricated metal product manufacturing,0,,City of Nanaimo,StatCan ODBus v1 (OGL)
011ac9f123b94569365b,CALIFORNIA IMMOBILIZER CORP,Nanaimo,Nanaimo,BC,49.19308,-123.97842,332,,Fabricated metal product manufacturing,0,,City of Nanaimo,StatCan ODBus v1 (OGL)
99adfadfffba9b15e080,CANADIAN MARITIME ENGINEERING LTD,Nanaimo,Nanaimo,BC,,,336,,Transportation equipment manufacturing,0,,City of Nanaimo,StatCan ODBus v1 (OGL)
0937d6edd8f7ff1dd16a,COBRA CUSTOM FABRICATION LTD,Nanaimo,Nanaimo,BC,49.10573,-123.93134,332,,Fabricated metal product manufacturing,0,,City of Nanaimo,StatCan ODBus v1 (OGL)
e730f7c1e7e45aac7faf,EDDYFI ROBOTICS INC,Nanaimo,Nanaimo,BC,49.20230,-124.00858,334,,Computer and electronic product manufacturing,0,,City of Nanaimo,StatCan ODBus v1 (OGL)
a886c259e9b8731c1b72,EXPLOSIVE REALITY INTERACTIVE,Nanaimo,Nanaimo,BC,49.19632,-123.97079,3343,3343,Manufacturing,0,,City of Nanaimo,StatCan ODBus v1 (OGL)
6714628c4db143b181ef,FLINT MACHINE,Nanaimo,Nanaimo,BC,49.20368,-123.98060,332,,Fabricated metal product manufacturing,0,,City of Nanaimo,StatCan ODBus v1 (OGL)
8bbff5f975db60aed7fe,HARRIS REBAR A DIVISON OF HARRIS STEEL LIMITED,Nanaimo,Nanaimo,BC,49.14633,-123.88431,332,,Fabricated metal product manufacturing,0,,City of Nanaimo,StatCan ODBus v1 (OGL)
72e2908d7ea0a4627eb5,HEAD TEK MACHINING,Nanaimo,Nanaimo,BC,49.23098,-124.05394,332,,Fabricated metal product manufacturing,0,,City of Nanaimo,StatCan ODBus v1 (OGL)
dd7598b5d668df0b0700,HMR INDUSTRIES,Nanaimo,Nanaimo,BC,49.14917,-123.93993,332,,Fabricated metal product manufacturing,0,,City of Nanaimo,StatCan ODBus v1 (OGL)
d05c2c05f4ed6c6f8ac2,HOLDFAST METALWORKS LTD,Nanaimo,Nanaimo,BC,49.13528,-123.87149,332,,Fabricated metal product manufacturing,0,,City of Nanaimo,StatCan ODBus v1 (OGL)
e482bfc492929b1bd41e,HUB CITY SPRINGS & MACHINES LTD,Nanaimo,Nanaimo,BC,49.19479,-123.97915,332,,Fabricated metal product manufacturing,0,,City of Nanaimo,StatCan ODBus v1 (OGL)
3e75f8bdbe1799df5e0e,ISLAND D AUTOMOTIVE MACHINE,Nanaimo,Nanaimo,BC,49.19261,-123.97637,332,,Fabricated metal product manufacturing,0,,City of Nanaimo,StatCan ODBus v1 (OGL)
c16b8bf4c14ac8f8938f,K & S RAILINGS LTD,Nanaimo,Nanaimo,BC,49.15856,-123.93033,332,,Fabricated metal product manufacturing,0,,City of Nanaimo,StatCan ODBus v1 (OGL)
7e72f9fccc24f8833884,K2 STONE QUARRIES INC,Nanaimo,Nanaimo,BC,49.13908,-123.87701,333,,Machinery manufacturing,0,,City of Nanaimo,StatCan ODBus v1 (OGL)
8a217c52c6d7fecc7c6a,KJ CONTROLS LTD,Nanaimo,Nanaimo,BC,,,3353,3353,Manufacturing,1,,City of Nanaimo,StatCan ODBus v1 (OGL)
4da13f26a138d187176e,MATT MAUGHAN WELDING LTD,Nanaimo,Nanaimo,BC,49.12032,-123.92917,332,,Fabricated metal product manufacturing,0,,City of Nanaimo,StatCan ODBus v1 (OGL)
a653b455f47487c84fb9,MENZIES ROOFING CORPORATION / DBA MENZIES METAL PRODUCTS,Nanaimo,Nanaimo,BC,49.14093,-123.88037,332,,Fabricated metal product manufacturing,0,,City of Nanaimo,StatCan ODBus v1 (OGL)
6404f6117687ab9afda9,MID ISLAND TRAILER & HITCHES LTD,Nanaimo,Nanaimo,BC,49.20774,-124.02340,336,,Transportation equipment manufacturing,0,,City of Nanaimo,StatCan ODBus v1 (OGL)
d2f6799a345992fe2a87,MID-ISLAND PRECISION CUTTING,Nanaimo,Nanaimo,BC,49.17519,-124.00632,332,,Fabricated metal product manufacturing,0,,City of Nanaimo,StatCan ODBus v1 (OGL)
651870bb11ec3344b6d0,NANAIMO SHEET METAL LTD,Nanaimo,Nanaimo,BC,49.17999,-123.98091,332,,Fabricated metal product manufacturing,0,,City of Nanaimo,StatCan ODBus v1 (OGL)
8099445bd288879e7e57,PRECISION MACHINE,Nanaimo,Nanaimo,BC,49.20780,-124.02365,332,,Fabricated metal product manufacturing,0,,City of Nanaimo,StatCan ODBus v1 (OGL)
e89e53bb137c2534d68a,S & G QUARTZ AND GRANITE,Nanaimo,Nanaimo,BC,49.19240,-123.98932,333,,Machinery manufacturing,0,,City of Nanaimo,StatCan ODBus v1 (OGL)
779ba22970c9e5768659,SEAMOR MARINE LTD,Nanaimo,Nanaimo,BC,49.19225,-123.98337,334,,Computer and electronic product manufacturing,0,,City of Nanaimo,StatCan ODBus v1 (OGL)
b40dab772a809eb07f60,SEON DESIGN,Nanaimo,Nanaimo,BC,,,334,,Computer and electronic product manufacturing,0,,City of Nanaimo,StatCan ODBus v1 (OGL)
31a0b996c3bbbbb8c154,SPECTRE WELDING AND METAL WORKS,Nanaimo,Nanaimo,BC,49.24211,-124.03826,332,,Fabricated metal product manufacturing,0,,City of Nanaimo,StatCan ODBus v1 (OGL)
f84ad106ec8ac3255e39,TORCH WORKS TECHNOLOGIES,Nanaimo,Nanaimo,BC,49.18579,-123.95312,332,,Fabricated metal product manufacturing,0,,City of Nanaimo,StatCan ODBus v1 (OGL)
9eb01b01f4641178b928,UNLIMITED FABRICATION INC,Nanaimo,Nanaimo,BC,49.20317,-124.00394,332,,Fabricated metal product manufacturing,0,,City of Nanaimo,StatCan ODBus v1 (OGL)
3f0558c93677e00c060b,WEST COAST CHROME INC,Nanaimo,Nanaimo,BC,49.20783,-124.02394,332,,Fabricated metal product manufacturing,0,,City of Nanaimo,StatCan ODBus v1 (OGL)
47b408a67bec034ca893,WESTECK WINDOWS MFG INC,Nanaimo,Nanaimo,BC,49.20822,-124.03594,333,,Machinery manufacturing,0,,City of Nanaimo,StatCan ODBus v1 (OGL)
19aae13b0e52d1f049f0,ZAPCO WELDING AND FABRICATING LTD,Nanaimo,Nanaimo,BC,,,332,,Fabricated metal product manufacturing,0,,City of Nanaimo,StatCan ODBus v1 (OGL)
2c1a92492fc092f6ef86,ABILITY HEALTHCARE,New Westminster,New Westminster,BC,49.22375,-122.88464,3339,3339,Other general-purpose machinery manufacturing,1,,City of New Westminster,StatCan ODBus v1 (OGL)
2a41104a86e3c1bd48c0,ASSURED SECURITY BARS LTD,New Westminster,New Westminster,BC,49.22575,-122.88597,334,,Computer and electronic product manufacturing,0,,City of New Westminster,StatCan ODBus v1 (OGL)
af3ed6e3e53971be274a,BARTON INDUSTRIES INC,New Westminster,New Westminster,BC,49.22899,-122.88802,333,,Machinery manufacturing,0,,City of New Westminster,StatCan ODBus v1 (OGL)
04503e748d5a2aa1b83a,BUSTIN METAL & STONE WORKS,New Westminster,New Westminster,BC,49.22909,-122.88598,3335,3335,Metalworking machinery manufacturing,0,,City of New Westminster,StatCan ODBus v1 (OGL)
94686c7801d3b014b6ef,CANNON MANUFACTURING LTD,New Westminster,New Westminster,BC,49.20233,-122.92739,333,,Machinery manufacturing,0,,City of New Westminster,StatCan ODBus v1 (OGL)
00defc7c278380aba1f5,CLM MACHINING LTD,New Westminster,New Westminster,BC,49.22669,-122.88476,333,,Machinery manufacturing,0,,City of New Westminster,StatCan ODBus v1 (OGL)
a50ec8c0d6f39200b7bc,EXPRESS ALUMINUM RAILING INC,New Westminster,New Westminster,BC,49.19055,-122.94536,332,,Fabricated metal product manufacturing,0,,City of New Westminster,StatCan ODBus v1 (OGL)
971d14ba1810b91553f3,FJORD EQUIPMENT LTD,New Westminster,New Westminster,BC,49.20326,-122.92689,332,,Fabricated metal product manufacturing,0,,City of New Westminster,StatCan ODBus v1 (OGL)
ddbac6627cbf02186313,GENIUS WELDING & FABRICATION LTD,New Westminster,New Westminster,BC,49.20381,-122.94820,332,,Fabricated metal product manufacturing,0,,City of New Westminster,StatCan ODBus v1 (OGL)
ec70b8be19db04d529cb,J.P. HARDING CONSTRUCTION LTD,New Westminster,New Westminster,BC,49.19307,-122.93377,3331,3331,"Agricultural, construction and mining machinery manufacturing",0,,City of New Westminster,StatCan ODBus v1 (OGL)
8fa023d008311df0f2aa,LAMBO KITTING,New Westminster,New Westminster,BC,49.22575,-122.88597,334,,Computer and electronic product manufacturing,0,,City of New Westminster,StatCan ODBus v1 (OGL)
a2d434a6828d36d3ffec,LASZLO CUSTOM METAL,New Westminster,New Westminster,BC,49.22575,-122.88597,331,,Primary metal manufacturing,0,,City of New Westminster,StatCan ODBus v1 (OGL)
65eb7dc6999718b0495c,PACIFIC TRUCK MANUFACTURING INC,New Westminster,New Westminster,BC,49.22699,-122.88381,332,,Fabricated metal product manufacturing,0,,City of New Westminster,StatCan ODBus v1 (OGL)
5440f522db9bd0e1f572,QUEENSBORO TRAPS LTD,New Westminster,New Westminster,BC,49.18181,-122.94292,332,,Fabricated metal product manufacturing,0,,City of New Westminster,StatCan ODBus v1 (OGL)
ba542d7275e09e90c3aa,STANDARD ALUMINUM PRODUCTS INC,New Westminster,New Westminster,BC,49.22429,-122.88697,332,,Fabricated metal product manufacturing,0,,City of New Westminster,StatCan ODBus v1 (OGL)
29c7eec56fcc258b447b,STEVETIN ENTERPRISES INC,New Westminster,New Westminster,BC,49.22919,-122.87826,333,,Machinery manufacturing,0,,City of New Westminster,StatCan ODBus v1 (OGL)
62e2870c030d66c5dc33,TOJA BUS ACCESSORIES INC,New Westminster,New Westminster,BC,49.23154,-122.87893,336,,Transportation equipment manufacturing,0,,City of New Westminster,StatCan ODBus v1 (OGL)
67ff883841b2d5c86b93,TRI-TECH MACHINE LTD.,New Westminster,New Westminster,BC,49.22447,-122.88567,332,,Fabricated metal product manufacturing,0,,City of New Westminster,StatCan ODBus v1 (OGL)
344df3638b229e813517,TRUE LINK MECHANICAL LTD,New Westminster,New Westminster,BC,49.22575,-122.88597,332,,Fabricated metal product manufacturing,0,,City of New Westminster,StatCan ODBus v1 (OGL)
2198c418c08c8f1605c3,TRUXXX DISTRIBUTION LTD,New Westminster,New Westminster,BC,49.20199,-122.91453,333,,Machinery manufacturing,0,,City of New Westminster,StatCan ODBus v1 (OGL)
0c9848bf9c9b5dbc7bd4,WESTCOAST CYLINDERS INC.,New Westminster,New Westminster,BC,49.22407,-122.88771,336,,Transportation equipment manufacturing,0,,City of New Westminster,StatCan ODBus v1 (OGL)
9acdc4616503d6d28b0b,AAC AMPHIBIAN AIRPLANES OF CANADA LTD.,Squamish,Squamish,BC,49.71626,-123.14990,336410,3364,Aerospace Product And Parts Manufacturing,1,,City of Squamish,StatCan ODBus v1 (OGL)
edcee7502aa463886a1c,ALPINE CONCEPTS LTD. MUNSTER INNOVATIONS INC DBA MUNSTER CANADA,Squamish,Squamish,BC,49.71907,-123.14891,332710,3327,Machine Shops,1,,City of Squamish,StatCan ODBus v1 (OGL)
f5c24d8e373174a8e635,CARSON CUSTOM MANUFACTURING LTD,Squamish,Squamish,BC,49.70246,-123.14522,332710,3327,Machine Shops,1,,City of Squamish,StatCan ODBus v1 (OGL)
d85d53887600edfe29c6,COMBUSTION SOLUTIONS INC,Squamish,Squamish,BC,49.73793,-123.13923,332410,3324,Power Boiler And Heat Exchanger Manufacturing,0,,City of Squamish,StatCan ODBus v1 (OGL)
76433809c394247e94a7,DIXON NETWORKS CORPORATION,Squamish,Squamish,BC,,,33592,3359,Communication And Energy Wire And Cable Manufacturing,1,,City of Squamish,StatCan ODBus v1 (OGL)
9d6b9eaa1c5f2f921cd7,ECHOFLEX SOLUTIONS INC.,Squamish,Squamish,BC,49.71641,-123.15590,335315,3353,"Switchgear And Switchboard, And Relay And Industrial Control Apparatus Manufacturing",1,,City of Squamish,StatCan ODBus v1 (OGL)
a6b28a857a08419e963f,FFW RESOURCES LTD DBA PARADISE FABRICATING,Squamish,Squamish,BC,49.73978,-123.13631,331110,3311,Iron And Steel Mills And Ferro-Alloy Manufacturing,0,,City of Squamish,StatCan ODBus v1 (OGL)
1b81623b22a9bd47f3a3,GARAGE 31 MECHANIC SERVICES LIMITED,Squamish,Squamish,BC,,,33699,3369,Other Transportation Equipment Manufacturing,1,,City of Squamish,StatCan ODBus v1 (OGL)
a2121f6a29213cf15032,GARAVENTA (CANADA) LTD. GARVENTA (CANADA) LTD.,Squamish,Squamish,BC,,,333920,3339,Material Handling Equipment Manufacturing,1,,City of Squamish,StatCan ODBus v1 (OGL)
c21c12b23fb788629e34,HADLEY CONSTRUCTION HADLEY CONSTRUCTION LTD DBA HADLEY CONSTRUCTION,Squamish,Squamish,BC,,,332329,3323,Other Ornamental And Architectural Metal Product Manufacturing,1,,City of Squamish,StatCan ODBus v1 (OGL)
ea606688843ad18a7ffe,KONE INC.,Squamish,Squamish,BC,,,333920,3339,Material Handling Equipment Manufacturing,1,,City of Squamish,StatCan ODBus v1 (OGL)
a521a204d6cf372415c7,LONESTAR VACUUM INC,Squamish,Squamish,BC,,,33521,3352,Small Electrical Appliance Manufacturing,0,,City of Squamish,StatCan ODBus v1 (OGL)
9223b560fc0e85dd40d9,NEWTOP SHEET METAL LTD.,Squamish,Squamish,BC,,,33232,3323,Ornamental And Architectural Metal Product Manufacturing,1,,City of Squamish,StatCan ODBus v1 (OGL)
20e0be1f276a51f5310f,OFF GRID CUSTOMS LTD.,Squamish,Squamish,BC,49.72344,-123.15646,33621,3362,Motor Vehicle Body And Trailer Manufacturing,0,,City of Squamish,StatCan ODBus v1 (OGL)
8a84edbdec12a401566a,ONEUP COMPONENTS,Squamish,Squamish,BC,49.73390,-123.11364,336990,3369,Other Transportation Equipment Manufacturing,1,,City of Squamish,StatCan ODBus v1 (OGL)
594c03f74a013504a37f,ONEUP COMPONENTS ONE UP COMPONENTS,Squamish,Squamish,BC,49.71963,-123.15002,336990,3369,Other Transportation Equipment Manufacturing,1,,City of Squamish,StatCan ODBus v1 (OGL)
5439d5d16e4c6d387dd7,OTIS CANADA INC.,Squamish,Squamish,BC,,,33392,3339,Material Handling Equipment Manufacturing,1,,City of Squamish,StatCan ODBus v1 (OGL)
7cf6a2337d52ceefe948,POLAD DEVELOP INC.,Squamish,Squamish,BC,49.72344,-123.15646,332999,3329,All Other Miscellaneous Fabricated Metal Product Manufacturing,1,,City of Squamish,StatCan ODBus v1 (OGL)
80fb982cc3e6643a757f,QUANTUM TECHNOLOGY CORPORATION,Squamish,Squamish,BC,49.71868,-123.14982,33324,3332,Industrial Machinery Manufacturing,1,,City of Squamish,StatCan ODBus v1 (OGL)
2bf513343332b42196b5,RICHMOND ELEVATOR,Squamish,Squamish,BC,,,333920,3339,Material Handling Equipment Manufacturing,1,,City of Squamish,StatCan ODBus v1 (OGL)
4cfbf80bb8d0b4c9907c,RIDGEWAY ALUMINUM LTD,Squamish,Squamish,BC,,,3323,3323,Architectural And Structural Metals Manufacturing,1,,City of Squamish,StatCan ODBus v1 (OGL)
9c6a79c065ba014d8f78,ROTOLIPTIC TECHNOLOGIES,Squamish,Squamish,BC,49.72385,-123.15404,333910,3339,Pump And Compressor Manufacturing,1,,City of Squamish,StatCan ODBus v1 (OGL)
2c36b2ca9a7b5caefca1,ROTOLIPTIC TECHNOLOGIES INC.,Squamish,Squamish,BC,49.71971,-123.15012,333910,3339,Pump And Compressor Manufacturing,1,,City of Squamish,StatCan ODBus v1 (OGL)
28d5ee56131436d73cfc,SMART GARAGE DOOR LTD.,Squamish,Squamish,BC,,,332321,3323,Metal Window And Door Manufacturing,1,,City of Squamish,StatCan ODBus v1 (OGL)
25714d1320f982d98ba8,SPAWN CYCLES,Squamish,Squamish,BC,49.72385,-123.15404,336990,3369,Other Transportation Equipment Manufacturing,1,,City of Squamish,StatCan ODBus v1 (OGL)
47412d66ee3c4c37bcff,SQUAMISH VALLEY DESIGN & FABRICATION,Squamish,Squamish,BC,49.69711,-123.14480,332329,3323,Other Ornamental And Architectural Metal Product Manufacturing,1,,City of Squamish,StatCan ODBus v1 (OGL)
d9aeac5d975f522fe0ac,STOKED ADVENTURE OUTFITTERS LAURENT NOGUES DBA STOKED ADVENTURE OUTFITTERS,Squamish,Squamish,BC,49.73978,-123.13631,336390,3363,Other Motor Vehicle Parts Manufacturing,1,,City of Squamish,StatCan ODBus v1 (OGL)
bd7ad13fd41d78f6b805,THE ELECTRIC BLACKSMITH LTD.,Squamish,Squamish,BC,49.72344,-123.15646,33399,3339,All Other General-Purpose Machinery Manufacturing,1,,City of Squamish,StatCan ODBus v1 (OGL)
66c967d11f1b18fe590a,COASTAL MOUNTAIN FUELS,Langley,Surrey,BC,49.16867,-122.67870,336390,3363,Other motor vehicle parts mfg.,1,,Township of Langley,StatCan ODBus v1 (OGL)
dc45cec709443ea724f6,MEGATECH ENGINEERING LTD,Langley,Surrey,BC,49.17778,-122.67891,332710,3327,Machine shops,1,,Township of Langley,StatCan ODBus v1 (OGL)
6ceb05b4eaf183f332d7,Ajax Tocco Magnethermic Canada,Ajax,Ajax,ON,43.84911,-79.03348,333416,3334,Heating equipment and commercial refrigeration equipment manufacturing,0,,Regional Municipality of Durham,StatCan ODBus v1 (OGL)
c7c2e99cd56dce634462,Ashmoor Machining and Tooling,Ajax,Ajax,ON,43.83433,-79.02446,332710,3327,Machine shops,1,,Regional Municipality of Durham,StatCan ODBus v1 (OGL)
8e1848c6489b48e9913a,Atlantic Heat Treating 2001 Ltd.,Ajax,Ajax,ON,43.84553,-79.03523,332810,3328,"Coating, engraving, cold and heat treating and allied activities",1,,Regional Municipality of Durham,StatCan ODBus v1 (OGL)
9a9b2266c6c7a9723e2d,ATX,Ajax,Ajax,ON,43.83048,-79.03527,334310,3343,Audio and video equipment manufacturing,0,,Regional Municipality of Durham,StatCan ODBus v1 (OGL)
925701339bba00dc417a,Audet Design And Fabrication,Ajax,Ajax,ON,43.83050,-79.03399,332999,3329,All other miscellaneous fabricated metal product manufacturing,1,,Regional Municipality of Durham,StatCan ODBus v1 (OGL)
584647cb58bdeac02c76,Autodyne Machinery Inc.,Ajax,Ajax,ON,43.86961,-79.02339,333248,3332,All other industrial machinery manufacturing,1,,Regional Municipality of Durham,StatCan ODBus v1 (OGL)
2756f2942149262ab631,Bayview Metals,Ajax,Ajax,ON,43.83270,-79.02124,332329,3323,Other ornamental and architectural metal product manufacturing,1,,Regional Municipality of Durham,StatCan ODBus v1 (OGL)
857e1f4640456f144579,Bayview Metals,Ajax,Ajax,ON,43.83013,-79.02665,331221,3312,Cold-rolled steel shape manufacturing,0,,Regional Municipality of Durham,StatCan ODBus v1 (OGL)
4209fcda708e5aa41277,Besnovo Inc.,Ajax,Ajax,ON,43.82901,-79.02753,336410,3364,Aerospace product and parts manufacturing,1,,Regional Municipality of Durham,StatCan ODBus v1 (OGL)
8acd616a56dc8ddd5407,Bimmian,Ajax,Ajax,ON,43.84054,-79.02655,336390,3363,Other motor vehicle parts manufacturing,1,,Regional Municipality of Durham,StatCan ODBus v1 (OGL)
a431bd008b4a89c0c0c5,Classic Fireplace and BBQ store,Ajax,Ajax,ON,43.85471,-79.05586,335122,3351,"Commercial, Industrial, and Institutional Electric Lighting Fixture Manufacturing",0,,Regional Municipality of Durham,StatCan ODBus v1 (OGL)
a8105610acac967e77fe,Comfortech Mechanical,Ajax,Ajax,ON,43.83437,-79.03236,335312,3353,Motor and generator manufacturing,1,,Regional Municipality of Durham,StatCan ODBus v1 (OGL)
d40e77be76d518853705,CRSC,Ajax,Ajax,ON,43.85937,-79.01077,334110,3341,Computer and peripheral equipment manufacturing,0,,Regional Municipality of Durham,StatCan ODBus v1 (OGL)
7c3dc1c1f4ff5eecaea0,Decor Grates Inc,Ajax,Ajax,ON,43.83123,-79.02815,332329,3323,Other ornamental and architectural metal product manufacturing,1,,Regional Municipality of Durham,StatCan ODBus v1 (OGL)
be122fdc7ec27d460711,Die-Max Manufacturing,Ajax,Ajax,ON,43.83124,-79.02244,332210,3322,Cutlery and hand tool manufacturing,0,,Regional Municipality of Durham,StatCan ODBus v1 (OGL)
36d749c212872451976c,Die-Max Tool & Die Ltd.,Ajax,Ajax,ON,43.83037,-79.02525,333519,3335,Other metalworking machinery manufacturing,0,,Regional Municipality of Durham,StatCan ODBus v1 (OGL)
89cd6e940a71e4acd34a,E.J. Industries Ltd.,Ajax,Ajax,ON,43.83142,-79.02720,332710,3327,Machine shops,1,,Regional Municipality of Durham,StatCan ODBus v1 (OGL)
e4642a6fdb8e4bde4603,East Penn Canada,Ajax,Ajax,ON,43.86784,-79.02410,336390,3363,Other motor vehicle parts manufacturing,1,,Regional Municipality of Durham,StatCan ODBus v1 (OGL)
68cfdd0d9b526cdc2d39,Elite Food Equipment & Custom Stainless,Ajax,Ajax,ON,43.83379,-79.03213,333310,3333,Commercial and service industry machinery manufacturing,1,,Regional Municipality of Durham,StatCan ODBus v1 (OGL)
c2795e45c64da549eecb,Ganawa Company Ltd.,Ajax,Ajax,ON,43.84560,-79.03487,331110,3311,Iron and steel mills and ferro-alloy manufacturing,0,,Regional Municipality of Durham,StatCan ODBus v1 (OGL)
c287faf16c944f95a006,Gantrex,Ajax,Ajax,ON,43.83244,-79.02248,333120,3331,Construction machinery manufacturing,0,,Regional Municipality of Durham,StatCan ODBus v1 (OGL)
d44793f2a8286cc1a982,Grant Aggregate & Industrial Supply Inc.,Ajax,Ajax,ON,43.82975,-79.02860,333120,3331,Construction machinery manufacturing,0,,Regional Municipality of Durham,StatCan ODBus v1 (OGL)
6a34424d449b4b3170ec,Heat Seal Equipment Ltd.,Ajax,Ajax,ON,43.83050,-79.03399,333310,3333,Commercial and service industry machinery manufacturing,1,,Regional Municipality of Durham,StatCan ODBus v1 (OGL)
4c2a880d0155b21a69d5,JD Conveyors,Ajax,Ajax,ON,43.83473,-79.03126,333111,3331,Farm Machinery and Equipment Manufacturing,0,,Regional Municipality of Durham,StatCan ODBus v1 (OGL)
ca25a8958731d71d89a5,Kartworld Go Carts,Ajax,Ajax,ON,43.84634,-79.03448,336990,3369,Other transportation equipment manufacturing,1,,Regional Municipality of Durham,StatCan ODBus v1 (OGL)
e0f6a793cebf005366a1,Ko-Tek Manufacturing,Ajax,Ajax,ON,43.83013,-79.02665,332329,3323,Other ornamental and architectural metal product manufacturing,1,,Regional Municipality of Durham,StatCan ODBus v1 (OGL)
ace974376cb018cb37fd,Manalco Contracting Ltd.,Ajax,Ajax,ON,43.84499,-79.02915,332329,3323,Other ornamental and architectural metal product manufacturing,1,,Regional Municipality of Durham,StatCan ODBus v1 (OGL)
862d5e4394b5627d799d,Martinrea Auto Systems Ajax,Ajax,Ajax,ON,43.83243,-79.02826,336350,3363,Motor vehicle transmission and power train parts manufacturing,1,,Regional Municipality of Durham,StatCan ODBus v1 (OGL)
43e81c599c91f8e17114,Nelson's Custom Welding,Ajax,Ajax,ON,43.83200,-79.02594,332999,3329,All other miscellaneous fabricated metal product manufacturing,1,,Regional Municipality of Durham,StatCan ODBus v1 (OGL)
b28f3b522cc1bc49d3bb,Nu Flow Technologies (2000) Inc.,Ajax,Ajax,ON,43.84613,-79.03541,332999,3329,All other miscellaneous fabricated metal product manufacturing,1,,Regional Municipality of Durham,StatCan ODBus v1 (OGL)
88313b3cef99c5f0e1ca,NY-Mold,Ajax,Ajax,ON,43.83379,-79.03213,332999,3329,All other miscellaneous fabricated metal product manufacturing,1,,Regional Municipality of Durham,StatCan ODBus v1 (OGL)
614e9d39824d85984b99,Ozimek Industries Inc.,Ajax,Ajax,ON,43.84843,-79.03225,332710,3327,Machine shops,1,,Regional Municipality of Durham,StatCan ODBus v1 (OGL)
8928392aafed5169b2ab,Premium Stairs & Railings Inc.,Ajax,Ajax,ON,43.84614,-79.03275,332323,3323,Ornamental and Architectural Metal Work Manufacturing,1,,Regional Municipality of Durham,StatCan ODBus v1 (OGL)
b7035f544e2216245d1d,Primary Power Designs Inc.,Ajax,Ajax,ON,43.84499,-79.02915,335311,3353,"Power, distribution and specialty transformers manufacturing",1,,Regional Municipality of Durham,StatCan ODBus v1 (OGL)
1f0c8e4a171588a07d82,Redwing Tackle,Ajax,Ajax,ON,43.85012,-79.02518,332510,3325,Hardware manufacturing,0,,Regional Municipality of Durham,StatCan ODBus v1 (OGL)
d28a3209413bde189177,Smart Die & Design Inc.,Ajax,Ajax,ON,43.83510,-79.02343,332999,3329,All other miscellaneous fabricated metal product manufacturing,1,,Regional Municipality of Durham,StatCan ODBus v1 (OGL)
ab250a785a132b02cf75,Tri-went Industries,Ajax,Ajax,ON,43.85937,-79.01077,332999,3329,All other miscellaneous fabricated metal product manufacturing,1,,Regional Municipality of Durham,StatCan ODBus v1 (OGL)
3182e72f6dd81d604608,Unistrut Canada Ltd.,Ajax,Ajax,ON,43.83476,-79.02712,332312,3323,Fabricated Structural Metal Manufacturing,1,,Regional Municipality of Durham,StatCan ODBus v1 (OGL)
cfd4d31a941bcbc6909f,Universal Can Company Ltd.,Ajax,Ajax,ON,43.83456,-79.02378,332431,3324,Metal can manufacturing,0,,Regional Municipality of Durham,StatCan ODBus v1 (OGL)
ce80fe0497aca7fa8704,Zakron Industries Inc.,Ajax,Ajax,ON,43.84608,-79.03251,332999,3329,All other miscellaneous fabricated metal product manufacturing,1,,Regional Municipality of Durham,StatCan ODBus v1 (OGL)
a489b28ca516d3002302,ALLOY FUSION INC.,Aurora,Aurora,ON,,,33271,3327,Machine shops,1,10-19,Regional Municipality of York,StatCan ODBus v1 (OGL)
f48da7f4e7291e52e7a4,ALMAC INDUSTRIAL SYSTEMS,Aurora,Aurora,ON,,,33392,3339,Material handling equipment manufacturing,1,20-49,Regional Municipality of York,StatCan ODBus v1 (OGL)
bf27b51be95b0564609f,ALUTRON MODULES LTD.,Aurora,Aurora,ON,,,33531,3353,Electrical equipment manufacturing,1,10-19,Regional Municipality of York,StatCan ODBus v1 (OGL)
821d192e3ef6743e6d09,ANDY PRECISE MACHINES,Aurora,Aurora,ON,,,33271,3327,Machine shops,1,1-4,Regional Municipality of York,StatCan ODBus v1 (OGL)
8d6a3046ac95fd466855,AURORA SCIENTIFIC INC.,Aurora,Aurora,ON,,,33451,3345,"Navigational, measuring, medical and control instruments manufacturing",1,10-19,Regional Municipality of York,StatCan ODBus v1 (OGL)
ca99e318b57653e0c706,AXIOM GROUP,Aurora,Aurora,ON,,,33639,3363,Other motor vehicle parts manufacturing,1,100-499,Regional Municipality of York,StatCan ODBus v1 (OGL)
4c19fc7efad0e6203b96,BLOWER ENGINEERING,Aurora,Aurora,ON,,,33341,3334,"Ventilation, heating, air-conditioning and commercial refrigeration equipment manufacturing",0,10-19,Regional Municipality of York,StatCan ODBus v1 (OGL)
2d97dd23ed2a54f90c53,BUNN-O-MATIC CORPORATION OF CANADA LTD.,Aurora,Aurora,ON,,,33331,3333,Commercial and service industry machinery manufacturing,1,100-499,Regional Municipality of York,StatCan ODBus v1 (OGL)
e1f0babb60f5e61973cc,CAM PACKAGING SYSTEMS,Aurora,Aurora,ON,,,33324,3332,Industrial machinery manufacturing,1,10-19,Regional Municipality of York,StatCan ODBus v1 (OGL)
f91c4521980fd9fabd38,CANALE IRON INC.,Aurora,Aurora,ON,,,33232,3323,Ornamental and architectural metal product manufacturing,1,1-4,Regional Municipality of York,StatCan ODBus v1 (OGL)
3932446cc0a12d7f0499,CARRIS ROTATIONAL MOULDERS INC.,Aurora,Aurora,ON,,,33324,3332,Industrial machinery manufacturing,1,5-9,Regional Municipality of York,StatCan ODBus v1 (OGL)
d3d053204c30075e5d8a,ELMRIDGE ENGINEERING INC.,Aurora,Aurora,ON,,,33391,3339,Pump and compressor manufacturing,1,20-49,Regional Municipality of York,StatCan ODBus v1 (OGL)
b21c305a8b2116de66a8,EMERGENCY RESPONSE MECHANICAL,Aurora,Aurora,ON,,,33299,3329,All other fabricated metal product manufacturing,1,1-4,Regional Municipality of York,StatCan ODBus v1 (OGL)
662f7ee54a400726384f,ENERTECH INDUSTRIES,Aurora,Aurora,ON,,,33632,3363,Motor vehicle electrical and electronic equipment manufacturing,1,10-19,Regional Municipality of York,StatCan ODBus v1 (OGL)
a486b1a3841f5a48756e,FIVE STAR MANUFACTURING,Aurora,Aurora,ON,,,33637,3363,Motor vehicle metal stamping,1,20-49,Regional Municipality of York,StatCan ODBus v1 (OGL)
83e7a9c1f50ea779fb7f,FRED'S CUSTOM SHEET METAL,Aurora,Aurora,ON,,,33232,3323,Ornamental and architectural metal product manufacturing,1,1-4,Regional Municipality of York,StatCan ODBus v1 (OGL)
4bc286b39bb602da9f58,GAMMA MACHINERY,Aurora,Aurora,ON,,,33324,3332,Industrial machinery manufacturing,1,20-49,Regional Municipality of York,StatCan ODBus v1 (OGL)
63cad56b5b79f8665e34,GCS MACHINING LTD.,Aurora,Aurora,ON,,,33331,3333,Commercial and service industry machinery manufacturing,1,1-4,Regional Municipality of York,StatCan ODBus v1 (OGL)
cbc742534c779a46b150,GENERAL CONVEYOR INC.,Aurora,Aurora,ON,,,33392,3339,Material handling equipment manufacturing,1,20-49,Regional Municipality of York,StatCan ODBus v1 (OGL)
753e9a424a55ef3a348b,GEOTECH,Aurora,Aurora,ON,,,33451,3345,"Navigational, measuring, medical and control instruments manufacturing",1,10-19,Regional Municipality of York,StatCan ODBus v1 (OGL)
0ec47c483e6126ea3fcb,GGI ROAD & TRAFFIC,Aurora,Aurora,ON,,,33429,3342,Other communications equipment manufacturing,0,5-9,Regional Municipality of York,StatCan ODBus v1 (OGL)
5cc4c996f58cbd20bf08,INNOVATIVE HYDROGEN SOLUTIONS,Aurora,Aurora,ON,,,33531,3353,Electrical equipment manufacturing,1,20-49,Regional Municipality of York,StatCan ODBus v1 (OGL)
8ef79add18cb125261db,INTEX TOOLING TECHNOLOGIES,Aurora,Aurora,ON,,,33324,3332,Industrial machinery manufacturing,1,20-49,Regional Municipality of York,StatCan ODBus v1 (OGL)
9dceca3514d398c843d0,IRON MASTER DECOR INC.,Aurora,Aurora,ON,,,33232,3323,Ornamental and architectural metal product manufacturing,1,5-9,Regional Municipality of York,StatCan ODBus v1 (OGL)
4482f742f6e319933251,J.K. PACKAGING AND CONVEYORS,Aurora,Aurora,ON,,,33392,3339,Material handling equipment manufacturing,1,1-4,Regional Municipality of York,StatCan ODBus v1 (OGL)
601a1c9875323f877042,K.P. BRONZE CO LTD.,Aurora,Aurora,ON,,,33152,3315,Non-ferrous metal foundries,0,20-49,Regional Municipality of York,StatCan ODBus v1 (OGL)
6d8712ce7acce9ee917f,KIRCHHOFF AUTOMOTIVE,Aurora,Aurora,ON,,,33639,3363,Other motor vehicle parts manufacturing,1,500+,Regional Municipality of York,StatCan ODBus v1 (OGL)
7d21325ca17b205c5c6e,LKM PARTS MANUFACTURING LTD.,Aurora,Aurora,ON,,,33271,3327,Machine shops,1,10-19,Regional Municipality of York,StatCan ODBus v1 (OGL)
9b86283b9531f2dbc29c,LOUISVILLE LADDER COMPANY,Aurora,Aurora,ON,,,33299,3329,All other fabricated metal product manufacturing,1,100-499,Regional Municipality of York,StatCan ODBus v1 (OGL)
26d402c3d153b7618deb,LSI CONTROL SYSTEMS INTEGRATION CANADA ULC,Aurora,Aurora,ON,,,33531,3353,Electrical equipment manufacturing,1,5-9,Regional Municipality of York,StatCan ODBus v1 (OGL)
538428e52a4ce82bc112,MAGNA INTERNATIONAL,Aurora,Aurora,ON,,,33635,3363,Motor vehicle transmission and power train parts manufacturing,1,100-499,Regional Municipality of York,StatCan ODBus v1 (OGL)
6f6547c85d4803d182fa,MCLAREN DOORS,Aurora,Aurora,ON,,,33632,3363,Motor vehicle electrical and electronic equipment manufacturing,1,1-4,Regional Municipality of York,StatCan ODBus v1 (OGL)
82c6c39b14860b3f5648,MODERN RAILINGS & METALCRAFT LTD.,Aurora,Aurora,ON,,,33232,3323,Ornamental and architectural metal product manufacturing,1,20-49,Regional Municipality of York,StatCan ODBus v1 (OGL)
c442c636185faa898e79,NEOTEC WATER TREATMENT,Aurora,Aurora,ON,,,33331,3333,Commercial and service industry machinery manufacturing,1,5-9,Regional Municipality of York,StatCan ODBus v1 (OGL)
98eea70a931de8431dd1,"NORTH YORK HEATING, PLUMBING & ELECTRICAL SUPPLIES LTD.",Aurora,Aurora,ON,,,33211,3321,"Plumbing, heating and air-conditioning equipment and supplies merchant wholesalers",1,5-9,Regional Municipality of York,StatCan ODBus v1 (OGL)
f9f66cfc2858d7489eed,PERMABOSS,Aurora,Aurora,ON,,,33324,3332,Industrial machinery manufacturing,1,1-4,Regional Municipality of York,StatCan ODBus v1 (OGL)
26a26b4c5baae9c08acd,PINNACLE TOOL WORKS INC.,Aurora,Aurora,ON,,,33351,3335,Metalworking machinery manufacturing,0,20-49,Regional Municipality of York,StatCan ODBus v1 (OGL)
0e05e5e1bceb70b24400,PK HIGH PRECISION INC.,Aurora,Aurora,ON,,,33272,3327,"Turned product and screw, nut and bolt manufacturing",1,,Regional Municipality of York,StatCan ODBus v1 (OGL)
13283fc20944d2710306,SIGMA EIGHT INC,Aurora,Aurora,ON,,,33451,3345,"Navigational, measuring, medical and control instruments manufacturing",1,5-9,Regional Municipality of York,StatCan ODBus v1 (OGL)
c8565542a4b0cb64bd7b,SINCLAIR TECHNOLOGIES INC.,Aurora,Aurora,ON,,,33422,3342,Radio and television broadcasting and wireless communications equipment manufacturing,0,100-499,Regional Municipality of York,StatCan ODBus v1 (OGL)
61dec43c696213751bab,SMOOTH TALKER,Aurora,Aurora,ON,,,33422,3342,Radio and television broadcasting and wireless communications equipment manufacturing,0,10-19,Regional Municipality of York,StatCan ODBus v1 (OGL)
4c735d758be11122fb08,SPLICE TECH,Aurora,Aurora,ON,,,33324,3332,Industrial machinery manufacturing,1,1-4,Regional Municipality of York,StatCan ODBus v1 (OGL)
536e6ac05c5ccfaf1529,THERMAL ELECTRONICS CORP.,Aurora,Aurora,ON,,,33341,3334,"Ventilation, heating, air-conditioning and commercial refrigeration equipment manufacturing",0,5-9,Regional Municipality of York,StatCan ODBus v1 (OGL)
98f256c4f4bcd655b279,THERMOGENICS INC.,Aurora,Aurora,ON,,,33241,3324,Power boiler and heat exchanger manufacturing,0,50-99,Regional Municipality of York,StatCan ODBus v1 (OGL)
6111cc026c7bf20c6e0d,TRANCO PRODUCTION MACHINES LTD.,Aurora,Aurora,ON,,,33531,3353,Electrical equipment manufacturing,1,5-9,Regional Municipality of York,StatCan ODBus v1 (OGL)
ffe5a1f0546c31a55b92,VAN-ROB INC.,Aurora,Aurora,ON,,,33637,3363,Motor vehicle metal stamping,1,1-4,Regional Municipality of York,StatCan ODBus v1 (OGL)
37d6324c4c8e4e13f534,W SERCVICE AND DESIGN INC,Aurora,Aurora,ON,,,33271,3327,Machine shops,1,1-4,Regional Municipality of York,StatCan ODBus v1 (OGL)
e04f56ea5e98441600d5,WAVERUNNER COMMUNICATIONS,Aurora,Aurora,ON,,,33441,3344,Semiconductor and other electronic component manufacturing,1,1-4,Regional Municipality of York,StatCan ODBus v1 (OGL)
d89a858d94fcff9a599e,YOUR SOLAR HOME,Aurora,Aurora,ON,,,33341,3334,"Ventilation, heating, air-conditioning and commercial refrigeration equipment manufacturing",0,1-4,Regional Municipality of York,StatCan ODBus v1 (OGL)
5a246637dab9a8fa1ee5,A-1 RAILINGS LTD.,Brampton,Brampton,ON,43.70848,-79.68043,332329,3323,Architectural and structural metals manufacturing,1,10-19,City of Brampton,StatCan ODBus v1 (OGL)
ceb032d8bbea1074584e,A. BERGER PRECISION LTD.,Brampton,Brampton,ON,43.70363,-79.80620,333619,3336,"Engine, turbine and power transmission equipment manufacturing",1,100-499,City of Brampton,StatCan ODBus v1 (OGL)
34ed11f2127c68d1bd31,A.B.M. TOOL AND DIE CO. LTD.,Brampton,Brampton,ON,43.72421,-79.67951,332118,3321,Forging and stamping,1,100-499,City of Brampton,StatCan ODBus v1 (OGL)
5ac92275cd99cb490f25,A.D. WELDING AND FABRICATION INC.,Brampton,Brampton,ON,43.71060,-79.68040,332311,3323,Architectural and structural metals manufacturing,1,20-49,City of Brampton,StatCan ODBus v1 (OGL)
e3984d0f67f1648ffad6,ABB CANADA INC.,Brampton,Brampton,ON,43.67870,-79.69970,333299,3332,Industrial machinery manufacturing,1,100-499,City of Brampton,StatCan ODBus v1 (OGL)
85a9a05d9b8b317d72f5,ABC TECHNOLOGIES LTD.,Brampton,Brampton,ON,43.69938,-79.71197,336390,3363,Motor vehicle parts manufacturing,1,100-499,City of Brampton,StatCan ODBus v1 (OGL)
85bcbd68fbee2f1d6d62,ABCO ORNAMENTAL IRON WORKS,Brampton,Brampton,ON,43.69592,-79.69880,332329,3323,Architectural and structural metals manufacturing,1,5-9,City of Brampton,StatCan ODBus v1 (OGL)
705c7549a38d72ae32e1,ABS PRODUCTION,Brampton,Brampton,ON,43.69563,-79.71426,332710,3327,"Machine shops, turned product, and screw, nut and bolt manufacturing",1,10-19,City of Brampton,StatCan ODBus v1 (OGL)
96c11843c879166555fc,ACCURAX MANUFACTURING INC.,Brampton,Brampton,ON,43.74632,-79.66771,332510,3325,Hardware manufacturing,0,10-19,City of Brampton,StatCan ODBus v1 (OGL)
10bcbaf8488dbe51a078,ACE RIVET AND FASTENER INC.,Brampton,Brampton,ON,43.69710,-79.69678,332210,3322,Cutlery and hand tool manufacturing,0,10-19,City of Brampton,StatCan ODBus v1 (OGL)
c7b8aedca45500e8bc9f,ADVANCED METAL SHOP,Brampton,Brampton,ON,43.68495,-79.69546,331110,3311,Iron and steel mills and ferro-alloy manufacturing,0,1-4,City of Brampton,StatCan ODBus v1 (OGL)
cc106497a7a9eae1100e,AFA SYSTEMS LTD.,Brampton,Brampton,ON,43.69690,-79.72053,333990,3339,Other general-purpose machinery manufacturing,1,50-99,City of Brampton,StatCan ODBus v1 (OGL)
113a1df78013188c31ce,AG MACHINING SOLUTIONS,Brampton,Brampton,ON,43.70567,-79.80820,332991,3329,Other fabricated metal product manufacturing,1,5-9,City of Brampton,StatCan ODBus v1 (OGL)
405b4571bd4f811adb09,AIMS FABRICATED LTD.,Brampton,Brampton,ON,43.73965,-79.68643,332710,3327,"Machine shops, turned product, and screw, nut and bolt manufacturing",1,5-9,City of Brampton,StatCan ODBus v1 (OGL)
46869a3b02deb2fb1f44,AIRCRAFT APPLIANCES AND EQUIPMENT LTD.,Brampton,Brampton,ON,43.71618,-79.68632,336410,3364,Aerospace product and parts manufacturing,1,20-49,City of Brampton,StatCan ODBus v1 (OGL)
cca3315ad89f71a7a2bb,ALBERTOS RADIATOR SHOP LTD.,Brampton,Brampton,ON,43.69438,-79.69124,332710,3327,"Machine shops, turned product, and screw, nut and bolt manufacturing",1,1-4,City of Brampton,StatCan ODBus v1 (OGL)
d4d1ec41f5dfc970f549,ALGOOD CASTER INNOVATIONS,Brampton,Brampton,ON,43.74035,-79.68984,331523,3315,Foundries,0,50-99,City of Brampton,StatCan ODBus v1 (OGL)
efb0d7ead007f32efcbe,ALL RAILINGS DIV OF DFL FABRICATION LTD.,Brampton,Brampton,ON,43.76163,-79.70517,332329,3323,Architectural and structural metals manufacturing,1,10-19,City of Brampton,StatCan ODBus v1 (OGL)
d4f93f696e54de5f2d2d,ALLIED CAN MANUFACTURING INC.,Brampton,Brampton,ON,43.68708,-79.71847,332431,3324,"Boiler, tank and shipping container manufacturing",0,10-19,City of Brampton,StatCan ODBus v1 (OGL)
1993f0b2194e75ab7023,ALLIED RACK COMPANY LTD.,Brampton,Brampton,ON,43.69973,-79.69733,333990,3339,Other general-purpose machinery manufacturing,1,20-49,City of Brampton,StatCan ODBus v1 (OGL)
d1e6b5e90e6eb9677371,ALLTRIM TOOL AND DIE,Brampton,Brampton,ON,43.73374,-79.67740,332710,3327,"Machine shops, turned product, and screw, nut and bolt manufacturing",1,5-9,City of Brampton,StatCan ODBus v1 (OGL)
222a3feee52695c797b5,ALMAG ALUMINUM INC.,Brampton,Brampton,ON,43.69018,-79.71063,331313,3313,Alumina and aluminum production and processing,0,20-49,City of Brampton,StatCan ODBus v1 (OGL)
c8cb18786a56e49c2958,ALMAG ALUMINUM INC.,Brampton,Brampton,ON,43.69143,-79.71171,331313,3313,Alumina and aluminum production and processing,0,50-99,City of Brampton,StatCan ODBus v1 (OGL)
d1f795594c5dcaded972,ALMAG ALUMINUM INC.,Brampton,Brampton,ON,43.69085,-79.71256,331313,3313,Alumina and aluminum production and processing,0,100-499,City of Brampton,StatCan ODBus v1 (OGL)
0f9aaf68526264e0ccca,ALMAG ALUMINUM INC.,Brampton,Brampton,ON,43.69168,-79.71098,331313,3313,Alumina and aluminum production and processing,0,10-19,City of Brampton,StatCan ODBus v1 (OGL)
ca79024992e0da016820,ALSTOM,Brampton,Brampton,ON,43.69505,-79.71804,336510,3365,Railroad rolling stock manufacturing,1,100-499,City of Brampton,StatCan ODBus v1 (OGL)
47f0dd58d5bfc3c3834d,ALTYPE SPRING AND TOOL CORP,Brampton,Brampton,ON,43.76216,-79.70138,332611,3326,Spring and wire product manufacturing,0,1-4,City of Brampton,StatCan ODBus v1 (OGL)
32dbc2707cb6067f7af7,ALUMINART PRODUCTS LTD.,Brampton,Brampton,ON,43.72115,-79.68023,331313,3313,Alumina and aluminum production and processing,0,100-499,City of Brampton,StatCan ODBus v1 (OGL)
431b3fa66d9f21324b5a,AMCO TOOLING LTD.,Brampton,Brampton,ON,43.75719,-79.70126,332710,3327,"Machine shops, turned product, and screw, nut and bolt manufacturing",1,10-19,City of Brampton,StatCan ODBus v1 (OGL)
d2c5e66d6cac679f69dc,AMFT TECHNOLOGIES,Brampton,Brampton,ON,43.68792,-79.70866,336320,3363,Motor vehicle parts manufacturing,1,10-19,City of Brampton,StatCan ODBus v1 (OGL)
a44960c35673ee2de669,AMG METALS INC.,Brampton,Brampton,ON,43.68177,-79.78702,332710,3327,"Machine shops, turned product, and screw, nut and bolt manufacturing",1,20-49,City of Brampton,StatCan ODBus v1 (OGL)
0482e1e7dc1bafa6769b,ANDROID IND.,Brampton,Brampton,ON,43.74061,-79.71387,336350,3363,Motor vehicle parts manufacturing,1,100-499,City of Brampton,StatCan ODBus v1 (OGL)
1ff4c79c5c8693be0a1a,ANFE-MOULDS INC.,Brampton,Brampton,ON,43.75551,-79.70707,333220,3332,Industrial machinery manufacturing,1,5-9,City of Brampton,StatCan ODBus v1 (OGL)
fe03ec480d17b96d7811,ANOMET INC.,Brampton,Brampton,ON,43.70063,-79.80219,335120,3351,Electric lighting equipment manufacturing,0,5-9,City of Brampton,StatCan ODBus v1 (OGL)
a6fa46ce2db7a3e528e7,ANTECH MACHINE LTD.,Brampton,Brampton,ON,43.69367,-79.69320,333310,3333,Commercial and service industry machinery manufacturing,1,10-19,City of Brampton,StatCan ODBus v1 (OGL)
c6140409ec6bbc3f88a9,ANTHONY STEEL MANUFACTURING LIMITED,Brampton,Brampton,ON,43.73618,-79.64901,332329,3323,Architectural and structural metals manufacturing,1,20-49,City of Brampton,StatCan ODBus v1 (OGL)
423579849a0d998962a8,ANTI-FRICTION ENTERPRISES (1985) LTD.,Brampton,Brampton,ON,43.72560,-79.68872,332810,3328,"Coating, engraving, cold and heat treating and allied activities",1,50-99,City of Brampton,StatCan ODBus v1 (OGL)
8b90e56d650a5a75546c,APEX MANUFACTURING,Brampton,Brampton,ON,43.69151,-79.70418,332710,3327,"Machine shops, turned product, and screw, nut and bolt manufacturing",1,10-19,City of Brampton,StatCan ODBus v1 (OGL)
b7e3a12438b753f2522f,ARISTON TUBULAR PRODUCTS INC.,Brampton,Brampton,ON,43.70035,-79.71708,331210,3312,Steel product manufacturing from purchased steel,0,20-49,City of Brampton,StatCan ODBus v1 (OGL)
9ad287a4ec160068834d,ARTCRAFT ELECTRIC LTD.,Brampton,Brampton,ON,43.71588,-79.68346,335120,3351,Electric lighting equipment manufacturing,0,20-49,City of Brampton,StatCan ODBus v1 (OGL)
8b011bd62b58283dc186,ARYA SCREW MACHINES INC.,Brampton,Brampton,ON,43.69350,-79.69818,332720,3327,"Machine shops, turned product, and screw, nut and bolt manufacturing",1,1-4,City of Brampton,StatCan ODBus v1 (OGL)
fd518f775c49257d89eb,ASAHI REFINING CANADA LIMITED,Brampton,Brampton,ON,43.69098,-79.72192,332810,3328,"Coating, engraving, cold and heat treating and allied activities",1,100-499,City of Brampton,StatCan ODBus v1 (OGL)
7ebe2a3eb93b2cb4c989,ASTRA PRECISION COMPONENTS INC.,Brampton,Brampton,ON,43.70025,-79.72945,332720,3327,"Machine shops, turned product, and screw, nut and bolt manufacturing",1,20-49,City of Brampton,StatCan ODBus v1 (OGL)
70f12371332b8b33fcf1,ATLAS ALUMINUM,Brampton,Brampton,ON,43.71155,-79.80242,331317,3313,Alumina and aluminum production and processing,0,1-4,City of Brampton,StatCan ODBus v1 (OGL)
4f667e117e294cb6ba4f,"ATLAS FLUID SYSTEMS, A DIVISION OF MARTINREA INTERNATIONAL INC.",Brampton,Brampton,ON,43.72838,-79.68762,336390,3363,Motor vehicle parts manufacturing,1,100-499,City of Brampton,StatCan ODBus v1 (OGL)
2544d20301cee93c3918,ATLAS-CAN ING. AND MACHINING LTD.,Brampton,Brampton,ON,43.71102,-79.67811,332710,3327,"Machine shops, turned product, and screw, nut and bolt manufacturing",1,1-4,City of Brampton,StatCan ODBus v1 (OGL)
5334ecc3fbfd10210378,ATS ENGINEERING INC.,Brampton,Brampton,ON,43.68549,-79.70541,333990,3339,Other general-purpose machinery manufacturing,1,10-19,City of Brampton,StatCan ODBus v1 (OGL)
c22cd4f030358835cf03,AUTOMATED CONTROLS INC.,Brampton,Brampton,ON,43.73866,-79.68803,333990,3339,Other general-purpose machinery manufacturing,1,1-4,City of Brampton,StatCan ODBus v1 (OGL)
e23757dfac6934afab27,AVKO SCREW MACHINE PRODUCTS LTD.,Brampton,Brampton,ON,43.75604,-79.69456,332410,3324,"Boiler, tank and shipping container manufacturing",0,20-49,City of Brampton,StatCan ODBus v1 (OGL)
723f9f17437dac6e0d9c,AVOCET AEROSPACE INC.,Brampton,Brampton,ON,43.70726,-79.80705,336410,3364,Aerospace product and parts manufacturing,1,5-9,City of Brampton,StatCan ODBus v1 (OGL)
41014ca02b9023777899,AZIMUTH THREE ENTERPRISES INC.,Brampton,Brampton,ON,43.74161,-79.68846,332319,3323,Architectural and structural metals manufacturing,1,50-99,City of Brampton,StatCan ODBus v1 (OGL)
ab0ff4630535b4324010,B AND M TOOLING SERVICES LTD.,Brampton,Brampton,ON,43.70066,-79.80216,332710,3327,"Machine shops, turned product, and screw, nut and bolt manufacturing",1,1-4,City of Brampton,StatCan ODBus v1 (OGL)
044c09927480922708ea,B. J. PRECISION WELDING INC.,Brampton,Brampton,ON,43.69128,-79.70294,333990,3339,Other general-purpose machinery manufacturing,1,1-4,City of Brampton,StatCan ODBus v1 (OGL)
71a09555919d92d20902,BAIN MACHINE LTD.,Brampton,Brampton,ON,43.71459,-79.67817,332710,3327,"Machine shops, turned product, and screw, nut and bolt manufacturing",1,1-4,City of Brampton,StatCan ODBus v1 (OGL)
e454227e789109d53fe2,BARTON ENGINEERING AND MANUFACTURING LTD.,Brampton,Brampton,ON,43.70263,-79.80400,332710,3327,"Machine shops, turned product, and screw, nut and bolt manufacturing",1,20-49,City of Brampton,StatCan ODBus v1 (OGL)
4a30643b3608dc0862e1,BATTACC LTD.,Brampton,Brampton,ON,43.73689,-79.68335,335910,3359,Other electrical equipment and component manufacturing,1,5-9,City of Brampton,StatCan ODBus v1 (OGL)
b45f2c196f7b953460ab,BDI CANADA INC.,Brampton,Brampton,ON,43.68670,-79.71801,333619,3336,"Engine, turbine and power transmission equipment manufacturing",1,20-49,City of Brampton,StatCan ODBus v1 (OGL)
115fe737977d61e3163a,BEOGRAD MACHINE AND TOOLS CO. LTD.,Brampton,Brampton,ON,43.69168,-79.69263,332720,3327,"Machine shops, turned product, and screw, nut and bolt manufacturing",1,5-9,City of Brampton,StatCan ODBus v1 (OGL)
172d779c4714465d62db,BJ MACHINE AND TOOL,Brampton,Brampton,ON,43.73111,-79.68603,332210,3322,Cutlery and hand tool manufacturing,0,10-19,City of Brampton,StatCan ODBus v1 (OGL)
29f7f7447eaa3a47eb37,BMG MACHINING,Brampton,Brampton,ON,43.76069,-79.70929,332710,3327,"Machine shops, turned product, and screw, nut and bolt manufacturing",1,5-9,City of Brampton,StatCan ODBus v1 (OGL)
82b573972ace0532a8a3,BMP METALS INC.,Brampton,Brampton,ON,43.73745,-79.69128,332329,3323,Architectural and structural metals manufacturing,1,100-499,City of Brampton,StatCan ODBus v1 (OGL)
bd75e354857fd0fc06bc,BRAM CASTINGS LTD.,Brampton,Brampton,ON,43.72064,-79.68432,331529,3315,Foundries,0,5-9,City of Brampton,StatCan ODBus v1 (OGL)
4fe36e12dcf8100e389b,BRAMALEA ELEVATOR LTD.,Brampton,Brampton,ON,43.75968,-79.70466,333920,3339,Other general-purpose machinery manufacturing,1,20-49,City of Brampton,StatCan ODBus v1 (OGL)
05e41a6bb6b630a59e88,BRAMPTON ELECTRIC MOTORS,Brampton,Brampton,ON,43.70676,-79.73024,335312,3353,Electrical equipment manufacturing,1,10-19,City of Brampton,StatCan ODBus v1 (OGL)
5bcfc20863066dd9a291,BRAMPTON ENGINEERING INC.,Brampton,Brampton,ON,43.69886,-79.70764,333990,3339,Other general-purpose machinery manufacturing,1,20-49,City of Brampton,StatCan ODBus v1 (OGL)
6380a321a2b0632c00f6,BRAMPTON PLASTICS,Brampton,Brampton,ON,43.68670,-79.71801,333220,3332,Industrial machinery manufacturing,1,10-19,City of Brampton,StatCan ODBus v1 (OGL)
5fdfdfbe7d889615ff8c,BRAMPTON PLATE AND STRUCTURAL STEEL ROLLING INC.,Brampton,Brampton,ON,43.75707,-79.70962,331110,3311,Iron and steel mills and ferro-alloy manufacturing,0,10-19,City of Brampton,StatCan ODBus v1 (OGL)
87ffe9c6dcb411701769,BRAMPTON PRECISION STAMPING,Brampton,Brampton,ON,43.69108,-79.69744,332118,3321,Forging and stamping,1,1-4,City of Brampton,StatCan ODBus v1 (OGL)
200d41dd9b916e63f387,BRAMPTON PROCESSING,Brampton,Brampton,ON,43.69478,-79.69079,332710,3327,"Machine shops, turned product, and screw, nut and bolt manufacturing",1,20-49,City of Brampton,StatCan ODBus v1 (OGL)
4e9ebcd86ff7a180f00e,BRAMPTON SHEET METAL LTD.,Brampton,Brampton,ON,43.70445,-79.79039,331221,3312,Steel product manufacturing from purchased steel,0,50-99,City of Brampton,StatCan ODBus v1 (OGL)
b4ad41b531621e40da48,BRAMPTON WASHERS AND STAMPING,Brampton,Brampton,ON,43.73357,-79.67767,332118,3321,Forging and stamping,1,10-19,City of Brampton,StatCan ODBus v1 (OGL)
48b093d7c55b24eb7e14,BREATHEZ VACUUM SERVICES,Brampton,Brampton,ON,43.74955,-79.72666,332510,3325,Hardware manufacturing,0,1-4,City of Brampton,StatCan ODBus v1 (OGL)
13dea9c6aed79f33f610,BRICAN AUTOMATED SYSTEMS INC.,Brampton,Brampton,ON,43.70275,-79.80069,333310,3333,Commercial and service industry machinery manufacturing,1,20-49,City of Brampton,StatCan ODBus v1 (OGL)
77ebabc8bd2bd484f924,BRITA WATER FILTERS,Brampton,Brampton,ON,43.73577,-79.64328,335920,3359,Other electrical equipment and component manufacturing,1,50-99,City of Brampton,StatCan ODBus v1 (OGL)
ddb6fbf3ce2cd1e536d0,BRITA WATER FILTERS,Brampton,Brampton,ON,43.68108,-79.71021,333413,3334,"Ventilation, heating, air-conditioning and commercial refrigeration equipment manufacturing",0,100-499,City of Brampton,StatCan ODBus v1 (OGL)
7956f5d837158605a8f9,BTS TOOL AND MACHINING LTD.,Brampton,Brampton,ON,43.75910,-79.70440,332710,3327,"Machine shops, turned product, and screw, nut and bolt manufacturing",1,1-4,City of Brampton,StatCan ODBus v1 (OGL)
74ebef74455835fd146d,BUILD ALL TOOL AND DIE LIMITED,Brampton,Brampton,ON,43.72399,-79.69447,333519,3335,Metalworking machinery manufacturing,0,1-4,City of Brampton,StatCan ODBus v1 (OGL)
81e0672895881921bfe1,BUTCHER SPECIALTY COATINGS,Brampton,Brampton,ON,43.69487,-79.72924,332810,3328,"Coating, engraving, cold and heat treating and allied activities",1,20-49,City of Brampton,StatCan ODBus v1 (OGL)
ac86cb86ae17eacfb27c,C AND C ALIANAZA SERVICE LTD.,Brampton,Brampton,ON,43.69396,-79.69760,332710,3327,"Machine shops, turned product, and screw, nut and bolt manufacturing",1,10-19,City of Brampton,StatCan ODBus v1 (OGL)
008b15c5ae49884a77ad,C AND S SYSTEMS INC.,Brampton,Brampton,ON,43.75899,-79.70418,332710,3327,"Machine shops, turned product, and screw, nut and bolt manufacturing",1,1-4,City of Brampton,StatCan ODBus v1 (OGL)
6d9f5fca30ede9b01c70,CAMPO EQUIPMENT CO. LTD.,Brampton,Brampton,ON,43.73057,-79.68685,335315,3353,Electrical equipment manufacturing,1,10-19,City of Brampton,StatCan ODBus v1 (OGL)
e41adce2c4bbc46c1180,CAN-ART ALUMINUM EXTRUSIONS INC.,Brampton,Brampton,ON,43.73661,-79.64479,332431,3324,"Boiler, tank and shipping container manufacturing",0,50-99,City of Brampton,StatCan ODBus v1 (OGL)
940d86109faa3eb76cbb,CANADA PUMP AND GEAR INC.,Brampton,Brampton,ON,43.70944,-79.68343,336330,3363,Motor vehicle parts manufacturing,1,1-4,City of Brampton,StatCan ODBus v1 (OGL)
1b82b8950ec88e27c48a,CANADIAN DIAMOND TECHNOLOGIES LTD.,Brampton,Brampton,ON,43.73699,-79.64996,332210,3322,Cutlery and hand tool manufacturing,0,1-4,City of Brampton,StatCan ODBus v1 (OGL)
f714ba2e6ea88f25a866,CANADIAN HARDWARE AND TOOLS,Brampton,Brampton,ON,43.70987,-79.68414,332210,3322,Cutlery and hand tool manufacturing,0,1-4,City of Brampton,StatCan ODBus v1 (OGL)
22f348541cfe2c592c63,CANADIAN MICRO FINISH INC.,Brampton,Brampton,ON,43.73240,-79.67617,332210,3322,Cutlery and hand tool manufacturing,0,5-9,City of Brampton,StatCan ODBus v1 (OGL)
983b2da5d0f8d7ad4bdd,CANADIAN SPEAKER WORKS PRO,Brampton,Brampton,ON,43.76202,-79.70634,334310,3343,Audio and video equipment manufacturing,0,1-4,City of Brampton,StatCan ODBus v1 (OGL)
ad34636121c07862a5e8,CAPITAL FOOD EQUIPMENT INC.,Brampton,Brampton,ON,43.71064,-79.67924,333310,3333,Commercial and service industry machinery manufacturing,1,1-4,City of Brampton,StatCan ODBus v1 (OGL)
0d9cce6a39916abc17ca,CARBON STEEL PROFILES,Brampton,Brampton,ON,43.75826,-79.70543,331110,3311,Iron and steel mills and ferro-alloy manufacturing,0,100-499,City of Brampton,StatCan ODBus v1 (OGL)
70991513bd1086bd9010,CARNEY BATTERY HANDLING LTD.,Brampton,Brampton,ON,43.70026,-79.80091,335910,3359,Other electrical equipment and component manufacturing,1,50-99,City of Brampton,StatCan ODBus v1 (OGL)
68a73b70cf54ee706ee0,CARTER FABRICATING INC.,Brampton,Brampton,ON,43.74664,-79.67185,332311,3323,Architectural and structural metals manufacturing,1,5-9,City of Brampton,StatCan ODBus v1 (OGL)
a1a8ad66bec94c23be4d,CATALYTIC EXHAUST PRODUCTS LTD.,Brampton,Brampton,ON,43.73294,-79.67601,336390,3363,Motor vehicle parts manufacturing,1,10-19,City of Brampton,StatCan ODBus v1 (OGL)
b523fe1546a035c5e1a2,CEDAR MILLS WELDING AND FABRICATION LTD.,Brampton,Brampton,ON,43.81589,-79.68135,333990,3339,Other general-purpose machinery manufacturing,1,1-4,City of Brampton,StatCan ODBus v1 (OGL)
0a02794971d78c0af673,CEEL LIMITED,Brampton,Brampton,ON,43.68931,-79.73144,332810,3328,"Coating, engraving, cold and heat treating and allied activities",1,20-49,City of Brampton,StatCan ODBus v1 (OGL)
89c3d0efbe491b332a61,CHAMAK STEEL - RAILINGS AND WINDOW BARS INC.,Brampton,Brampton,ON,43.75873,-79.70343,332329,3323,Architectural and structural metals manufacturing,1,1-4,City of Brampton,StatCan ODBus v1 (OGL)
1d54cc749a04867c8c5d,CITY ENGINE REBUILDER,Brampton,Brampton,ON,43.70959,-79.68159,332710,3327,"Machine shops, turned product, and screw, nut and bolt manufacturing",1,1-4,City of Brampton,StatCan ODBus v1 (OGL)
48671419b80523566af1,CJD INDUSTRIAL,Brampton,Brampton,ON,43.73519,-79.64940,332210,3322,Cutlery and hand tool manufacturing,0,5-9,City of Brampton,StatCan ODBus v1 (OGL)
a79af82259e80d1c868e,CLARSAND LTD.,Brampton,Brampton,ON,43.70047,-79.80155,334410,3344,Semiconductor and other electronic component manufacturing,1,1-4,City of Brampton,StatCan ODBus v1 (OGL)
9b085766e55a9bf1e834,CLASSIFIER MILLING SYSTEMS,Brampton,Brampton,ON,43.70147,-79.79735,333519,3335,Metalworking machinery manufacturing,0,10-19,City of Brampton,StatCan ODBus v1 (OGL)
51ea3209ffb5895f12d4,CLAYTON SALES AND SERVICE LTD.,Brampton,Brampton,ON,43.76251,-79.70440,335312,3353,Electrical equipment manufacturing,1,10-19,City of Brampton,StatCan ODBus v1 (OGL)
8459e28cd0c056246ebf,CLIMATEWORX,Brampton,Brampton,ON,43.73834,-79.69012,333416,3334,"Ventilation, heating, air-conditioning and commercial refrigeration equipment manufacturing",0,50-99,City of Brampton,StatCan ODBus v1 (OGL)
39e8db609db8d8b7a7d6,CM MACHINE SERVICES LTD.,Brampton,Brampton,ON,43.68715,-79.73311,332710,3327,"Machine shops, turned product, and screw, nut and bolt manufacturing",1,1-4,City of Brampton,StatCan ODBus v1 (OGL)
921ddc83e57cc45c2287,COLUMBIA HIGHRISE WINDOWS AND RAILINGS INC.,Brampton,Brampton,ON,43.75707,-79.69424,332329,3323,Architectural and structural metals manufacturing,1,1-4,City of Brampton,StatCan ODBus v1 (OGL)
2b6e11e884b670d7f310,COLUMBUS MCKINNON LTD.,Brampton,Brampton,ON,43.69527,-79.72698,333920,3339,Other general-purpose machinery manufacturing,1,1-4,City of Brampton,StatCan ODBus v1 (OGL)
0f18edd301de3d206e31,COMPES INTERNATIONAL LTD.,Brampton,Brampton,ON,43.73238,-79.67734,333519,3335,Metalworking machinery manufacturing,0,20-49,City of Brampton,StatCan ODBus v1 (OGL)
3db0459f8e5b4821d714,CON STEEL LTD.,Brampton,Brampton,ON,43.75493,-79.69324,331514,3315,Foundries,0,10-19,City of Brampton,StatCan ODBus v1 (OGL)
bffdce7ffbb9c135bc65,CONEC CORPORATION,Brampton,Brampton,ON,43.75667,-79.69339,334410,3344,Semiconductor and other electronic component manufacturing,1,20-49,City of Brampton,StatCan ODBus v1 (OGL)
8d3562c4b1490785668c,CORRECT MOULD INC.,Brampton,Brampton,ON,43.69434,-79.69801,333220,3332,Industrial machinery manufacturing,1,10-19,City of Brampton,StatCan ODBus v1 (OGL)
e96d92e5a506673601fb,COSMA INTERNATIONAL GROUP OF MAGNA INTERNATIONAL INC.,Brampton,Brampton,ON,43.71638,-79.67954,336390,3363,Motor vehicle parts manufacturing,1,100-499,City of Brampton,StatCan ODBus v1 (OGL)
464ff2802a92ef69794e,CRANE PUMPS AND SYSTEM CANADA,Brampton,Brampton,ON,43.70592,-79.72872,333910,3339,Other general-purpose machinery manufacturing,1,10-19,City of Brampton,StatCan ODBus v1 (OGL)
4320134767ff508029b8,CROWLE FITTINGS AND SUPPLIES LTD.,Brampton,Brampton,ON,43.74907,-79.67319,332910,3329,Other fabricated metal product manufacturing,1,10-19,City of Brampton,StatCan ODBus v1 (OGL)
d872bdeed2d98e8baf1d,CURT MANUFACTURING,Brampton,Brampton,ON,43.68243,-79.72113,332510,3325,Hardware manufacturing,0,1-4,City of Brampton,StatCan ODBus v1 (OGL)
8ef06551d0a69e554b3b,CUSTOM GENERAL MACHINE SHOP,Brampton,Brampton,ON,43.70861,-79.68255,332710,3327,"Machine shops, turned product, and screw, nut and bolt manufacturing",1,1-4,City of Brampton,StatCan ODBus v1 (OGL)
8012f4e6e9dc671e3a89,DACO ALUMINUM INC.,Brampton,Brampton,ON,43.71345,-79.80171,332321,3323,Architectural and structural metals manufacturing,1,5-9,City of Brampton,StatCan ODBus v1 (OGL)
b5b3179e507ddbb15fac,DANT POWDER COATING INC.,Brampton,Brampton,ON,43.69549,-79.69268,332810,3328,"Coating, engraving, cold and heat treating and allied activities",1,5-9,City of Brampton,StatCan ODBus v1 (OGL)
b10e454b2f7ff8d272ae,DAVES DIESEL,Brampton,Brampton,ON,43.69193,-79.69835,336350,3363,Motor vehicle parts manufacturing,1,10-19,City of Brampton,StatCan ODBus v1 (OGL)
40ad90f28941d70d5556,DAVID C. LITTLE CONTRACTING INC.,Brampton,Brampton,ON,43.74591,-79.66799,332999,3329,Other fabricated metal product manufacturing,1,1-4,City of Brampton,StatCan ODBus v1 (OGL)
deb9fbe173ae9778c4b8,DAYBAR INDUSTRIES,Brampton,Brampton,ON,43.70178,-79.72455,331110,3311,Iron and steel mills and ferro-alloy manufacturing,0,50-99,City of Brampton,StatCan ODBus v1 (OGL)
2f13ee5233394669e0cd,DC MACHINE SERVICES,Brampton,Brampton,ON,43.73689,-79.68335,336390,3363,Motor vehicle parts manufacturing,1,1-4,City of Brampton,StatCan ODBus v1 (OGL)
ecd8b443f4c3ff093631,DECO AUTOMOTIVE,Brampton,Brampton,ON,43.72257,-79.67972,336390,3363,Motor vehicle parts manufacturing,1,100-499,City of Brampton,StatCan ODBus v1 (OGL)
1e575d2c9d0b1ed6f2c6,DECON STUDRAIL LTD.,Brampton,Brampton,ON,43.73296,-79.67814,332319,3323,Architectural and structural metals manufacturing,1,50-99,City of Brampton,StatCan ODBus v1 (OGL)
982fce4e742c8bb7f6f4,DECOURCY STEEL LTD.,Brampton,Brampton,ON,43.75976,-79.70409,332710,3327,"Machine shops, turned product, and screw, nut and bolt manufacturing",1,10-19,City of Brampton,StatCan ODBus v1 (OGL)
10f97ea38e8f1b0468df,DEETAG,Brampton,Brampton,ON,43.71030,-79.68049,332910,3329,Other fabricated metal product manufacturing,1,1-4,City of Brampton,StatCan ODBus v1 (OGL)
740e33fb34947ad50f5c,DEL METALS,Brampton,Brampton,ON,43.70073,-79.67880,332999,3329,Other fabricated metal product manufacturing,1,50-99,City of Brampton,StatCan ODBus v1 (OGL)
a2863fb5a953279f25fc,DELSTAR (2000) INC.,Brampton,Brampton,ON,43.75412,-79.69453,332710,3327,"Machine shops, turned product, and screw, nut and bolt manufacturing",1,5-9,City of Brampton,StatCan ODBus v1 (OGL)
6eaf1d398482befd6c4d,DEPENDABLE TRUCK AND TANK LTD.,Brampton,Brampton,ON,43.69032,-79.73512,336120,3361,Motor vehicle manufacturing,0,50-99,City of Brampton,StatCan ODBus v1 (OGL)
e8efe4db5426a58ec052,DESIGNED PRECISION CASTINGS INC.,Brampton,Brampton,ON,43.69539,-79.74398,331514,3315,Foundries,0,20-49,City of Brampton,StatCan ODBus v1 (OGL)
2e569284ca5eb89b11c7,DIGITAL MEASUREMENT METROLOGY INC.,Brampton,Brampton,ON,43.75940,-79.71062,332710,3327,"Machine shops, turned product, and screw, nut and bolt manufacturing",1,10-19,City of Brampton,StatCan ODBus v1 (OGL)
c13eb53c2639d5c17322,DIMEX INDUSTRIAL SUPPLIES LTD.,Brampton,Brampton,ON,43.75781,-79.70119,332710,3327,"Machine shops, turned product, and screw, nut and bolt manufacturing",1,1-4,City of Brampton,StatCan ODBus v1 (OGL)
4603adebac845dc4166f,DISCON,Brampton,Brampton,ON,43.69360,-79.69820,332210,3322,Cutlery and hand tool manufacturing,0,1-4,City of Brampton,StatCan ODBus v1 (OGL)
5990850454167a12975f,DIXIE FENCE LTD.,Brampton,Brampton,ON,43.69127,-79.72607,332619,3326,Spring and wire product manufacturing,0,5-9,City of Brampton,StatCan ODBus v1 (OGL)
334c22f6efbcd3bb18c3,DJN MACHINING,Brampton,Brampton,ON,43.68541,-79.72125,332710,3327,"Machine shops, turned product, and screw, nut and bolt manufacturing",1,1-4,City of Brampton,StatCan ODBus v1 (OGL)
6afe60115fbd3da50f3a,DN MOULD AND TOOL POLISHING INC.,Brampton,Brampton,ON,43.73232,-79.67601,333990,3339,Other general-purpose machinery manufacturing,1,5-9,City of Brampton,StatCan ODBus v1 (OGL)
a0c57326df757e142391,DRILROC LTD.,Brampton,Brampton,ON,43.75646,-79.69509,333920,3339,Other general-purpose machinery manufacturing,1,10-19,City of Brampton,StatCan ODBus v1 (OGL)
969696a2c855143f24b4,DSP MACHINE AND FABRICATING INC.,Brampton,Brampton,ON,43.72414,-79.69463,332710,3327,"Machine shops, turned product, and screw, nut and bolt manufacturing",1,1-4,City of Brampton,StatCan ODBus v1 (OGL)
864323b6589059f3538b,DUNDAS-JAFINE INC.,Brampton,Brampton,ON,43.70327,-79.72774,332510,3325,Hardware manufacturing,0,20-49,City of Brampton,StatCan ODBus v1 (OGL)
c556c3f7aa03cafcce22,DURABLE RELEASE COATERS LTD.,Brampton,Brampton,ON,43.69215,-79.71065,332810,3328,"Coating, engraving, cold and heat treating and allied activities",1,50-99,City of Brampton,StatCan ODBus v1 (OGL)
c590bae360703707ceb3,DYMIN STEEL,Brampton,Brampton,ON,43.70958,-79.80663,331110,3311,Iron and steel mills and ferro-alloy manufacturing,0,100-499,City of Brampton,StatCan ODBus v1 (OGL)
b95a47ff7dbf9e836161,E AND G STEEL FABRICATION,Brampton,Brampton,ON,43.73267,-79.67561,333990,3339,Other general-purpose machinery manufacturing,1,1-4,City of Brampton,StatCan ODBus v1 (OGL)
513f0c130434b3787e9f,E.C.I ENGINE AND PERFORMANCE,Brampton,Brampton,ON,43.69252,-79.69948,332710,3327,"Machine shops, turned product, and screw, nut and bolt manufacturing",1,1-4,City of Brampton,StatCan ODBus v1 (OGL)
10f9241e9282ef2d9b5b,ECLIPSE SHUTTERS CANADA,Brampton,Brampton,ON,43.67837,-79.71356,332321,3323,Architectural and structural metals manufacturing,1,1-4,City of Brampton,StatCan ODBus v1 (OGL)
c72ee46465c499260769,ECOLIGHT LED LIGHTING SOLUTIONS,Brampton,Brampton,ON,43.73527,-79.70000,334410,3344,Semiconductor and other electronic component manufacturing,1,1-4,City of Brampton,StatCan ODBus v1 (OGL)
6add29d33ae16e7e58a6,ECOLIGHT LED SYSTEMS,Brampton,Brampton,ON,43.69498,-79.69878,335120,3351,Electric lighting equipment manufacturing,0,1-4,City of Brampton,StatCan ODBus v1 (OGL)
4d6bd31823043665916b,ELECTRONIC COATING TECHNOLOGIES,Brampton,Brampton,ON,43.69241,-79.69238,334410,3344,Semiconductor and other electronic component manufacturing,1,20-49,City of Brampton,StatCan ODBus v1 (OGL)
a413f420891f6faa5870,ELECTRONIC MANUFACTURING AND REPAIR CORPORATION,Brampton,Brampton,ON,43.76261,-79.70415,334410,3344,Semiconductor and other electronic component manufacturing,1,1-4,City of Brampton,StatCan ODBus v1 (OGL)
6d0366cbd26fcab47b58,EMERGENCY ENERGY PRODUCTS LTD.,Brampton,Brampton,ON,43.73658,-79.64918,333416,3334,"Ventilation, heating, air-conditioning and commercial refrigeration equipment manufacturing",0,5-9,City of Brampton,StatCan ODBus v1 (OGL)
c02ed360790eb14aec58,ENERGY JET INC.,Brampton,Brampton,ON,43.73111,-79.68603,333416,3334,"Ventilation, heating, air-conditioning and commercial refrigeration equipment manufacturing",0,1-4,City of Brampton,StatCan ODBus v1 (OGL)
a39a3e8a73c948814601,ENVAEROSPACE,Brampton,Brampton,ON,43.75737,-79.70304,336410,3364,Aerospace product and parts manufacturing,1,5-9,City of Brampton,StatCan ODBus v1 (OGL)
2f1b695a2ce99b852c19,EURO STEEL INDUSTRIES INC.,Brampton,Brampton,ON,43.76188,-79.70773,333990,3339,Other general-purpose machinery manufacturing,1,5-9,City of Brampton,StatCan ODBus v1 (OGL)
8de1240e8a79a735370c,EUROCAN PRECISION MACHINING LTD.,Brampton,Brampton,ON,43.68364,-79.78413,332710,3327,"Machine shops, turned product, and screw, nut and bolt manufacturing",1,10-19,City of Brampton,StatCan ODBus v1 (OGL)
c4f1e4a40eb5b9073bd1,EXCALIBUR TRAILERS,Brampton,Brampton,ON,43.68520,-79.72096,336215,3362,Motor vehicle body and trailer manufacturing,0,10-19,City of Brampton,StatCan ODBus v1 (OGL)
7834b8acd640d8af32d2,EXCEL WIRE EROSION (CANADA) LTD.,Brampton,Brampton,ON,43.70121,-79.72181,332619,3326,Spring and wire product manufacturing,0,5-9,City of Brampton,StatCan ODBus v1 (OGL)
679847207a33b6aec3dd,F AND J CUTTER GRINDING SERVICES,Brampton,Brampton,ON,43.73768,-79.68430,332710,3327,"Machine shops, turned product, and screw, nut and bolt manufacturing",1,5-9,City of Brampton,StatCan ODBus v1 (OGL)
c5318c1db5b21bfc5b83,F.C.T.S LTD.,Brampton,Brampton,ON,43.69438,-79.68997,333990,3339,Other general-purpose machinery manufacturing,1,1-4,City of Brampton,StatCan ODBus v1 (OGL)
fa7ee5de89c9040bb93b,FABRIS IRON WORKS INC.,Brampton,Brampton,ON,43.69118,-79.72752,331110,3311,Iron and steel mills and ferro-alloy manufacturing,0,10-19,City of Brampton,StatCan ODBus v1 (OGL)
06addfeae738149a39e1,FALCO STEEL FABRICATORS,Brampton,Brampton,ON,43.74750,-79.67107,331110,3311,Iron and steel mills and ferro-alloy manufacturing,0,10-19,City of Brampton,StatCan ODBus v1 (OGL)
b2088941dac4835eb3b6,FARADAY METALTRON CORPORATION,Brampton,Brampton,ON,43.70708,-79.72982,332810,3328,"Coating, engraving, cold and heat treating and allied activities",1,5-9,City of Brampton,StatCan ODBus v1 (OGL)
9ac88bba5c76ba363102,FAURECIA,Brampton,Brampton,ON,43.72001,-79.68137,336390,3363,Motor vehicle parts manufacturing,1,100-499,City of Brampton,StatCan ODBus v1 (OGL)
8c93c58f86b48070c1b4,FCA CANADA INC.,Brampton,Brampton,ON,43.75200,-79.71323,336110,3361,Motor vehicle manufacturing,0,500+,City of Brampton,StatCan ODBus v1 (OGL)
433971bee2b2aab7a4d7,FENCE AND GATES LTD.,Brampton,Brampton,ON,43.68796,-79.72594,332619,3326,Spring and wire product manufacturing,0,1-4,City of Brampton,StatCan ODBus v1 (OGL)
94c379fb743d12fc3934,FH AUTOMATION,Brampton,Brampton,ON,43.67870,-79.69970,333299,3332,Industrial machinery manufacturing,1,20-49,City of Brampton,StatCan ODBus v1 (OGL)
ba0c710d909330a87e41,FORMNOUVO INC.,Brampton,Brampton,ON,43.68562,-79.69484,332710,3327,"Machine shops, turned product, and screw, nut and bolt manufacturing",1,10-19,City of Brampton,StatCan ODBus v1 (OGL)
ff8b0ca748c2c8eea98e,FRANK COX METROLOGY LTD.,Brampton,Brampton,ON,43.69991,-79.71975,332420,3324,"Boiler, tank and shipping container manufacturing",0,20-49,City of Brampton,StatCan ODBus v1 (OGL)
7b81d9133c8aab9f6d3b,FS CONTROL SERVICES INC.,Brampton,Brampton,ON,43.72414,-79.69463,336320,3363,Motor vehicle parts manufacturing,1,1-4,City of Brampton,StatCan ODBus v1 (OGL)
0fd8a9b6ecbe19168c49,FUTURE STEEL BUILDINGS INTL. CORP.,Brampton,Brampton,ON,43.75542,-79.69793,332311,3323,Architectural and structural metals manufacturing,1,50-99,City of Brampton,StatCan ODBus v1 (OGL)
68c9736b3550b98a6e1b,G AND K FABRICATING,Brampton,Brampton,ON,43.69424,-79.69302,332710,3327,"Machine shops, turned product, and screw, nut and bolt manufacturing",1,1-4,City of Brampton,StatCan ODBus v1 (OGL)
e21895d1cd51bdb6034c,G AND R PRECISION GRINDING INC.,Brampton,Brampton,ON,43.69589,-79.69631,332710,3327,"Machine shops, turned product, and screw, nut and bolt manufacturing",1,5-9,City of Brampton,StatCan ODBus v1 (OGL)
65595740160179abf375,G AND W CANADA,Brampton,Brampton,ON,43.61645,-79.78370,335315,3353,Electrical equipment manufacturing,1,50-99,City of Brampton,StatCan ODBus v1 (OGL)
f769f2dc19640de517cd,G.G FABRICATION,Brampton,Brampton,ON,43.69453,-79.69311,331313,3313,Alumina and aluminum production and processing,0,20-49,City of Brampton,StatCan ODBus v1 (OGL)
6bd6d1a50ccc64df1efb,GAIO FABRICATING INC.,Brampton,Brampton,ON,43.70314,-79.79246,331110,3311,Iron and steel mills and ferro-alloy manufacturing,0,5-9,City of Brampton,StatCan ODBus v1 (OGL)
f47e7cf72e8ba6c7b865,GASKETMAN INC.,Brampton,Brampton,ON,43.73518,-79.69983,333990,3339,Other general-purpose machinery manufacturing,1,1-4,City of Brampton,StatCan ODBus v1 (OGL)
7a7f6112163fb85ed282,GENERAL ALLOY WELDING AND FABRICATING,Brampton,Brampton,ON,43.69286,-79.69433,333990,3339,Other general-purpose machinery manufacturing,1,1-4,City of Brampton,StatCan ODBus v1 (OGL)
05dcfdb0c631e4a47742,GENERAL CABLE,Brampton,Brampton,ON,43.73463,-79.64451,335920,3359,Other electrical equipment and component manufacturing,1,1-4,City of Brampton,StatCan ODBus v1 (OGL)
679c150147dffd19add0,GENERAL KINETICS ENGINEERING CORPORATION,Brampton,Brampton,ON,43.70966,-79.69311,336330,3363,Motor vehicle parts manufacturing,1,20-49,City of Brampton,StatCan ODBus v1 (OGL)
d8807383bf2c9ece13c9,GENOMIC PRECISION FABRICTORS LTD.,Brampton,Brampton,ON,43.73615,-79.69144,332710,3327,"Machine shops, turned product, and screw, nut and bolt manufacturing",1,10-19,City of Brampton,StatCan ODBus v1 (OGL)
2110781c4af5636c8045,GENSTEEL - DIVISION OF AUSTIN STEEL GROUP INC.,Brampton,Brampton,ON,43.75464,-79.69398,331110,3311,Iron and steel mills and ferro-alloy manufacturing,0,20-49,City of Brampton,StatCan ODBus v1 (OGL)
4392313da5ae8334ce1b,GEOGRAPHICS COMPANY INC.,Brampton,Brampton,ON,43.76061,-79.70923,334290,3342,Communications equipment manufacturing,0,5-9,City of Brampton,StatCan ODBus v1 (OGL)
3b782f2b02730dd4b1c8,GEOMETRICS TOOLING INC.,Brampton,Brampton,ON,43.69161,-79.69873,333519,3335,Metalworking machinery manufacturing,0,1-4,City of Brampton,StatCan ODBus v1 (OGL)
d7dee4cea2d724475a7d,GILL MANUFACTURING LTD.,Brampton,Brampton,ON,43.73327,-79.65050,332710,3327,"Machine shops, turned product, and screw, nut and bolt manufacturing",1,20-49,City of Brampton,StatCan ODBus v1 (OGL)
ed6772110d6f2be478f2,GLACIER PRECISION MACHINING,Brampton,Brampton,ON,43.68498,-79.71661,333990,3339,Other general-purpose machinery manufacturing,1,5-9,City of Brampton,StatCan ODBus v1 (OGL)
f20042c2e8245dca3b75,GLACIER REFRIGERATION,Brampton,Brampton,ON,43.68760,-79.72477,333416,3334,"Ventilation, heating, air-conditioning and commercial refrigeration equipment manufacturing",0,1-4,City of Brampton,StatCan ODBus v1 (OGL)
e8ddb1639fb7decd005f,GLENCOE MACHINE SALES LTD.,Brampton,Brampton,ON,43.75826,-79.70543,336390,3363,Motor vehicle parts manufacturing,1,1-4,City of Brampton,StatCan ODBus v1 (OGL)
1e59c5094afe7993b26c,GORD TELECOM INC.,Brampton,Brampton,ON,43.74207,-79.68884,332319,3323,Architectural and structural metals manufacturing,1,10-19,City of Brampton,StatCan ODBus v1 (OGL)
a47abfc33a38360573a2,GRACE SHEET METAL INC.,Brampton,Brampton,ON,43.74684,-79.67210,332311,3323,Architectural and structural metals manufacturing,1,1-4,City of Brampton,StatCan ODBus v1 (OGL)
aeeb74eb03c4341a88cd,GRAPHITE TECHNOLOGY INC.,Brampton,Brampton,ON,43.72352,-79.69364,336390,3363,Motor vehicle parts manufacturing,1,1-4,City of Brampton,StatCan ODBus v1 (OGL)
772d4139a3a7d9df3390,GRAY TOOLS CANADA INC.,Brampton,Brampton,ON,43.69908,-79.71588,332210,3322,Cutlery and hand tool manufacturing,0,50-99,City of Brampton,StatCan ODBus v1 (OGL)
c73cd9896b9ca2f53892,GRD GEAR & MACHINE MANUFACTURING INC.,Brampton,Brampton,ON,43.71249,-79.67834,333519,3335,Metalworking machinery manufacturing,0,1-4,City of Brampton,StatCan ODBus v1 (OGL)
461a91f19b86071aae1b,GRD GEAR AND MACHINE MANU,Brampton,Brampton,ON,43.71254,-79.67940,333619,3336,"Engine, turbine and power transmission equipment manufacturing",1,1-4,City of Brampton,StatCan ODBus v1 (OGL)
e593f939b94be38d3231,GS CNC SOLUTIONS LTD.,Brampton,Brampton,ON,43.72225,-79.68685,332710,3327,"Machine shops, turned product, and screw, nut and bolt manufacturing",1,5-9,City of Brampton,StatCan ODBus v1 (OGL)
4ed1cb1e428a5b718364,GUNNEBO CANADA INC.,Brampton,Brampton,ON,43.71997,-79.67672,332999,3329,Other fabricated metal product manufacturing,1,20-49,City of Brampton,StatCan ODBus v1 (OGL)
804c544c8c87c2cfcb84,HACO CANADA INC.,Brampton,Brampton,ON,43.68131,-79.78847,332710,3327,"Machine shops, turned product, and screw, nut and bolt manufacturing",1,1-4,City of Brampton,StatCan ODBus v1 (OGL)
f6adedf865c6380099ca,HARRIS REBAR,Brampton,Brampton,ON,43.74649,-79.65442,332314,3323,Architectural and structural metals manufacturing,1,50-99,City of Brampton,StatCan ODBus v1 (OGL)
deacd89d4f1e696764fb,HARRIS STOLPER INTERNATIONAL INC.,Brampton,Brampton,ON,43.73368,-79.69695,336120,3361,Motor vehicle manufacturing,0,20-49,City of Brampton,StatCan ODBus v1 (OGL)
babf9b7139cfe1efe31e,HARRY MACHINING TOOLING AND STAMPING,Brampton,Brampton,ON,43.71084,-79.68571,332710,3327,"Machine shops, turned product, and screw, nut and bolt manufacturing",1,1-4,City of Brampton,StatCan ODBus v1 (OGL)
d4b0dac6b50922eb9d10,HB METAL MANUFACTURING,Brampton,Brampton,ON,43.73521,-79.64871,333310,3333,Commercial and service industry machinery manufacturing,1,5-9,City of Brampton,StatCan ODBus v1 (OGL)
046ad48fb6f259190f9f,HERCULES SLR,Brampton,Brampton,ON,43.71419,-79.68226,333920,3339,Other general-purpose machinery manufacturing,1,1-4,City of Brampton,StatCan ODBus v1 (OGL)
88c243c6de4c7a287818,HITA TOOL AND DIE LTD.,Brampton,Brampton,ON,43.68670,-79.71801,332710,3327,"Machine shops, turned product, and screw, nut and bolt manufacturing",1,1-4,City of Brampton,StatCan ODBus v1 (OGL)
cffa0928324bd70254df,HY-POWER COATINGS LTD.,Brampton,Brampton,ON,43.73609,-79.68237,332810,3328,"Coating, engraving, cold and heat treating and allied activities",1,20-49,City of Brampton,StatCan ODBus v1 (OGL)
d0e93ca07e9e84d46fb5,"HYDROFORM SOLUTIONS, A DIVISION OF MARTINREA INTL.",Brampton,Brampton,ON,43.75183,-79.70873,336390,3363,Motor vehicle parts manufacturing,1,100-499,City of Brampton,StatCan ODBus v1 (OGL)
3107e0b024adaa303c73,IDEAL ROOFING,Brampton,Brampton,ON,43.74204,-79.70699,332329,3323,Architectural and structural metals manufacturing,1,10-19,City of Brampton,StatCan ODBus v1 (OGL)
a5c674253a4e2e81b8ed,iFAB,Brampton,Brampton,ON,43.69279,-79.69906,332319,3323,Architectural and structural metals manufacturing,1,1-4,City of Brampton,StatCan ODBus v1 (OGL)
d57508b2370c7e1508d3,IMPACT AERO INTERIORS,Brampton,Brampton,ON,43.68944,-79.69529,336410,3364,Aerospace product and parts manufacturing,1,1-4,City of Brampton,StatCan ODBus v1 (OGL)
ec7cf93111e7a3dd4751,IMPACT MACHINEWORKS LTD.,Brampton,Brampton,ON,43.68631,-79.72007,332710,3327,"Machine shops, turned product, and screw, nut and bolt manufacturing",1,1-4,City of Brampton,StatCan ODBus v1 (OGL)
a3f77830b79a75e7c6ae,INDUSTRIAL ENGRAVING AND MACHINING,Brampton,Brampton,ON,43.69589,-79.69631,332810,3328,"Coating, engraving, cold and heat treating and allied activities",1,5-9,City of Brampton,StatCan ODBus v1 (OGL)
75528e477e421d9d32c4,INDUSTRIAL SYSTECH LTD.,Brampton,Brampton,ON,43.73689,-79.68335,334512,3345,"Navigational, measuring, medical and control instruments manufacturing",1,5-9,City of Brampton,StatCan ODBus v1 (OGL)
429a70fcf9b3bf6e5e57,INFINITIVE TOOLS INC.,Brampton,Brampton,ON,43.73675,-79.64873,332710,3327,"Machine shops, turned product, and screw, nut and bolt manufacturing",1,1-4,City of Brampton,StatCan ODBus v1 (OGL)
907d0c4540171f5e2a2f,INKAN LIMITED,Brampton,Brampton,ON,43.73552,-79.69039,332710,3327,"Machine shops, turned product, and screw, nut and bolt manufacturing",1,50-99,City of Brampton,StatCan ODBus v1 (OGL)
297fc58d9cc43755bc77,INTEMAC CONTROLS AND AUTOMATION,Brampton,Brampton,ON,43.75529,-79.69847,333299,3332,Industrial machinery manufacturing,1,5-9,City of Brampton,StatCan ODBus v1 (OGL)
d26e48526ecfbf27eaeb,INTRAFAB,Brampton,Brampton,ON,43.70126,-79.80073,332710,3327,"Machine shops, turned product, and screw, nut and bolt manufacturing",1,1-4,City of Brampton,StatCan ODBus v1 (OGL)
392fa45b2070a04bfef5,IRON DUKES INC.,Brampton,Brampton,ON,43.68220,-79.71861,332329,3323,Architectural and structural metals manufacturing,1,1-4,City of Brampton,StatCan ODBus v1 (OGL)
237edfe5684a21e51c32,J AND T MACHINE KNIFE INC.,Brampton,Brampton,ON,43.76303,-79.70544,332210,3322,Cutlery and hand tool manufacturing,0,10-19,City of Brampton,StatCan ODBus v1 (OGL)
61e4880b3f679140aace,J.B. ALUMINUM PRODUCTS LTD.,Brampton,Brampton,ON,43.78767,-79.75416,332321,3323,Architectural and structural metals manufacturing,1,20-49,City of Brampton,StatCan ODBus v1 (OGL)
30806d9a1447ed235869,JACKSON TOOL AND ENGINEERING,Brampton,Brampton,ON,43.68415,-79.71973,332210,3322,Cutlery and hand tool manufacturing,0,1-4,City of Brampton,StatCan ODBus v1 (OGL)
80cacdde75d75e62c5f8,JAIBRO TRUCK PARTS,Brampton,Brampton,ON,43.71037,-79.68620,336310,3363,Motor vehicle parts manufacturing,1,1-4,City of Brampton,StatCan ODBus v1 (OGL)
9d5dd74e91b385e39676,JARDEN CONSUMER SOLUTIONS,Brampton,Brampton,ON,43.61853,-79.77786,335210,3352,Household appliance manufacturing,0,100-499,City of Brampton,StatCan ODBus v1 (OGL)
8b935432dd105e0a4b80,JENCO CANADA,Brampton,Brampton,ON,43.72756,-79.69579,335110,3351,Electric lighting equipment manufacturing,0,1-4,City of Brampton,StatCan ODBus v1 (OGL)
929356e3ec47b62772d5,JOBAL MANUFACTURING INC.,Brampton,Brampton,ON,43.76041,-79.70170,336390,3363,Motor vehicle parts manufacturing,1,20-49,City of Brampton,StatCan ODBus v1 (OGL)
8764f099d4fc744c9d88,JR ENTERPRISES,Brampton,Brampton,ON,43.69603,-79.69631,332311,3323,Architectural and structural metals manufacturing,1,1-4,City of Brampton,StatCan ODBus v1 (OGL)
58b40c16d2066f0761c3,JRJTECH DESIGN AND MFG. CORP.,Brampton,Brampton,ON,43.75715,-79.70120,332710,3327,"Machine shops, turned product, and screw, nut and bolt manufacturing",1,5-9,City of Brampton,StatCan ODBus v1 (OGL)
f2ac6b11ba69fb8e3822,JUST-RITE PRECISION GRINDING INC.,Brampton,Brampton,ON,43.73532,-79.70006,332710,3327,"Machine shops, turned product, and screw, nut and bolt manufacturing",1,1-4,City of Brampton,StatCan ODBus v1 (OGL)
06e715117c5c907c13c5,KA FACTOR GROUP,Brampton,Brampton,ON,43.68413,-79.71435,335315,3353,Electrical equipment manufacturing,1,1-4,City of Brampton,StatCan ODBus v1 (OGL)
18d071ebb921ca74e32a,KBM INDUSTRIES,Brampton,Brampton,ON,43.75892,-79.70405,332999,3329,Other fabricated metal product manufacturing,1,1-4,City of Brampton,StatCan ODBus v1 (OGL)
a46a67c9d6884e8b91d5,KLIMATROL ENVIRONMENTAL SYSTEMS,Brampton,Brampton,ON,43.68344,-79.71491,333416,3334,"Ventilation, heating, air-conditioning and commercial refrigeration equipment manufacturing",0,5-9,City of Brampton,StatCan ODBus v1 (OGL)
2ae245920ecc1f21a9f5,KTECH INDUSTRIAL PRODUCTS INC.,Brampton,Brampton,ON,43.70099,-79.80266,334512,3345,"Navigational, measuring, medical and control instruments manufacturing",1,1-4,City of Brampton,StatCan ODBus v1 (OGL)
ab4b604aaa804198f80e,L K MAGICUT,Brampton,Brampton,ON,43.68170,-79.78791,333511,3335,Metalworking machinery manufacturing,0,1-4,City of Brampton,StatCan ODBus v1 (OGL)
33fec34181730d679a28,LAIRD PLASTICS (CANADA) INC.,Brampton,Brampton,ON,43.69512,-79.72778,332710,3327,"Machine shops, turned product, and screw, nut and bolt manufacturing",1,20-49,City of Brampton,StatCan ODBus v1 (OGL)
a559353be8670e0aa4dc,LANDMARK EDM,Brampton,Brampton,ON,43.70224,-79.80054,332710,3327,"Machine shops, turned product, and screw, nut and bolt manufacturing",1,1-4,City of Brampton,StatCan ODBus v1 (OGL)
285eef3063e125570b19,LEEN STEELS LTD.,Brampton,Brampton,ON,43.73215,-79.69545,332319,3323,Architectural and structural metals manufacturing,1,10-19,City of Brampton,StatCan ODBus v1 (OGL)
e3c86ac3e4d4ee428f88,LGH INDUSTRIAL SERVICES LTD.,Brampton,Brampton,ON,43.73527,-79.69940,333310,3333,Commercial and service industry machinery manufacturing,1,5-9,City of Brampton,StatCan ODBus v1 (OGL)
6d0bdb404f754e41a182,LIFTOW,Brampton,Brampton,ON,43.68131,-79.78846,333920,3339,Other general-purpose machinery manufacturing,1,1-4,City of Brampton,StatCan ODBus v1 (OGL)
96ed0e52b8d91a3ab04c,LKQ - KEYSTONE,Brampton,Brampton,ON,43.73159,-79.65851,336390,3363,Motor vehicle parts manufacturing,1,100-499,City of Brampton,StatCan ODBus v1 (OGL)
99904bbc35300f27da4b,LORVIN STEEL LTD.,Brampton,Brampton,ON,43.76184,-79.70570,332710,3327,"Machine shops, turned product, and screw, nut and bolt manufacturing",1,20-49,City of Brampton,StatCan ODBus v1 (OGL)
6dfbdde6403f82bfea86,LP PRECISION FORM TOOLS LTD.,Brampton,Brampton,ON,43.73521,-79.64871,332210,3322,Cutlery and hand tool manufacturing,0,1-4,City of Brampton,StatCan ODBus v1 (OGL)
5eeaf47009e650987997,LSC ALUMINUM PRODUCTS,Brampton,Brampton,ON,43.75763,-79.69472,331317,3313,Alumina and aluminum production and processing,0,1-4,City of Brampton,StatCan ODBus v1 (OGL)
4c9b8b9f30117c751be0,M AND P TOOL PRODUCTS INC.,Brampton,Brampton,ON,43.70621,-79.80659,332329,3323,Architectural and structural metals manufacturing,1,50-99,City of Brampton,StatCan ODBus v1 (OGL)
ac84c7c045ec3c2013ef,MAGNA VECTRICS,Brampton,Brampton,ON,43.72269,-79.67990,336390,3363,Motor vehicle parts manufacturing,1,20-49,City of Brampton,StatCan ODBus v1 (OGL)
de2e8e9db30ad3a5fbe9,MAGNUM DYNALAB LTD.,Brampton,Brampton,ON,43.69295,-79.69725,334310,3343,Audio and video equipment manufacturing,0,5-9,City of Brampton,StatCan ODBus v1 (OGL)
dbf544d29a1116cf4dc6,MAGNUM INTEGRATED TECHNOLOGIES,Brampton,Brampton,ON,43.67618,-79.71218,333519,3335,Metalworking machinery manufacturing,0,50-99,City of Brampton,StatCan ODBus v1 (OGL)
c86e2662071869a2b80f,MANN MACHINES AND HYDRAULICS LTD.,Brampton,Brampton,ON,43.68580,-79.69994,332710,3327,"Machine shops, turned product, and screw, nut and bolt manufacturing",1,10-19,City of Brampton,StatCan ODBus v1 (OGL)
1423356903c645d07269,MANORTOOL LIMITED,Brampton,Brampton,ON,43.69338,-79.69359,332999,3329,Other fabricated metal product manufacturing,1,10-19,City of Brampton,StatCan ODBus v1 (OGL)
0ec10fc48ec32df14ce4,MARIS MACHINE WORKS INC.,Brampton,Brampton,ON,43.69287,-79.72953,332710,3327,"Machine shops, turned product, and screw, nut and bolt manufacturing",1,20-49,City of Brampton,StatCan ODBus v1 (OGL)
e5266c7b7b59a46377cc,MARTEC PRECISION,Brampton,Brampton,ON,43.74551,-79.66854,332720,3327,"Machine shops, turned product, and screw, nut and bolt manufacturing",1,10-19,City of Brampton,StatCan ODBus v1 (OGL)
8f1120ff42238d911d76,MASSIV DIE FORM,Brampton,Brampton,ON,43.70191,-79.67858,333519,3335,Metalworking machinery manufacturing,0,100-499,City of Brampton,StatCan ODBus v1 (OGL)
901aedb39d5af288f2fc,MASSIV DIE-FORM AUTOMATED SYSTEMS,Brampton,Brampton,ON,43.71638,-79.67954,333310,3333,Commercial and service industry machinery manufacturing,1,100-499,City of Brampton,StatCan ODBus v1 (OGL)
ffd98c1d42bfc7c5011e,MASTER HYDRAULICS LTD.,Brampton,Brampton,ON,43.70987,-79.67908,333990,3339,Other general-purpose machinery manufacturing,1,1-4,City of Brampton,StatCan ODBus v1 (OGL)
00a29a06802aa1e6e616,MATALCO INC.,Brampton,Brampton,ON,43.74387,-79.65753,331317,3313,Alumina and aluminum production and processing,0,50-99,City of Brampton,StatCan ODBus v1 (OGL)
a6992a9a38a3ac452e40,MATCOR AUTOMOTIVE INC.,Brampton,Brampton,ON,43.69791,-79.70073,336370,3363,Motor vehicle parts manufacturing,1,500+,City of Brampton,StatCan ODBus v1 (OGL)
5675c7b1efbd8f6115c3,MATCOR METAL FABRICATION,Brampton,Brampton,ON,43.71231,-79.68745,332999,3329,Other fabricated metal product manufacturing,1,50-99,City of Brampton,StatCan ODBus v1 (OGL)
644921cfcdc73ad6a3e7,MAXIMUM MACHINE SHOP,Brampton,Brampton,ON,43.68740,-79.69528,332710,3327,"Machine shops, turned product, and screw, nut and bolt manufacturing",1,1-4,City of Brampton,StatCan ODBus v1 (OGL)
067f5b3bd0cb413d016e,MAXPOWER FRICTION INC.,Brampton,Brampton,ON,43.76010,-79.70413,336340,3363,Motor vehicle parts manufacturing,1,10-19,City of Brampton,StatCan ODBus v1 (OGL)
e9bad854a7790824b939,MDA ROBOTICS AND AUTOMATION,Brampton,Brampton,ON,43.75254,-79.70525,336410,3364,Aerospace product and parts manufacturing,1,100-499,City of Brampton,StatCan ODBus v1 (OGL)
96ba77d180202263b0a3,MEDTRONIC OF CANADA LTD.,Brampton,Brampton,ON,43.62094,-79.76906,334512,3345,"Navigational, measuring, medical and control instruments manufacturing",1,100-499,City of Brampton,StatCan ODBus v1 (OGL)
0e65219b2e1f0abd151c,METAL DOMINION TRADING,Brampton,Brampton,ON,43.75817,-79.71211,332619,3326,Spring and wire product manufacturing,0,1-4,City of Brampton,StatCan ODBus v1 (OGL)
b586c0d2ade556fc73bf,METAL IMPROVEMENT COMPANY LLC,Brampton,Brampton,ON,43.69776,-79.68896,332999,3329,Other fabricated metal product manufacturing,1,20-49,City of Brampton,StatCan ODBus v1 (OGL)
151a48b60402a89cbe5d,METELIX PRODUCTS INC.,Brampton,Brampton,ON,43.70605,-79.80042,332710,3327,"Machine shops, turned product, and screw, nut and bolt manufacturing",1,100-499,City of Brampton,StatCan ODBus v1 (OGL)
839d8a1f4705599efec0,METRO FASTENING CENTRE INC.,Brampton,Brampton,ON,43.73675,-79.64873,332720,3327,"Machine shops, turned product, and screw, nut and bolt manufacturing",1,10-19,City of Brampton,StatCan ODBus v1 (OGL)
9179017d600791e18f70,METRO FENCE AND FITTINGS LTD.,Brampton,Brampton,ON,43.68200,-79.71799,332720,3327,"Machine shops, turned product, and screw, nut and bolt manufacturing",1,10-19,City of Brampton,StatCan ODBus v1 (OGL)
6a6d65f4444fd97b39fe,METROAIR HOME COMFORT SOLUTIONS SINC.E 1954,Brampton,Brampton,ON,43.76291,-79.70486,333416,3334,"Ventilation, heating, air-conditioning and commercial refrigeration equipment manufacturing",0,20-49,City of Brampton,StatCan ODBus v1 (OGL)
bbcc61492fe162fa8af1,MH ROWE SHEET METAL FABRICATING INC.,Brampton,Brampton,ON,43.69043,-79.69875,332329,3323,Architectural and structural metals manufacturing,1,5-9,City of Brampton,StatCan ODBus v1 (OGL)
e77e14a381100e2fde7f,MHR HYDRAULICS LTD.,Brampton,Brampton,ON,43.69120,-79.72615,332710,3327,"Machine shops, turned product, and screw, nut and bolt manufacturing",1,5-9,City of Brampton,StatCan ODBus v1 (OGL)
1f8ac36a06fafa7ee121,MILLCO INDUSTRIES LTD.,Brampton,Brampton,ON,43.69339,-79.69142,333519,3335,Metalworking machinery manufacturing,0,1-4,City of Brampton,StatCan ODBus v1 (OGL)
c7b317162a80d133b39d,MILLENIUM FENCE,Brampton,Brampton,ON,43.73519,-79.69930,332329,3323,Architectural and structural metals manufacturing,1,1-4,City of Brampton,StatCan ODBus v1 (OGL)
1f45a08959846a0ff126,MIRAGE STEEL LTD.,Brampton,Brampton,ON,43.75796,-79.70957,331110,3311,Iron and steel mills and ferro-alloy manufacturing,0,20-49,City of Brampton,StatCan ODBus v1 (OGL)
9ca810bbebca10355c22,MIRUS INTERNATIONAL INC.,Brampton,Brampton,ON,43.75985,-79.69769,335311,3353,Electrical equipment manufacturing,1,50-99,City of Brampton,StatCan ODBus v1 (OGL)
f6eb30ae5c093a3fb98c,MODERN AIR FILTERS CORPORATION,Brampton,Brampton,ON,43.70926,-79.68131,333413,3334,"Ventilation, heating, air-conditioning and commercial refrigeration equipment manufacturing",0,1-4,City of Brampton,StatCan ODBus v1 (OGL)
1cbf747b7e66e7017c21,MODULAR POWER SYSTEMS INC.,Brampton,Brampton,ON,43.69436,-79.73499,335315,3353,Electrical equipment manufacturing,1,1-4,City of Brampton,StatCan ODBus v1 (OGL)
dfb2fc2af559adf2590f,MORGAN CANADA CORPORATION,Brampton,Brampton,ON,43.73905,-79.69099,336211,3362,Motor vehicle body and trailer manufacturing,0,100-499,City of Brampton,StatCan ODBus v1 (OGL)
2474ea555260f47874aa,MRM PRECISION INSTRUMENTS INC.,Brampton,Brampton,ON,43.70007,-79.79910,334512,3345,"Navigational, measuring, medical and control instruments manufacturing",1,5-9,City of Brampton,StatCan ODBus v1 (OGL)
0cec3f77c953ea205f87,MULTI-TAC INC.,Brampton,Brampton,ON,43.72272,-79.68746,333990,3339,Other general-purpose machinery manufacturing,1,10-19,City of Brampton,StatCan ODBus v1 (OGL)
6d10d7bf23b2be9638f6,MULTIVAC CANADA INC.,Brampton,Brampton,ON,43.76337,-79.66234,333990,3339,Other general-purpose machinery manufacturing,1,50-99,City of Brampton,StatCan ODBus v1 (OGL)
8fe4b7b6468afdd1f040,MURO NORTH AMERICA INC.,Brampton,Brampton,ON,43.70070,-79.72737,335311,3353,Electrical equipment manufacturing,1,10-19,City of Brampton,StatCan ODBus v1 (OGL)
af819ecbd287536e174c,MURRAY MANUFACTURING INC.,Brampton,Brampton,ON,43.69596,-79.69716,333990,3339,Other general-purpose machinery manufacturing,1,1-4,City of Brampton,StatCan ODBus v1 (OGL)
59451abdfc7b9de82c9c,N4 STANDARDS,Brampton,Brampton,ON,43.68597,-79.77059,332710,3327,"Machine shops, turned product, and screw, nut and bolt manufacturing",1,1-4,City of Brampton,StatCan ODBus v1 (OGL)
7155e3292f0381c013fd,NAHANNI STEEL PRODUCTS INC.,Brampton,Brampton,ON,43.74106,-79.66592,336310,3363,Motor vehicle parts manufacturing,1,50-99,City of Brampton,StatCan ODBus v1 (OGL)
cdd2687c1878820aacab,NEWTONS ELECTRIC,Brampton,Brampton,ON,43.68458,-79.70627,336410,3364,Aerospace product and parts manufacturing,1,10-19,City of Brampton,StatCan ODBus v1 (OGL)
d3c7358930f29d1c5d49,NORELCO SAFECAM,Brampton,Brampton,ON,43.74524,-79.67170,334210,3342,Communications equipment manufacturing,0,20-49,City of Brampton,StatCan ODBus v1 (OGL)
9e55a86251b8530a4eb3,NORELDA HOSIERY LTD.,Brampton,Brampton,ON,43.75758,-79.71252,333299,3332,Industrial machinery manufacturing,1,1-4,City of Brampton,StatCan ODBus v1 (OGL)
f96be9a956290d278215,NORTHERN INDUSTRIAL SUPPLY COMPANY,Brampton,Brampton,ON,43.75758,-79.71252,333990,3339,Other general-purpose machinery manufacturing,1,1-4,City of Brampton,StatCan ODBus v1 (OGL)
3fa38de36bb816d7b303,NORTHWEST GAS LTD.,Brampton,Brampton,ON,43.69425,-79.69129,332810,3328,"Coating, engraving, cold and heat treating and allied activities",1,5-9,City of Brampton,StatCan ODBus v1 (OGL)
b0831b5bce16ecc18116,NSK CANADA,Brampton,Brampton,ON,43.68243,-79.72113,333990,3339,Other general-purpose machinery manufacturing,1,50-99,City of Brampton,StatCan ODBus v1 (OGL)
7fabd8450b0d0fae3386,OAKLEY SUB ASSEMBLY,Brampton,Brampton,ON,43.73311,-79.69163,336110,3361,Motor vehicle manufacturing,0,50-99,City of Brampton,StatCan ODBus v1 (OGL)
bbdf4c002d623837f6db,OM MANUFACTURING INC.,Brampton,Brampton,ON,43.71091,-79.68597,332720,3327,"Machine shops, turned product, and screw, nut and bolt manufacturing",1,1-4,City of Brampton,StatCan ODBus v1 (OGL)
249004149283b3508655,OMNI PRECISION INC.,Brampton,Brampton,ON,43.68763,-79.69782,332720,3327,"Machine shops, turned product, and screw, nut and bolt manufacturing",1,5-9,City of Brampton,StatCan ODBus v1 (OGL)
98bf0947c5f700664f2c,ONTARIO FABRICATORS LTD.,Brampton,Brampton,ON,43.75698,-79.70311,332319,3323,Architectural and structural metals manufacturing,1,5-9,City of Brampton,StatCan ODBus v1 (OGL)
b746b26a5927328a0907,ONTARIO HEATING LTD.,Brampton,Brampton,ON,43.69320,-79.69392,333416,3334,"Ventilation, heating, air-conditioning and commercial refrigeration equipment manufacturing",0,5-9,City of Brampton,StatCan ODBus v1 (OGL)
dc185762b833fd678d42,ONTARIO SPRAY BOOTH LTD.,Brampton,Brampton,ON,43.68488,-79.71641,332999,3329,Other fabricated metal product manufacturing,1,5-9,City of Brampton,StatCan ODBus v1 (OGL)
9beb5bd5cfb8ae462ef6,ONTARIO WELDING & FABRICATION LTD.,Brampton,Brampton,ON,43.71439,-79.68773,332319,3323,Architectural and structural metals manufacturing,1,1-4,City of Brampton,StatCan ODBus v1 (OGL)
aea5e6b4c02b01af985c,ONTARIO WELDING AND FABRICATION,Brampton,Brampton,ON,43.70980,-79.67901,332319,3323,Architectural and structural metals manufacturing,1,1-4,City of Brampton,StatCan ODBus v1 (OGL)
94303bf5ac549a2839d6,OPEN STORAGE SOLUTIONS INC.,Brampton,Brampton,ON,43.73606,-79.65362,334110,3341,Computer and peripheral equipment manufacturing,0,20-49,City of Brampton,StatCan ODBus v1 (OGL)
6e219862368ca84c41ad,OPTIFIBER PRODUCTS,Brampton,Brampton,ON,43.70855,-79.68264,332710,3327,"Machine shops, turned product, and screw, nut and bolt manufacturing",1,1-4,City of Brampton,StatCan ODBus v1 (OGL)
edb1b9c5bc7a4f017802,OX INDUSTRIES,Brampton,Brampton,ON,43.70518,-79.79050,333220,3332,Industrial machinery manufacturing,1,20-49,City of Brampton,StatCan ODBus v1 (OGL)
acfe53964b1e4dc38b08,P AND P PRECISION WORKS LTD.,Brampton,Brampton,ON,43.68787,-79.69814,332710,3327,"Machine shops, turned product, and screw, nut and bolt manufacturing",1,5-9,City of Brampton,StatCan ODBus v1 (OGL)
e7abdbd281f3093a9a23,PACIFIC SAFETY PRODUCTS INC.,Brampton,Brampton,ON,43.78199,-79.70669,336990,3369,Other transportation equipment manufacturing,1,5-9,City of Brampton,StatCan ODBus v1 (OGL)
b146dc946a00dd9e0867,PARAMOUNT STEEL LTD.,Brampton,Brampton,ON,43.76206,-79.70827,331110,3311,Iron and steel mills and ferro-alloy manufacturing,0,10-19,City of Brampton,StatCan ODBus v1 (OGL)
5e71cbd37ad9cee5c047,PDQ GROUP,Brampton,Brampton,ON,43.69259,-79.69947,331110,3311,Iron and steel mills and ferro-alloy manufacturing,0,1-4,City of Brampton,StatCan ODBus v1 (OGL)
cd7425155843a1d5b395,PHILS PRECISION MACHINING SERVICE,Brampton,Brampton,ON,43.72414,-79.69463,332710,3327,"Machine shops, turned product, and screw, nut and bolt manufacturing",1,1-4,City of Brampton,StatCan ODBus v1 (OGL)
2368c7d03c161810309b,PJS SYSTEMS,Brampton,Brampton,ON,43.73252,-79.67629,334610,3346,Manufacturing and reproducing magnetic and optical media,0,1-4,City of Brampton,StatCan ODBus v1 (OGL)
2f2b70e4e2465ed53c2c,PLASTIC PROCESS TECHNOLOGY GROUP INC.,Brampton,Brampton,ON,43.73644,-79.68278,332710,3327,"Machine shops, turned product, and screw, nut and bolt manufacturing",1,10-19,City of Brampton,StatCan ODBus v1 (OGL)
085a4266df4a16e4752c,PLATINUM WELDING AND FABRICATION INC,Brampton,Brampton,ON,43.71000,-79.67912,332319,3323,Architectural and structural metals manufacturing,1,1-4,City of Brampton,StatCan ODBus v1 (OGL)
b9d50cbff6d22e2ce770,POCZO MANUFACTURING COMPANY LTD.,Brampton,Brampton,ON,43.68737,-79.69598,333990,3339,Other general-purpose machinery manufacturing,1,20-49,City of Brampton,StatCan ODBus v1 (OGL)
212a2428c157668e770d,POLY-PLAS FEED SCREWS INC.,Brampton,Brampton,ON,43.67748,-79.71249,332720,3327,"Machine shops, turned product, and screw, nut and bolt manufacturing",1,10-19,City of Brampton,StatCan ODBus v1 (OGL)
5def56703213932dbd54,POLYMATH ENGINEERING COMPANY,Brampton,Brampton,ON,43.75922,-79.70460,332710,3327,"Machine shops, turned product, and screw, nut and bolt manufacturing",1,1-4,City of Brampton,StatCan ODBus v1 (OGL)
e4834b1aa894f01d4b3c,POWER BUS WAY LTD.,Brampton,Brampton,ON,43.69383,-79.69475,332329,3323,Architectural and structural metals manufacturing,1,10-19,City of Brampton,StatCan ODBus v1 (OGL)
6c48b144324d5948ea68,POWERSMITHS INTERNATIONAL CORPORATION,Brampton,Brampton,ON,43.73199,-79.67896,335990,3359,Other electrical equipment and component manufacturing,1,100-499,City of Brampton,StatCan ODBus v1 (OGL)
ac4d5cd26622c7716b90,PRO-TECH STAINLESS AND SERVICES,Brampton,Brampton,ON,43.69289,-79.69180,333310,3333,Commercial and service industry machinery manufacturing,1,10-19,City of Brampton,StatCan ODBus v1 (OGL)
9a3c287daff69a1e54a4,PROTOSTEEL INDUSTRIES LTD.,Brampton,Brampton,ON,43.81802,-79.67919,332710,3327,"Machine shops, turned product, and screw, nut and bolt manufacturing",1,10-19,City of Brampton,StatCan ODBus v1 (OGL)
8b0a45d91d64db342c50,Q MOULDS INC.,Brampton,Brampton,ON,43.75771,-79.70103,333220,3332,Industrial machinery manufacturing,1,5-9,City of Brampton,StatCan ODBus v1 (OGL)
4dc0ec34a22795966775,QBD COOLING SYSTEMS INC.,Brampton,Brampton,ON,43.68302,-79.71686,333416,3334,"Ventilation, heating, air-conditioning and commercial refrigeration equipment manufacturing",0,100-499,City of Brampton,StatCan ODBus v1 (OGL)
d77f869aa704f8cdada8,QSS PRECISION COMPONENTS INC.,Brampton,Brampton,ON,43.70296,-79.80033,336390,3363,Motor vehicle parts manufacturing,1,20-49,City of Brampton,StatCan ODBus v1 (OGL)
97d35730baed643b72e8,QUIET MACHINING AND FABRICATIONS,Brampton,Brampton,ON,43.69290,-79.70003,332710,3327,"Machine shops, turned product, and screw, nut and bolt manufacturing",1,5-9,City of Brampton,StatCan ODBus v1 (OGL)
e4c91076c072f8d1e097,QUYS COATING 1 INC.,Brampton,Brampton,ON,43.70004,-79.80132,332810,3328,"Coating, engraving, cold and heat treating and allied activities",1,5-9,City of Brampton,StatCan ODBus v1 (OGL)
5d670a791d4866029801,R &R TOOL & DIE LTD.,Brampton,Brampton,ON,43.71124,-79.68522,332118,3321,Forging and stamping,1,1-4,City of Brampton,StatCan ODBus v1 (OGL)
53a59013f058407449ea,R AND D BANDSAWS,Brampton,Brampton,ON,43.70533,-79.80942,332210,3322,Cutlery and hand tool manufacturing,0,5-9,City of Brampton,StatCan ODBus v1 (OGL)
81ab8b6efcb4bf90dbed,R.S. METAL FABRICATION INC.,Brampton,Brampton,ON,43.71196,-79.74468,332710,3327,"Machine shops, turned product, and screw, nut and bolt manufacturing",1,1-4,City of Brampton,StatCan ODBus v1 (OGL)
cc1e801c0d73fb958cb5,RAGOGNA CUSTOM MACHINERY LTD.,Brampton,Brampton,ON,43.73675,-79.64873,333299,3332,Industrial machinery manufacturing,1,1-4,City of Brampton,StatCan ODBus v1 (OGL)
1b164741fa556f4abf4b,RAM COMPONENTS LTD.,Brampton,Brampton,ON,43.73919,-79.68789,333519,3335,Metalworking machinery manufacturing,0,1-4,City of Brampton,StatCan ODBus v1 (OGL)
1669fea53b444f54f91c,RAYMAX MEDICAL CORPORATION,Brampton,Brampton,ON,43.69560,-79.69835,334512,3345,"Navigational, measuring, medical and control instruments manufacturing",1,10-19,City of Brampton,StatCan ODBus v1 (OGL)
458035699fa8668839af,RB AND W CORPORATION OF CANADA,Brampton,Brampton,ON,43.75797,-79.69808,333519,3335,Metalworking machinery manufacturing,0,100-499,City of Brampton,StatCan ODBus v1 (OGL)
886d4248e74ed7c09304,RBH ACCESS TECHNOLOGIES INC.,Brampton,Brampton,ON,43.75469,-79.70807,334210,3342,Communications equipment manufacturing,0,20-49,City of Brampton,StatCan ODBus v1 (OGL)
9f1df7852082573af69e,REDFAS INDUSTRIES INC.,Brampton,Brampton,ON,43.68279,-79.78143,331222,3312,Steel product manufacturing from purchased steel,0,20-49,City of Brampton,StatCan ODBus v1 (OGL)
35fd570f3071591a2fce,RENUM HYDRAULICS LTD.,Brampton,Brampton,ON,43.68989,-79.69570,333990,3339,Other general-purpose machinery manufacturing,1,10-19,City of Brampton,StatCan ODBus v1 (OGL)
61f66526e6cce28df6ea,REVERSOMATIC,Brampton,Brampton,ON,43.70075,-79.71694,333413,3334,"Ventilation, heating, air-conditioning and commercial refrigeration equipment manufacturing",0,20-49,City of Brampton,StatCan ODBus v1 (OGL)
5090887c9c0672fc2fcb,REWIRE AUTOMATION,Brampton,Brampton,ON,43.71269,-79.71697,335315,3353,Electrical equipment manufacturing,1,10-19,City of Brampton,StatCan ODBus v1 (OGL)
d2f00cfe5b95fde09b46,RHEEM CANADA LTD./ LTE,Brampton,Brampton,ON,43.61974,-79.77338,332410,3324,"Boiler, tank and shipping container manufacturing",0,50-99,City of Brampton,StatCan ODBus v1 (OGL)
f6481f32a0a9b5b7b907,RJM ARCHITECTURAL PRODUCTS INC.,Brampton,Brampton,ON,43.70667,-79.73012,332710,3327,"Machine shops, turned product, and screw, nut and bolt manufacturing",1,1-4,City of Brampton,StatCan ODBus v1 (OGL)
2af8b7cd87ea1e065fbd,ROBAL MACHINERY INC.,Brampton,Brampton,ON,43.75736,-79.70168,332710,3327,"Machine shops, turned product, and screw, nut and bolt manufacturing",1,1-4,City of Brampton,StatCan ODBus v1 (OGL)
23952336610113a68b97,ROCCA SHEET METAL,Brampton,Brampton,ON,43.75863,-79.70131,332311,3323,Architectural and structural metals manufacturing,1,1-4,City of Brampton,StatCan ODBus v1 (OGL)
cb380d81b034d406827a,RODOMECH INDUSTRIES INC.,Brampton,Brampton,ON,43.72319,-79.68802,332710,3327,"Machine shops, turned product, and screw, nut and bolt manufacturing",1,20-49,City of Brampton,StatCan ODBus v1 (OGL)
66657a9297794ddeaa6e,ROKA INC.,Brampton,Brampton,ON,43.75714,-79.70120,333519,3335,Metalworking machinery manufacturing,0,5-9,City of Brampton,StatCan ODBus v1 (OGL)
b1caa66f8a54adaacf6d,ROLL FORMING MACHINE AND DIE MFG COMPANY LTD.,Brampton,Brampton,ON,43.68780,-79.69550,332999,3329,Other fabricated metal product manufacturing,1,10-19,City of Brampton,StatCan ODBus v1 (OGL)
5e8ae34d7416a3af9805,ROMA FENCE LTD.,Brampton,Brampton,ON,43.81546,-79.67907,332329,3323,Architectural and structural metals manufacturing,1,50-99,City of Brampton,StatCan ODBus v1 (OGL)
27907d51e9aa0740ccb4,ROTO-STATIC A DIVISION OF ROBBEN INDUSTRIES LIMITED,Brampton,Brampton,ON,43.73972,-79.68890,333920,3339,Other general-purpose machinery manufacturing,1,20-49,City of Brampton,StatCan ODBus v1 (OGL)
19a5c827d8791279aa29,ROVA PRODUCTS CANADA INC.,Brampton,Brampton,ON,43.76036,-79.70972,334210,3342,Communications equipment manufacturing,0,20-49,City of Brampton,StatCan ODBus v1 (OGL)
3dff6e400cb461e08c14,ROYAL METAL SPINNING INC.,Brampton,Brampton,ON,43.73260,-79.67554,332118,3321,Forging and stamping,1,5-9,City of Brampton,StatCan ODBus v1 (OGL)
6cb44fefc160402e6963,ROYAL PIONEER DOOR AND WINDOW INC.,Brampton,Brampton,ON,43.68405,-79.78217,332321,3323,Architectural and structural metals manufacturing,1,1-4,City of Brampton,StatCan ODBus v1 (OGL)
78c666d1bd4a28aee6db,RUKS ENGINEERING LTD.,Brampton,Brampton,ON,43.75758,-79.71252,334512,3345,"Navigational, measuring, medical and control instruments manufacturing",1,10-19,City of Brampton,StatCan ODBus v1 (OGL)
3816f3e8f0ce8d976e4f,RUSSO PRECISION INC.,Brampton,Brampton,ON,43.75743,-79.69437,336390,3363,Motor vehicle parts manufacturing,1,20-49,City of Brampton,StatCan ODBus v1 (OGL)
d1d7e531828ad27b599e,RYERSON TULL CANADA LTD.,Brampton,Brampton,ON,43.62415,-79.75691,331110,3311,Iron and steel mills and ferro-alloy manufacturing,0,50-99,City of Brampton,StatCan ODBus v1 (OGL)
b7143ed3bde194154d44,SACRAMENTO WELDING AND MANUFACTURING,Brampton,Brampton,ON,43.69220,-79.69895,333990,3339,Other general-purpose machinery manufacturing,1,1-4,City of Brampton,StatCan ODBus v1 (OGL)
8da4ea55a67518a9d3d4,SANI-FLO WELDING LTD.,Brampton,Brampton,ON,43.72414,-79.69463,332999,3329,Other fabricated metal product manufacturing,1,5-9,City of Brampton,StatCan ODBus v1 (OGL)
a8ba1b63de190210f211,SAVARIA CONCORD LIFTS INC.,Brampton,Brampton,ON,43.71906,-79.68239,333920,3339,Other general-purpose machinery manufacturing,1,100-499,City of Brampton,StatCan ODBus v1 (OGL)
df102fcb7eb491ab7971,SDS TOOLING,Brampton,Brampton,ON,43.69396,-79.69358,333511,3335,Metalworking machinery manufacturing,0,5-9,City of Brampton,StatCan ODBus v1 (OGL)
3e30f4a3c7c189bfbc1f,SENIOR OPERATIONS (CANADA) LIMITED,Brampton,Brampton,ON,43.68142,-79.76893,332999,3329,Other fabricated metal product manufacturing,1,50-99,City of Brampton,StatCan ODBus v1 (OGL)
d20dc8689c6eb589494a,SEQURO ALUMINUM RAILINGS INC,Brampton,Brampton,ON,43.70191,-79.80138,332329,3323,Architectural and structural metals manufacturing,1,20-49,City of Brampton,StatCan ODBus v1 (OGL)
d8737cf97dccf3c2d132,SEW-EURODRIVE COMPANY OF CANADA LTD.,Brampton,Brampton,ON,43.73416,-79.69093,333619,3336,"Engine, turbine and power transmission equipment manufacturing",1,100-499,City of Brampton,StatCan ODBus v1 (OGL)
978c4d658fa4aead2a82,SHW PUMP & ENGINE COMPONENTS INC.,Brampton,Brampton,ON,43.75465,-79.69108,336390,3363,Motor vehicle parts manufacturing,1,20-49,City of Brampton,StatCan ODBus v1 (OGL)
8f1c395f5209dc7f056e,SIGMA METALS,Brampton,Brampton,ON,43.70253,-79.80098,332329,3323,Architectural and structural metals manufacturing,1,1-4,City of Brampton,StatCan ODBus v1 (OGL)
c5ef1176c8307db68bdd,SILGAR EQUIPMENT LTD.,Brampton,Brampton,ON,43.68859,-79.73046,332710,3327,"Machine shops, turned product, and screw, nut and bolt manufacturing",1,1-4,City of Brampton,StatCan ODBus v1 (OGL)
2bf9b30debb6256b8ed5,SKJODT-BARRETT,Brampton,Brampton,ON,43.74197,-79.71476,333990,3339,Other general-purpose machinery manufacturing,1,100-499,City of Brampton,StatCan ODBus v1 (OGL)
0f3c6daf12f618e9164f,SLB PREFAB SYSTEM,Brampton,Brampton,ON,43.72758,-79.68887,332311,3323,Architectural and structural metals manufacturing,1,1-4,City of Brampton,StatCan ODBus v1 (OGL)
0107cefb291610c72fcf,SMC AUTOMATION AND TOOLING INC.,Brampton,Brampton,ON,43.73768,-79.68430,332710,3327,"Machine shops, turned product, and screw, nut and bolt manufacturing",1,10-19,City of Brampton,StatCan ODBus v1 (OGL)
317860c5ac67e10a2b9f,SOURCE INDUSTRIAL SERVICES,Brampton,Brampton,ON,43.73576,-79.70065,333920,3339,Other general-purpose machinery manufacturing,1,5-9,City of Brampton,StatCan ODBus v1 (OGL)
2c351c9908b7de91c30e,SOUTHWEST UNITED CANADA,Brampton,Brampton,ON,43.68890,-79.73151,332999,3329,Other fabricated metal product manufacturing,1,10-19,City of Brampton,StatCan ODBus v1 (OGL)
4c25589182bc44fd24e0,SPARK STEEL INC.,Brampton,Brampton,ON,43.68727,-79.73335,333310,3333,Commercial and service industry machinery manufacturing,1,1-4,City of Brampton,StatCan ODBus v1 (OGL)
81da4c70b48c5df03cf8,SPINAS STEEL WORKERS CO LTD.,Brampton,Brampton,ON,43.68559,-79.69781,332999,3329,Other fabricated metal product manufacturing,1,20-49,City of Brampton,StatCan ODBus v1 (OGL)
05a1bbfa5dd51bff8136,SPINDLE CANADA AND BEARINGS INC.,Brampton,Brampton,ON,43.73521,-79.64871,332991,3329,Other fabricated metal product manufacturing,1,5-9,City of Brampton,StatCan ODBus v1 (OGL)
39a76a35c37ceb5fec23,STAINLESS SOLUTIONS PLUS INC.,Brampton,Brampton,ON,43.70882,-79.68067,331110,3311,Iron and steel mills and ferro-alloy manufacturing,0,1-4,City of Brampton,StatCan ODBus v1 (OGL)
90b5661485bef94a09c0,STEELCON FABRICATION INC.,Brampton,Brampton,ON,43.75471,-79.69635,333519,3335,Metalworking machinery manufacturing,0,100-499,City of Brampton,StatCan ODBus v1 (OGL)
c4422adbf32c0edceee0,STELFAST,Brampton,Brampton,ON,43.73677,-79.64554,332720,3327,"Machine shops, turned product, and screw, nut and bolt manufacturing",1,20-49,City of Brampton,StatCan ODBus v1 (OGL)
d3002aea3849825327de,SUGRAVO INTERNATIONAL LTD.,Brampton,Brampton,ON,43.75914,-79.71123,333299,3332,Industrial machinery manufacturing,1,10-19,City of Brampton,StatCan ODBus v1 (OGL)
df06ec4c6bb9d20c912b,SUN MANUFACTURING AND DESIGN,Brampton,Brampton,ON,43.76273,-79.70422,334410,3344,Semiconductor and other electronic component manufacturing,1,5-9,City of Brampton,StatCan ODBus v1 (OGL)
5cd670e20587b3a19b3c,SUNTECH HEAT TREATING LTD.,Brampton,Brampton,ON,43.68600,-79.69562,332810,3328,"Coating, engraving, cold and heat treating and allied activities",1,10-19,City of Brampton,StatCan ODBus v1 (OGL)
cb5a48b988dda8b83fe5,SUPREME GALVANIZING LTD.,Brampton,Brampton,ON,43.69427,-79.72087,332810,3328,"Coating, engraving, cold and heat treating and allied activities",1,20-49,City of Brampton,StatCan ODBus v1 (OGL)
dd9d1df7cff9e94e722d,SYMBAN LIGHTING CORPORATION,Brampton,Brampton,ON,43.67628,-79.71415,335120,3351,Electric lighting equipment manufacturing,0,20-49,City of Brampton,StatCan ODBus v1 (OGL)
2967a3055ffb5e5ae421,T.A. BRANNON STEEL LTD.,Brampton,Brampton,ON,43.69890,-79.72772,331490,3314,Non-ferrous metal (except aluminum) production and processing,0,100-499,City of Brampton,StatCan ODBus v1 (OGL)
9175dc9a5a2c4ed61b92,TARUNKSIKA INC.,Brampton,Brampton,ON,43.65327,-79.79479,332999,3329,Other fabricated metal product manufacturing,1,1-4,City of Brampton,StatCan ODBus v1 (OGL)
f49f770ade3319ab8e92,TAURUS CRACO MACHINERY INC.,Brampton,Brampton,ON,43.70039,-79.71587,333210,3332,Industrial machinery manufacturing,1,10-19,City of Brampton,StatCan ODBus v1 (OGL)
d8a7f8689755b6fae900,TAYLOR CERTIFIED PROCESSING INC.,Brampton,Brampton,ON,43.73586,-79.68204,332810,3328,"Coating, engraving, cold and heat treating and allied activities",1,10-19,City of Brampton,StatCan ODBus v1 (OGL)
9bb97f89c502026c8208,TECH-PRE RESOURCES INC.,Brampton,Brampton,ON,43.76223,-79.70358,332210,3322,Cutlery and hand tool manufacturing,0,1-4,City of Brampton,StatCan ODBus v1 (OGL)
774d5160d05a03a9c6fa,TECHNO STRIP LTD.,Brampton,Brampton,ON,43.69361,-79.71690,332710,3327,"Machine shops, turned product, and screw, nut and bolt manufacturing",1,10-19,City of Brampton,StatCan ODBus v1 (OGL)
e3cf5a15cfe4020f1e0c,THE ARCTIC CHILLER GROUP,Brampton,Brampton,ON,43.71252,-79.68389,333416,3334,"Ventilation, heating, air-conditioning and commercial refrigeration equipment manufacturing",0,20-49,City of Brampton,StatCan ODBus v1 (OGL)
199affc5613d95674252,THE PEELLE COMPANY LTD.,Brampton,Brampton,ON,43.71168,-79.80831,333920,3339,Other general-purpose machinery manufacturing,1,50-99,City of Brampton,StatCan ODBus v1 (OGL)
62bb3a7d03b1c9ddbad7,THE WIRE MESH BELT COMPANY OF CANADA LTD.,Brampton,Brampton,ON,43.72601,-79.68960,333920,3339,Other general-purpose machinery manufacturing,1,20-49,City of Brampton,StatCan ODBus v1 (OGL)
e95e83027bfb9e150901,THINGS ENGRAVED,Brampton,Brampton,ON,43.71518,-79.72333,332810,3328,"Coating, engraving, cold and heat treating and allied activities",1,1-4,City of Brampton,StatCan ODBus v1 (OGL)
346d4dbb59879b6b1523,THUNDER WELDING AND FABRICATING,Brampton,Brampton,ON,43.69988,-79.72909,331110,3311,Iron and steel mills and ferro-alloy manufacturing,0,1-4,City of Brampton,StatCan ODBus v1 (OGL)
c51d6da0dc0888dbd75d,TI AUTOMOTIVE SYSTEMS CANADA,Brampton,Brampton,ON,43.70242,-79.70325,336990,3369,Other transportation equipment manufacturing,1,50-99,City of Brampton,StatCan ODBus v1 (OGL)
3c977c832ef292f4077a,TILTON INDUSTRIES,Brampton,Brampton,ON,43.72465,-79.68815,332810,3328,"Coating, engraving, cold and heat treating and allied activities",1,50-99,City of Brampton,StatCan ODBus v1 (OGL)
07c3dcd669ab8d67bc20,TIPCO INC.,Brampton,Brampton,ON,43.73866,-79.69441,332999,3329,Other fabricated metal product manufacturing,1,50-99,City of Brampton,StatCan ODBus v1 (OGL)
04b458c3ed44bb623c7e,TML SUPPLY COMPANY,Brampton,Brampton,ON,43.68601,-79.69966,333413,3334,"Ventilation, heating, air-conditioning and commercial refrigeration equipment manufacturing",0,1-4,City of Brampton,StatCan ODBus v1 (OGL)
203888eda93509d722d8,TMS LIGHTING INC.,Brampton,Brampton,ON,43.73446,-79.69857,335120,3351,Electric lighting equipment manufacturing,0,20-49,City of Brampton,StatCan ODBus v1 (OGL)
0a1d5852bd5831a226aa,TOMEX TOOLING SOLUTIONS INC.,Brampton,Brampton,ON,43.69983,-79.72924,332710,3327,"Machine shops, turned product, and screw, nut and bolt manufacturing",1,1-4,City of Brampton,StatCan ODBus v1 (OGL)
4e70ae9b6b04e85c51af,TOSCAN TECHNOLOGIES,Brampton,Brampton,ON,43.75550,-79.71017,332710,3327,"Machine shops, turned product, and screw, nut and bolt manufacturing",1,5-9,City of Brampton,StatCan ODBus v1 (OGL)
9d0e2dece09142f23d6a,TRILLIUM STEEL DOORS LTD.,Brampton,Brampton,ON,43.68980,-79.73238,332999,3329,Other fabricated metal product manufacturing,1,20-49,City of Brampton,StatCan ODBus v1 (OGL)
2460814b2bc256365230,TRISTAR COATINGS LTD.,Brampton,Brampton,ON,43.81402,-79.68032,336410,3364,Aerospace product and parts manufacturing,1,10-19,City of Brampton,StatCan ODBus v1 (OGL)
fd77389c079c681bd22b,TRIVAR INC.,Brampton,Brampton,ON,43.69147,-79.69797,334512,3345,"Navigational, measuring, medical and control instruments manufacturing",1,5-9,City of Brampton,StatCan ODBus v1 (OGL)
2d109d315745590774ac,UNI-TEC ELECTRONICS,Brampton,Brampton,ON,43.74524,-79.67170,334410,3344,Semiconductor and other electronic component manufacturing,1,10-19,City of Brampton,StatCan ODBus v1 (OGL)
22b1d8e07294aac19ed0,UNIQUE MACHINING CONCEPTS INC.,Brampton,Brampton,ON,43.75943,-79.69705,333519,3335,Metalworking machinery manufacturing,0,1-4,City of Brampton,StatCan ODBus v1 (OGL)
7c111561ef7c8f432790,UNIVERSAL PRECISION,Brampton,Brampton,ON,43.69106,-79.69958,332710,3327,"Machine shops, turned product, and screw, nut and bolt manufacturing",1,1-4,City of Brampton,StatCan ODBus v1 (OGL)
923fe374fb897554b325,V.R. MACHINING,Brampton,Brampton,ON,43.69260,-79.69284,332710,3327,"Machine shops, turned product, and screw, nut and bolt manufacturing",1,1-4,City of Brampton,StatCan ODBus v1 (OGL)
e575310f5ccfef135228,VAN DER GRAAF CANADA INC.,Brampton,Brampton,ON,43.71893,-79.67971,333920,3339,Other general-purpose machinery manufacturing,1,100-499,City of Brampton,StatCan ODBus v1 (OGL)
6ebc9373d968c3a5c27c,VAN DOORN MACHINE AND TOOL LTD.,Brampton,Brampton,ON,43.73181,-79.69501,332710,3327,"Machine shops, turned product, and screw, nut and bolt manufacturing",1,5-9,City of Brampton,StatCan ODBus v1 (OGL)
8ccf6da23563de438834,VICTAULIC,Brampton,Brampton,ON,43.74951,-79.67663,332999,3329,Other fabricated metal product manufacturing,1,100-499,City of Brampton,StatCan ODBus v1 (OGL)
826fb7a41b92d1b56372,WELDFLOW METAL PRODUCTS LIMITED,Brampton,Brampton,ON,43.74843,-79.67253,332710,3327,"Machine shops, turned product, and screw, nut and bolt manufacturing",1,5-9,City of Brampton,StatCan ODBus v1 (OGL)
09698587bec6a24abee7,WELFAB MECHANICAL,Brampton,Brampton,ON,43.69988,-79.72911,332999,3329,Other fabricated metal product manufacturing,1,1-4,City of Brampton,StatCan ODBus v1 (OGL)
de931f0d29f442755857,WEST-TECH FINISHING INC.,Brampton,Brampton,ON,43.76388,-79.66200,331313,3313,Alumina and aluminum production and processing,0,20-49,City of Brampton,StatCan ODBus v1 (OGL)
5e91a91fc28da0838b20,WIL-CAN ELECTRONICS CANADA LTD.,Brampton,Brampton,ON,43.72414,-79.69463,335315,3353,Electrical equipment manufacturing,1,5-9,City of Brampton,StatCan ODBus v1 (OGL)
c6874bc42fdc29224e44,WILENE AND ASSOC. SHEET METAL COMPANY,Brampton,Brampton,ON,43.69080,-79.69660,332710,3327,"Machine shops, turned product, and screw, nut and bolt manufacturing",1,10-19,City of Brampton,StatCan ODBus v1 (OGL)
c3ef9c30449870b0f60b,WILLIES METAL FABRICATION,Brampton,Brampton,ON,43.72414,-79.69463,333310,3333,Commercial and service industry machinery manufacturing,1,1-4,City of Brampton,StatCan ODBus v1 (OGL)
4fd3f20c4892cde83220,WILSON TOOL CANADA - PRESS BRAKE DIVISION,Brampton,Brampton,ON,43.70733,-79.80517,332710,3327,"Machine shops, turned product, and screw, nut and bolt manufacturing",1,20-49,City of Brampton,StatCan ODBus v1 (OGL)
f50b027a8154656e9d1f,XAKT KOMPONENTS,Brampton,Brampton,ON,43.68593,-79.72018,332710,3327,"Machine shops, turned product, and screw, nut and bolt manufacturing",1,10-19,City of Brampton,StatCan ODBus v1 (OGL)
542ccb080eeb4f5b93c3,YAZAKI NORTH AMERICA,Brampton,Brampton,ON,43.73265,-79.65072,336320,3363,Motor vehicle parts manufacturing,1,50-99,City of Brampton,StatCan ODBus v1 (OGL)
14ce2a0225d2d68f9893,ZURN INDUSTRIES LTD.,Brampton,Brampton,ON,43.72851,-79.65791,332910,3329,Other fabricated metal product manufacturing,1,20-49,City of Brampton,StatCan ODBus v1 (OGL)
2dea2d1c0563d5a017a4,Beaverton Metal Works,Beaverton,Brock,ON,44.41335,-79.11489,332999,3329,All other miscellaneous fabricated metal product manufacturing,1,,Regional Municipality of Durham,StatCan ODBus v1 (OGL)
c65311a57ac709de284f,Beaverton Metal Works,Beaverton,Brock,ON,44.41335,-79.11489,332999,3329,All other miscellaneous fabricated metal product manufacturing,1,,Regional Municipality of Durham,StatCan ODBus v1 (OGL)
6880ae0775abf48c74de,Brock Machinery And Automation Inc,Sunderland,Brock,ON,44.25689,-79.06462,333519,3335,Other metalworking machinery manufacturing,0,,Regional Municipality of Durham,StatCan ODBus v1 (OGL)
be9fba81183cba0cc450,Flex -N- Gate,Beaverton,Brock,ON,44.42550,-79.15118,336390,3363,Other motor vehicle parts manufacturing,1,,Regional Municipality of Durham,StatCan ODBus v1 (OGL)
fcdfd43c493be44aee29,Nordstrong Equipment Limited,Cannington,Brock,ON,44.34589,-79.03346,333920,3339,Material handling equipment manufacturing,1,,Regional Municipality of Durham,StatCan ODBus v1 (OGL)
b6f07b462232fb1c950f,Northern Metalworks & Northern Stoker,Sunderland,Brock,ON,44.25731,-79.06553,332999,3329,All other miscellaneous fabricated metal product manufacturing,1,,Regional Municipality of Durham,StatCan ODBus v1 (OGL)
68870bee9a23bb725bc3,4 Way Metal Fabrication,Caledon,Caledon,ON,43.84559,-79.71016,332311,3323,33-Manufacturing,1,20-49,Regional Municipality of Peel,StatCan ODBus v1 (OGL)
3c9aedfc0a47334f366a,Adrian Steel,Caledon,Caledon,ON,43.85460,-79.71949,332510,3325,33-Manufacturing,0,20-49,Regional Municipality of Peel,StatCan ODBus v1 (OGL)
969b983b762a819236a0,Aehra Manufacturing,Caledon,Caledon,ON,43.85933,-79.71633,332710,3327,33-Manufacturing,1,1-4,Regional Municipality of Peel,StatCan ODBus v1 (OGL)
ce4df634da781257bdc4,ALPI Inc.,Caledon,Caledon,ON,43.86597,-79.72869,333248,3332,33-Manufacturing,1,1-4,Regional Municipality of Peel,StatCan ODBus v1 (OGL)
3bb273aabce9e4691c94,Aluminous Lighting Products,Caledon,Caledon,ON,43.86499,-79.72384,335120,3351,33-Manufacturing,0,10-19,Regional Municipality of Peel,StatCan ODBus v1 (OGL)
09f4683b3efcdf808f84,Benson Steel Ltd.,Caledon,Caledon,ON,43.86239,-79.70768,332319,3323,33-Manufacturing,1,20-49,Regional Municipality of Peel,StatCan ODBus v1 (OGL)
3815678350ce8d78f0a0,Bilt-Rite Disposal Equipment Ltd.,Caledon,Caledon,ON,43.85979,-79.70434,333248,3332,33-Manufacturing,1,20-49,Regional Municipality of Peel,StatCan ODBus v1 (OGL)
f8603d546421593be1cd,Bolton Steel Tube Co. Ltd.,Caledon,Caledon,ON,43.86683,-79.73099,331111,3311,33-Manufacturing,0,20-49,Regional Municipality of Peel,StatCan ODBus v1 (OGL)
ec638ef7c0ab7db2f1f2,Challenger Manufacturing Inc.,Caledon,Caledon,ON,43.85881,-79.71883,332910,3329,33-Manufacturing,1,10-19,Regional Municipality of Peel,StatCan ODBus v1 (OGL)
7e6ca620b1a47826b428,Challenger Valves Manufacturing Inc.,Caledon,Caledon,ON,43.86248,-79.71886,332910,3329,33-Manufacturing,1,1-4,Regional Municipality of Peel,StatCan ODBus v1 (OGL)
d05c1b71b005a6bbc5ec,CNS Fabrication,Caledon,Caledon,ON,43.85581,-79.72043,332999,3329,33-Manufacturing,1,50-99,Regional Municipality of Peel,StatCan ODBus v1 (OGL)
be6406d95e3e93d3f099,DSA Precision Machining Inc.,Caledon,Caledon,ON,43.86285,-79.73034,332710,3327,33-Manufacturing,1,5-9,Regional Municipality of Peel,StatCan ODBus v1 (OGL)
c8d73e5062ed8c197307,Flow Fabrication Inc.,Caledon,Caledon,ON,43.86237,-79.73420,332319,3323,33-Manufacturing,1,5-9,Regional Municipality of Peel,StatCan ODBus v1 (OGL)
ff552b3233c6dcf559b8,Harlin Plating Inc.,Caledon,Caledon,ON,43.85944,-79.71607,332810,3328,33-Manufacturing,1,5-9,Regional Municipality of Peel,StatCan ODBus v1 (OGL)
4e6f154f2be093efa512,Hazemag Canada Inc.,Caledon,Caledon,ON,43.86065,-79.72628,333130,3331,33-Manufacturing,0,1-4,Regional Municipality of Peel,StatCan ODBus v1 (OGL)
13d7c280ffaaab2830f2,Heading Sales & Consultants Ltd.,Caledon,Caledon,ON,43.85974,-79.70698,332113,3321,33-Manufacturing,1,10-19,Regional Municipality of Peel,StatCan ODBus v1 (OGL)
35aa4be6e3aed1a6a6cf,Hi Tech Coating,Caledon,Caledon,ON,43.86139,-79.72062,332810,3328,33-Manufacturing,1,1-4,Regional Municipality of Peel,StatCan ODBus v1 (OGL)
7e372f7d4756342d04d8,Hugger Covers Inc,Caledon,Caledon,ON,43.86146,-79.73182,336390,3363,33-Manufacturing,1,1-4,Regional Municipality of Peel,StatCan ODBus v1 (OGL)
40d05ad9690578de9ae0,Husky Injection Molding Systems,Caledon,Caledon,ON,43.86855,-79.72852,333246,3332,33-Manufacturing,1,500+,Regional Municipality of Peel,StatCan ODBus v1 (OGL)
f68e20dc05855b9ae9fc,I M Automation Inc.,Caledon,Caledon,ON,43.87783,-79.72760,333990,3339,33-Manufacturing,1,1-4,Regional Municipality of Peel,StatCan ODBus v1 (OGL)
0a55ed82b9ac3bca25c9,Impressive Manufacturing Corporation,Caledon,Caledon,ON,43.86440,-79.72807,333519,3335,33-Manufacturing,0,5-9,Regional Municipality of Peel,StatCan ODBus v1 (OGL)
e032287c4399ec5a066b,J-Tech Hot Runner,Caledon,Caledon,ON,43.85986,-80.06766,332910,3329,33-Manufacturing,1,1-4,Regional Municipality of Peel,StatCan ODBus v1 (OGL)
9bd91ffea708517616c3,KeyKeeper,Caledon,Caledon,ON,43.86138,-79.72749,332510,3325,33-Manufacturing,0,5-9,Regional Municipality of Peel,StatCan ODBus v1 (OGL)
21cfa48a0e22bee2249b,Kingspan Insulated Panels,Caledon,Caledon,ON,43.85070,-79.72069,332319,3323,33-Manufacturing,1,50-99,Regional Municipality of Peel,StatCan ODBus v1 (OGL)
476f1281b1af58d88012,KPG Canada Inc.,Caledon,Caledon,ON,43.86068,-79.72745,333248,3332,33-Manufacturing,1,1-4,Regional Municipality of Peel,StatCan ODBus v1 (OGL)
08059c07c7f435138081,LD Machine Works Limited,Caledon,Caledon,ON,43.85775,-79.73047,332710,3327,33-Manufacturing,1,20-49,Regional Municipality of Peel,StatCan ODBus v1 (OGL)
9be4e8b172a6d68b8e6e,Line-X Protective Coatings,Caledon,Caledon,ON,43.86313,-79.72052,332810,3328,33-Manufacturing,1,5-9,Regional Municipality of Peel,StatCan ODBus v1 (OGL)
312b38a48d0bf339ac1c,Metro North,Caledon,Caledon,ON,43.85943,-79.72768,332710,3327,33-Manufacturing,1,10-19,Regional Municipality of Peel,StatCan ODBus v1 (OGL)
dbacd3fa2d677bbc9ce1,Multi Vans,Caledon,Caledon,ON,43.86355,-79.73777,336211,3362,33-Manufacturing,0,100-499,Regional Municipality of Peel,StatCan ODBus v1 (OGL)
6a8432a245968c94cd57,Multicyl Inc.,Caledon,Caledon,ON,43.86584,-79.72358,333519,3335,33-Manufacturing,0,5-9,Regional Municipality of Peel,StatCan ODBus v1 (OGL)
60723809c0dcc0e519cc,Myriad Metal Designs,Caledon,Caledon,ON,43.86211,-79.72665,331111,3311,33-Manufacturing,0,1-4,Regional Municipality of Peel,StatCan ODBus v1 (OGL)
f65ca4fd659d9187afe9,Northeast Engineering and Development Ltd.,Caledon,Caledon,ON,43.85922,-79.71921,336410,3364,33-Manufacturing,1,10-19,Regional Municipality of Peel,StatCan ODBus v1 (OGL)
088a993650f922a2eb2d,NuvoIron,Caledon,Caledon,ON,43.86695,-79.74332,331221,3312,33-Manufacturing,0,20-49,Regional Municipality of Peel,StatCan ODBus v1 (OGL)
96017697f1190e6e3be9,Omori North America Inc.,Caledon,Caledon,ON,43.85741,-79.72291,333990,3339,33-Manufacturing,1,20-49,Regional Municipality of Peel,StatCan ODBus v1 (OGL)
c9c8c43785eec2633554,P.E.M Feed Screws,Caledon,Caledon,ON,43.86431,-79.72476,332720,3327,33-Manufacturing,1,5-9,Regional Municipality of Peel,StatCan ODBus v1 (OGL)
cb3246267781ea8d6d53,Per-Mold Castings,Caledon,Caledon,ON,43.86080,-79.71480,332329,3323,33-Manufacturing,1,5-9,Regional Municipality of Peel,StatCan ODBus v1 (OGL)
33524e504eb7b1ca3c95,"PerkinElmer Health Sciences Canada, Inc.",Caledon,Caledon,ON,43.85838,-79.71801,334512,3345,33-Manufacturing,1,50-99,Regional Municipality of Peel,StatCan ODBus v1 (OGL)
3f8d86c50323d757e21e,Power Sonic Industries,Caledon,Caledon,ON,43.85408,-79.71703,335990,3359,33-Manufacturing,1,5-9,Regional Municipality of Peel,StatCan ODBus v1 (OGL)
909c07c410c68ca2211e,Powersonic Industries Inc.,Caledon,Caledon,ON,43.86068,-79.72493,335920,3359,33-Manufacturing,1,100-499,Regional Municipality of Peel,StatCan ODBus v1 (OGL)
081016945dcca0f60c13,Pump Parts Plus Inc.,Caledon,Caledon,ON,43.85775,-79.73047,333910,3339,33-Manufacturing,1,1-4,Regional Municipality of Peel,StatCan ODBus v1 (OGL)
df944356083f9d7a3905,Quad Steel Inc.,Caledon,Caledon,ON,43.86264,-79.72608,332319,3323,33-Manufacturing,1,20-49,Regional Municipality of Peel,StatCan ODBus v1 (OGL)
4ccd780332524a9478b8,Quality Gundrilling,Caledon,Caledon,ON,43.86140,-79.72952,332710,3327,33-Manufacturing,1,5-9,Regional Municipality of Peel,StatCan ODBus v1 (OGL)
655bed254fe8388144a8,Railing Plus MFG,Caledon,Caledon,ON,43.85476,-79.70959,332329,3323,33-Manufacturing,1,10-19,Regional Municipality of Peel,StatCan ODBus v1 (OGL)
d2993e04761c0d16cfb7,Raytel Fleet Outfitters,Caledon,Caledon,ON,43.87195,-79.72643,336211,3362,33-Manufacturing,0,1-4,Regional Municipality of Peel,StatCan ODBus v1 (OGL)
4e78943b96a26bbf6633,RJS Metal Precision Inc.,Caledon,Caledon,ON,43.86265,-79.71935,332319,3323,33-Manufacturing,1,1-4,Regional Municipality of Peel,StatCan ODBus v1 (OGL)
8e6b4970fa0a2abfcec7,Roma Fence,Caledon,Caledon,ON,43.86407,-79.73154,332619,3326,33-Manufacturing,0,100-499,Regional Municipality of Peel,StatCan ODBus v1 (OGL)
4b7e14cee7852deb41e1,Rotogran International Inc.,Caledon,Caledon,ON,43.86168,-79.72828,333246,3332,33-Manufacturing,1,10-19,Regional Municipality of Peel,StatCan ODBus v1 (OGL)
d6da667fb0b4242cfd33,Rush Steel Fabrication & Design,Caledon,Caledon,ON,43.77132,-79.87696,332319,3323,33-Manufacturing,1,5-9,Regional Municipality of Peel,StatCan ODBus v1 (OGL)
94d7bd7f98615c99b0bd,S&S Precision Inc.,Caledon,Caledon,ON,43.86041,-79.72781,332720,3327,33-Manufacturing,1,5-9,Regional Municipality of Peel,StatCan ODBus v1 (OGL)
555d7d6431a2d4a353da,Sacco Steel Ltd.,Caledon,Caledon,ON,43.86391,-79.72931,332319,3323,33-Manufacturing,1,5-9,Regional Municipality of Peel,StatCan ODBus v1 (OGL)
c36ee7fcc607d12ac3b0,Space-Flite Industries Inc.,Caledon,Caledon,ON,43.86223,-79.73024,336410,3364,33-Manufacturing,1,5-9,Regional Municipality of Peel,StatCan ODBus v1 (OGL)
a1d77b8fce7b2a444dc7,Specialty Precision Metal Tech Inc.,Caledon,Caledon,ON,43.86112,-79.72023,331111,3311,33-Manufacturing,0,10-19,Regional Municipality of Peel,StatCan ODBus v1 (OGL)
f4cc5e83d947f031bc88,Tek-Mor Inc.,Caledon,Caledon,ON,43.85819,-79.72372,333990,3339,33-Manufacturing,1,20-49,Regional Municipality of Peel,StatCan ODBus v1 (OGL)
d45ecc04d727ad1ffd18,Terno Engineering Corp.,Caledon,Caledon,ON,43.86538,-79.72219,332710,3327,33-Manufacturing,1,1-4,Regional Municipality of Peel,StatCan ODBus v1 (OGL)
276a73864655e5625e6b,Terno Engineering Corp.,Caledon,Caledon,ON,43.86067,-79.72819,332710,3327,33-Manufacturing,1,1-4,Regional Municipality of Peel,StatCan ODBus v1 (OGL)
e04ac5566f45026b4ece,Titan Mechanical,Caledon,Caledon,ON,43.86459,-79.72835,332329,3323,33-Manufacturing,1,20-49,Regional Municipality of Peel,StatCan ODBus v1 (OGL)
5b5881a0daa0fc762fbc,TM Grinding Alternatives,Caledon,Caledon,ON,43.85974,-79.70698,332710,3327,33-Manufacturing,1,1-4,Regional Municipality of Peel,StatCan ODBus v1 (OGL)
85212353cefd711972f4,Toroid Technologies,Caledon,Caledon,ON,43.85153,-79.70227,335311,3353,33-Manufacturing,1,10-19,Regional Municipality of Peel,StatCan ODBus v1 (OGL)
f37b54bef0ca3d80dcca,Torsteel Co. Limited,Caledon,Caledon,ON,43.85757,-79.72991,332329,3323,33-Manufacturing,1,20-49,Regional Municipality of Peel,StatCan ODBus v1 (OGL)
5f8eaaacdbd7702b64d9,Tru-Spark Tooling Ltd.,Caledon,Caledon,ON,43.85974,-79.70698,332710,3327,33-Manufacturing,1,1-4,Regional Municipality of Peel,StatCan ODBus v1 (OGL)
7cf6d2c2b05faebc4703,Venjakob North America,Caledon,Caledon,ON,43.86585,-79.72128,332810,3328,33-Manufacturing,1,1-4,Regional Municipality of Peel,StatCan ODBus v1 (OGL)
45cb58795fe75188880d,Versatile Spray Painting Ltd.,Caledon,Caledon,ON,43.86461,-79.72301,332810,3328,33-Manufacturing,1,50-99,Regional Municipality of Peel,StatCan ODBus v1 (OGL)
dc40df06335fe606273a,Via Trailers,Caledon,Caledon,ON,43.86085,-79.71144,336212,3362,33-Manufacturing,0,10-19,Regional Municipality of Peel,StatCan ODBus v1 (OGL)
e47171b25f482718ac84,Acumen Machine and Fabrication,Bowmanville,Clarington,ON,43.90073,-78.67076,332999,3329,All other miscellaneous fabricated metal product manufacturing,1,,Regional Municipality of Durham,StatCan ODBus v1 (OGL)
53f6663cb30cae028584,Arm Service Mechanics,Bowmanville,Clarington,ON,43.90215,-78.66604,332999,3329,All other miscellaneous fabricated metal product manufacturing,1,,Regional Municipality of Durham,StatCan ODBus v1 (OGL)
41bec4cfb97c991d0324,Baseline Custom Fabricating Ltd.,Courtice,Clarington,ON,43.88033,-78.77459,332999,3329,All other miscellaneous fabricated metal product manufacturing,1,,Regional Municipality of Durham,StatCan ODBus v1 (OGL)
ef5aea0f2f16f8b55167,Cargowall Ltd.,Bowmanville,Clarington,ON,43.89717,-78.66773,331221,3312,Cold-rolled steel shape manufacturing,0,,Regional Municipality of Durham,StatCan ODBus v1 (OGL)
da4300744a0656922083,Centracom Corp.,Bowmanville,Clarington,ON,43.91619,-78.69545,335999,3359,All Other Miscellaneous Electrical Equipment and Component Manufacturing,1,,Regional Municipality of Durham,StatCan ODBus v1 (OGL)
bef3e789ef343bd946fa,CNC Custom Machining & Fabricating Inc.,Bowmanville,Clarington,ON,43.90264,-78.66392,332710,3327,Machine shops,1,,Regional Municipality of Durham,StatCan ODBus v1 (OGL)
3097df3a42e59dc6719e,Convoy Supply Ltd,Bowmanville,Clarington,ON,43.89789,-78.66687,332319,3323,Other plate work and fabricated structural product manufacturing,1,,Regional Municipality of Durham,StatCan ODBus v1 (OGL)
c1cd520213c2a6191f04,Crozier Mechanical Inc.,Bowmanville,Clarington,ON,43.90313,-78.66809,332312,3323,Fabricated Structural Metal Manufacturing,1,,Regional Municipality of Durham,StatCan ODBus v1 (OGL)
b70b9a55f354ff065719,Durham Pattern & Model Ltd.,Bowmanville,Clarington,ON,43.90234,-78.66374,332999,3329,All other miscellaneous fabricated metal product manufacturing,1,,Regional Municipality of Durham,StatCan ODBus v1 (OGL)
9cf5200313fbedfeabe5,Durmach,Bowmanville,Clarington,ON,43.90338,-78.66727,333517,3335,Machine Tool Manufacturing,0,,Regional Municipality of Durham,StatCan ODBus v1 (OGL)
502b04d220fbc0285698,In-Tol Tool & Die,Bowmanville,Clarington,ON,43.91922,-78.67299,332710,3327,Machine shops,1,,Regional Municipality of Durham,StatCan ODBus v1 (OGL)
2b9601b2c056970c728c,Kanalco Ltd.,Bowmanville,Clarington,ON,43.89786,-78.66151,331317,3313,"Aluminum rolling, drawing, extruding and alloying",0,,Regional Municipality of Durham,StatCan ODBus v1 (OGL)
dbb72ee79a18e00a0282,Laptech Precision,Bowmanville,Clarington,ON,43.90152,-78.67108,334512,3345,"Measuring, medical and controlling devices manufacturing",1,,Regional Municipality of Durham,StatCan ODBus v1 (OGL)
aa7863b89da1bbacf7da,Liberty Metal Fabricators,Bowmanville,Clarington,ON,43.90172,-78.67064,332329,3323,Other ornamental and architectural metal product manufacturing,1,,Regional Municipality of Durham,StatCan ODBus v1 (OGL)
46307a74fe1e5bfd835a,McCormick Steel Inc.,Bowmanville,Clarington,ON,43.89840,-78.66016,332312,3323,Fabricated Structural Metal Manufacturing,1,,Regional Municipality of Durham,StatCan ODBus v1 (OGL)
409f7ddd28df6b662fb4,Mike's Transmission Repair,Courtice,Clarington,ON,43.88059,-78.76969,333990,3339,All other general-purpose machinery manufacturing,1,,Regional Municipality of Durham,StatCan ODBus v1 (OGL)
58968805e378f5e97a73,Nordock,Bowmanville,Clarington,ON,43.89740,-78.65971,333920,3339,Material handling equipment manufacturing,1,,Regional Municipality of Durham,StatCan ODBus v1 (OGL)
3737f277e285f8c9bfad,P.I. Tool Ltd.,Courtice,Clarington,ON,43.88196,-78.75814,332710,3327,Machine shops,1,,Regional Municipality of Durham,StatCan ODBus v1 (OGL)
9bd93fa179423d6311fc,R-Co Steel Fabricators Ltd.,Bowmanville,Clarington,ON,43.90149,-78.66982,332329,3323,Other ornamental and architectural metal product manufacturing,1,,Regional Municipality of Durham,StatCan ODBus v1 (OGL)
3d0ced8c91553f60f62c,Ranfar Steel Ltd.,Courtice,Clarington,ON,43.88039,-78.77066,332319,3323,Other plate work and fabricated structural product manufacturing,1,,Regional Municipality of Durham,StatCan ODBus v1 (OGL)
eaaa404bad205ca8db98,Salit Steel,Bowmanville,Clarington,ON,43.90406,-78.66447,332314,3323,Concrete reinforcing bar manufacturing,1,,Regional Municipality of Durham,StatCan ODBus v1 (OGL)
54fb120429b37a06a011,SCS Steel,Courtice,Clarington,ON,43.88218,-78.75577,332999,3329,All other miscellaneous fabricated metal product manufacturing,1,,Regional Municipality of Durham,StatCan ODBus v1 (OGL)
62e1f49ccaf324e20efc,Sunspace,Newcastle,Clarington,ON,43.90829,-78.59013,332311,3323,Prefabricated metal building and component manufacturing,1,,Regional Municipality of Durham,StatCan ODBus v1 (OGL)
252023bfc8a5d8efcfd3,The Awc Company,Courtice,Clarington,ON,43.88150,-78.75863,333511,3335,Industrial mould manufacturing,0,,Regional Municipality of Durham,StatCan ODBus v1 (OGL)
cc7f6915d99525323060,The Bowmanville Foundry Co.,Bowmanville,Clarington,ON,43.91555,-78.69367,331511,3315,Iron foundries,0,,Regional Municipality of Durham,StatCan ODBus v1 (OGL)
cbe8fb9b83735283932a,A-WIZ OVERHEAD DOORS,East Gwillimbury,East Gwillimbury,ON,,,33232,3323,Ornamental and architectural metal product manufacturing,1,,Regional Municipality of York,StatCan ODBus v1 (OGL)
298c41d3476b8a3edfad,AMG METALS INC.,East Gwillimbury,East Gwillimbury,ON,,,33299,3329,All other fabricated metal product manufacturing,1,50-99,Regional Municipality of York,StatCan ODBus v1 (OGL)
d55feffe614bafe8a781,BADGER DAYLIGHTING,East Gwillimbury,East Gwillimbury,ON,,,33621,3362,Motor vehicle body and trailer manufacturing,0,,Regional Municipality of York,StatCan ODBus v1 (OGL)
12347d097d89acac18a8,GEO. A. KELSON COMPANY LIMITED,East Gwillimbury,East Gwillimbury,ON,,,33341,3334,"Ventilation, heating, air-conditioning and commercial refrigeration equipment manufacturing",0,100-499,Regional Municipality of York,StatCan ODBus v1 (OGL)
f255068e84f3adc60496,IMPERIAL CUT ALLOY INC.,East Gwillimbury,East Gwillimbury,ON,,,33231,3323,Plate work and fabricated structural product manufacturing,1,1-4,Regional Municipality of York,StatCan ODBus v1 (OGL)
d1869684b41a71743045,KY TECH MACHINE WORKS LIMITED,East Gwillimbury,East Gwillimbury,ON,,,33271,3327,Machine shops,1,10-19,Regional Municipality of York,StatCan ODBus v1 (OGL)
778ca74375fc7e8fd534,POLEFAB INC.,East Gwillimbury,East Gwillimbury,ON,,,33121,3312,Iron and steel pipes and tubes manufacturing from purchased steel,0,1-4,Regional Municipality of York,StatCan ODBus v1 (OGL)
70d0cb8ad3b597c9dfc0,S. ARBOUR WELDING INC.,East Gwillimbury,East Gwillimbury,ON,,,33621,3362,Motor vehicle body and trailer manufacturing,0,5-9,Regional Municipality of York,StatCan ODBus v1 (OGL)
c467049d9b99b557f6ff,TECHNICORE UNDERGROUND INC.,East Gwillimbury,East Gwillimbury,ON,,,33313,3331,Mining and oil and gas field machinery manufacturing,0,50-99,Regional Municipality of York,StatCan ODBus v1 (OGL)
ed6f9d5042cba8cb0acd,VAN BAKEL GENERAL REPAIR INC.,East Gwillimbury,East Gwillimbury,ON,,,33399,3339,All other general-purpose machinery manufacturing,1,1-4,Regional Municipality of York,StatCan ODBus v1 (OGL)
ea161afafb95298d0750,BROUWER KESMAC,Georgina,Georgina,ON,,,33311,3331,Agricultural implement manufacturing,0,50-99,Regional Municipality of York,StatCan ODBus v1 (OGL)
3c8ddc9614eb9279dbed,BUCHNER MANUFACTURING INC.,Georgina,Georgina,ON,,,33131,3313,Alumina and aluminum production and processing,0,20-49,Regional Municipality of York,StatCan ODBus v1 (OGL)
abf543456c664b923568,J & A PRECISION,Georgina,Georgina,ON,,,33271,3327,Machine shops,1,1-4,Regional Municipality of York,StatCan ODBus v1 (OGL)
0acd555334a8552b5932,JC TRAILERS DESIGN AND FABRICATION INC.,Georgina,Georgina,ON,,,33612,3361,Heavy-duty truck manufacturing,0,20-49,Regional Municipality of York,StatCan ODBus v1 (OGL)
caaebb73d74e33169679,MARINE CRADLE SHOP INC.,Georgina,Georgina,ON,,,33392,3339,Material handling equipment manufacturing,1,5-9,Regional Municipality of York,StatCan ODBus v1 (OGL)
024286cf222f57abba98,POST TECH SCREW PILES OF YORK,Georgina,Georgina,ON,,,33111,3311,Iron and steel mills and ferro-alloy manufacturing,0,,Regional Municipality of York,StatCan ODBus v1 (OGL)
b4f12c6b7107ae502333,T. T. K. MANUFACTURING,Georgina,Georgina,ON,,,33351,3335,Metalworking machinery manufacturing,0,1-4,Regional Municipality of York,StatCan ODBus v1 (OGL)
7e6c45318ef74bb55f44,Carefree Casters Corp,Mississauga,Halton Hills,ON,43.63969,-79.85898,336390,3363,Other Motor Vehicle Parts Manufacturing,1,1-4,City of Mississauga,StatCan ODBus v1 (OGL)
02572c643631ad7cf2ae,AEROSPACE METAL FINISHING INC.,King,King,ON,,,33281,3328,"Coating, engraving, cold and heat treating and allied activities",1,20-49,Regional Municipality of York,StatCan ODBus v1 (OGL)
4ddc5b44275a9701000d,B.C. INSTRUMENTS PRECISION MACHINING. PLANT 3,King,King,ON,,,33271,3327,Machine shops,1,,Regional Municipality of York,StatCan ODBus v1 (OGL)
abcd6fe29d3b69b94d9f,B.C. INSTRUMENTS: A DIVISION OF B.C. MACHINING TECHNOLOGIES,King,King,ON,,,33271,3327,Machine shops,1,100-499,Regional Municipality of York,StatCan ODBus v1 (OGL)
a247618e6a2ad840aeae,B.C. INSTRUMENTS: A DIVISION OF B.C. PRECISION INC. PLANT 4,King,King,ON,,,33271,3327,Machine shops,1,,Regional Municipality of York,StatCan ODBus v1 (OGL)
a7fa927bd98411ed9a9a,KING TOOL & DIE,King,King,ON,,,33351,3335,Metalworking machinery manufacturing,0,1-4,Regional Municipality of York,StatCan ODBus v1 (OGL)
04a5804a9db9328fd14a,SHOWA CANADA INC.,King,King,ON,,,33633,3363,Motor vehicle steering and suspension components (except spring) manufacturing,1,100-499,Regional Municipality of York,StatCan ODBus v1 (OGL)
2c11d04535cf2451e4fe,TONY'S STEEL CONSTRUCTION LTD.,King,King,ON,,,33621,3362,Motor vehicle body and trailer manufacturing,0,1-4,Regional Municipality of York,StatCan ODBus v1 (OGL)
cf356ab03b6b760cee4a,WOLARMANN ENTERPRISES LTD.,King,King,ON,,,33261,3326,Spring and wire product manufacturing,0,1-4,Regional Municipality of York,StatCan ODBus v1 (OGL)
a7a14369ccf32d12aad0,A & H Metal Products Inc.,Kitchener,Kitchener,ON,43.40685,-80.46797,332210,3322,Cutlery and hand tool manufacturing,0,10-19,City of Kitchener,StatCan ODBus v1 (OGL)
cfbaf6c61ba0055db121,A.J. Braun Manufacturing Limited,Kitchener,Kitchener,ON,43.42684,-80.47161,332310,3323,Architectural and structural metals manufacturing,1,20-49,City of Kitchener,StatCan ODBus v1 (OGL)
d7512cb12107b53ff6e1,Acculite / Juno Lighting Ltd.,Kitchener,Kitchener,ON,43.40533,-80.46870,335120,3351,Lighting fixture manufacturing,0,20-49,City of Kitchener,StatCan ODBus v1 (OGL)
e36f3f352f090d0b19bd,ACL Steel,Kitchener,Kitchener,ON,43.47666,-80.43268,331110,3311,Iron and steel mills and ferro-alloy manufacturing,0,50-99,City of Kitchener,StatCan ODBus v1 (OGL)
1942b49b89da38b63bb6,AGS Machine Tool Inc.,Kitchener,Kitchener,ON,43.40318,-80.48124,332710,3327,Machine shops,1,10-19,City of Kitchener,StatCan ODBus v1 (OGL)
63ccee4a54e1ade7d9d6,Allcut Waterjet Service Inc.,Kitchener,Kitchener,ON,43.47930,-80.45965,332319,3323,Other plate work and fabricated structural product manufacturing,1,1-4,City of Kitchener,StatCan ODBus v1 (OGL)
1e2da95b1d19779d68ba,Amber Steel,Kitchener,Kitchener,ON,43.47016,-80.47585,332999,3329,Metal service centres,1,20-49,City of Kitchener,StatCan ODBus v1 (OGL)
f4a0ee87b8fb7e52bfff,Angstrom Engineering,Kitchener,Kitchener,ON,43.39914,-80.45967,334512,3345,"Measuring, medical and controlling devices manufacturing",1,20-49,City of Kitchener,StatCan ODBus v1 (OGL)
b92545027705e62d2642,Answer Precision Tool,Kitchener,Kitchener,ON,43.40804,-80.45048,332210,3322,Cutlery and hand tool manufacturing,0,20-49,City of Kitchener,StatCan ODBus v1 (OGL)
2eb37c5f308480def0c3,AR Alloy Repair Welding,Kitchener,Kitchener,ON,43.37362,-80.51333,332710,3327,Machine shops,1,1-4,City of Kitchener,StatCan ODBus v1 (OGL)
de446161cb6d89250814,Artal's Laser Engraving Inc.,Kitchener,Kitchener,ON,43.46653,-80.47877,332810,3328,"Coating, engraving, cold and heat treating and allied activities",1,1-4,City of Kitchener,StatCan ODBus v1 (OGL)
51bb25bdfddf90d9e639,Automatic Welding Machine & Supply,Kitchener,Kitchener,ON,43.43980,-80.46979,332710,3327,Commercial and industrial machinery and equipment (except automotive and electronic) repair and maintenance,1,20-49,City of Kitchener,StatCan ODBus v1 (OGL)
362c4f7f51b5dda469fe,Axo Shredders Corp.,Kitchener,Kitchener,ON,43.42366,-80.47697,333310,3333,Commercial and service industry machinery manufacturing,1,20-49,City of Kitchener,StatCan ODBus v1 (OGL)
a48e7954929991ea871a,B & W Heat Treating Canada ULC,Kitchener,Kitchener,ON,43.40425,-80.46131,332810,3328,"Coating, engraving, cold and heat treating and allied activities",1,50-99,City of Kitchener,StatCan ODBus v1 (OGL)
b3cc4a2034a507769587,Ball Service Group Inc.,Kitchener,Kitchener,ON,43.47784,-80.42935,332319,3323,Other plate work and fabricated structural product manufacturing,1,20-49,City of Kitchener,StatCan ODBus v1 (OGL)
5c193c17348bd5f0265b,Big D Welding Ltd.,Kitchener,Kitchener,ON,43.46935,-80.45626,332310,3323,Architectural and structural metals manufacturing,1,5-9,City of Kitchener,StatCan ODBus v1 (OGL)
a0e7c9b74a7957d58a45,Bodycote Thermal Processing Canada Inc.,Kitchener,Kitchener,ON,43.46614,-80.46586,332810,3328,"Coating, engraving, cold and heat treating and allied activities",1,20-49,City of Kitchener,StatCan ODBus v1 (OGL)
65015e825c8d39dba272,Brock Solutions Inc.,Kitchener,Kitchener,ON,43.42657,-80.47590,332210,3322,Cutlery and hand tool manufacturing,0,100-499,City of Kitchener,StatCan ODBus v1 (OGL)
0bcadfc25b21b8dff7a4,Canada Alloy Castings,Kitchener,Kitchener,ON,43.40035,-80.44820,331110,3311,Iron and steel mills and ferro-alloy manufacturing,0,50-99,City of Kitchener,StatCan ODBus v1 (OGL)
dad2c07051e9e3bdeaa6,Canam Steel Products & Fabrication,Kitchener,Kitchener,ON,43.48118,-80.46128,332999,3329,All other miscellaneous fabricated metal product manufacturing,1,1-4,City of Kitchener,StatCan ODBus v1 (OGL)
2f1be32490d364aa807c,Canaramp Corp.,Kitchener,Kitchener,ON,43.44009,-80.48861,332990,3329,Other fabricated metal product manufacturing,1,10-19,City of Kitchener,StatCan ODBus v1 (OGL)
bf643bc7d68322f5a11a,Captec Americas Inc,Kitchener,Kitchener,ON,43.44202,-80.49570,334110,3341,Computer and peripheral equipment manufacturing,0,5-9,City of Kitchener,StatCan ODBus v1 (OGL)
4bff2bb136f6b7a199ad,Car-San Manufacturing Limited,Kitchener,Kitchener,ON,43.40337,-80.47826,334410,3344,Semiconductor and other electronic component manufacturing,1,10-19,City of Kitchener,StatCan ODBus v1 (OGL)
8a9ff5e34080f07d5992,Cartesian Solutions Ltd,Kitchener,Kitchener,ON,43.47930,-80.45965,332710,3327,Machine shops,1,1-4,City of Kitchener,StatCan ODBus v1 (OGL)
e0cc8071527bc24cf737,Centreville Tool & Die Co.,Kitchener,Kitchener,ON,43.43173,-80.42905,332210,3322,Cutlery and hand tool manufacturing,0,5-9,City of Kitchener,StatCan ODBus v1 (OGL)
026a9a7075504a2f76db,"Christie Digital Systems Canada, Inc.",Kitchener,Kitchener,ON,43.46282,-80.47562,334310,3343,Audio and video equipment manufacturing,0,500+,City of Kitchener,StatCan ODBus v1 (OGL)
018b4f043ace63f8c2ce,Colt Canada Corporation,Kitchener,Kitchener,ON,43.40791,-80.43874,336990,3369,Other transportation equipment manufacturing,1,50-99,City of Kitchener,StatCan ODBus v1 (OGL)
0f2eab500b1a966cfc41,Communiteq Systems Inc.,Kitchener,Kitchener,ON,43.40315,-80.48039,334110,3341,Computer and peripheral equipment manufacturing,0,5-9,City of Kitchener,StatCan ODBus v1 (OGL)
9edaeaf440dd32927394,Construction Machinery Co. Canada Ltd.,Kitchener,Kitchener,ON,43.46648,-80.46484,333120,3331,Construction machinery manufacturing,0,5-9,City of Kitchener,StatCan ODBus v1 (OGL)
0ba4d048b05f481d5d97,Cooksville Steel Limited,Kitchener,Kitchener,ON,43.41767,-80.44538,332300,3323,Architectural and structural metals manufacturing,1,20-49,City of Kitchener,StatCan ODBus v1 (OGL)
763cbfbb0e5c43e4553f,Davco Tooling Inc.,Kitchener,Kitchener,ON,43.40470,-80.47681,332510,3325,Hardware manufacturing,0,1-4,City of Kitchener,StatCan ODBus v1 (OGL)
3873e114553d1cc4e3ab,Delta Elevator Co. Ltd.,Kitchener,Kitchener,ON,43.43356,-80.47630,333310,3333,Commercial and service industry machinery manufacturing,1,50-99,City of Kitchener,StatCan ODBus v1 (OGL)
713397ce3ca07650963f,Die-Kat Inc. Overhead Cranes,Kitchener,Kitchener,ON,43.42859,-80.47571,333920,3339,Material handling equipment manufacturing,1,5-9,City of Kitchener,StatCan ODBus v1 (OGL)
75770f29559a61fa9ca1,Don Park LP,Kitchener,Kitchener,ON,43.41311,-80.44097,332999,3329,"Plumbing, heating and air-conditioning equipment and supplies merchant wholesalers",1,10-19,City of Kitchener,StatCan ODBus v1 (OGL)
97466b593710bbafe28c,Dostek Incorporated,Kitchener,Kitchener,ON,43.42224,-80.52894,334110,3341,Computer and peripheral equipment manufacturing,0,1-4,City of Kitchener,StatCan ODBus v1 (OGL)
0fc0fb285ce648c000c8,Double R Steel Inc,Kitchener,Kitchener,ON,43.42859,-80.47571,331200,3312,Steel product manufacturing from purchased steel,0,10-19,City of Kitchener,StatCan ODBus v1 (OGL)
2fce3aa5e8cbb5ba96aa,Eagle Bridge Inc.,Kitchener,Kitchener,ON,43.46892,-80.45813,332300,3323,Architectural and structural metals manufacturing,1,10-19,City of Kitchener,StatCan ODBus v1 (OGL)
7408176579991228a87e,Eldorado Tool & Manufacturing,Kitchener,Kitchener,ON,43.47380,-80.44105,333519,3335,Other metalworking machinery manufacturing,0,20-49,City of Kitchener,StatCan ODBus v1 (OGL)
7e19b648239b8a98b4fe,Elfent Ltd,Kitchener,Kitchener,ON,43.45935,-80.45775,333299,3332,Industrial machinery manufacturing,1,1-4,City of Kitchener,StatCan ODBus v1 (OGL)
00a8ca7ca0e4d9a21b10,Enertech Maintenance Contractor Inc.,Kitchener,Kitchener,ON,43.46907,-80.48031,333410,3334,"Ventilation, heating, air-conditioning and commercial refrigeration equipment manufacturing",0,10-19,City of Kitchener,StatCan ODBus v1 (OGL)
ff3fe43281d2474ed166,Erwin Hymer Group (EHR),Kitchener,Kitchener,ON,43.46743,-80.46163,336215,3362,"Motor home, travel trailer and camper manufacturing",0,100-499,City of Kitchener,StatCan ODBus v1 (OGL)
16cf8da459c40513a286,Fibertech Optica Inc.,Kitchener,Kitchener,ON,43.44522,-80.51901,335920,3359,All other miscellaneous manufacturing,1,5-9,City of Kitchener,StatCan ODBus v1 (OGL)
d9a84c343d7f1ab5b1b3,FMF Store Fixtures Incorporated,Kitchener,Kitchener,ON,43.40606,-80.47141,332510,3325,Hardware manufacturing,0,20-49,City of Kitchener,StatCan ODBus v1 (OGL)
e668654a6f3c7474061b,Formex Metal Industries Inc.,Kitchener,Kitchener,ON,43.46862,-80.47010,332720,3327,"Turned product and screw, nut and bolt manufacturing",1,20-49,City of Kitchener,StatCan ODBus v1 (OGL)
d0072b7f5572fb51d056,General Air Products and Systems,Kitchener,Kitchener,ON,43.45812,-80.50125,333413,3334,Industrial and commercial fan and blower and air purification equipment manufacturing,0,1-4,City of Kitchener,StatCan ODBus v1 (OGL)
a1c07ea09c6f09db166d,Global Tooling 3000 Inc.,Kitchener,Kitchener,ON,43.47798,-80.46478,333220,3332,Industrial machinery manufacturing,1,5-9,City of Kitchener,StatCan ODBus v1 (OGL)
693e76416fc903a04f10,Globe Stamping Company Limited,Kitchener,Kitchener,ON,43.40105,-80.46030,332118,3321,Stamping,1,20-49,City of Kitchener,StatCan ODBus v1 (OGL)
4f124188cfdd614ed85f,Gruhle Manufacturing Ltd.,Kitchener,Kitchener,ON,43.39840,-80.45988,332710,3327,Machine shops,1,20-49,City of Kitchener,StatCan ODBus v1 (OGL)
aeb2b3cedbbe3585d6ef,Hallman Ironworks,Kitchener,Kitchener,ON,43.40259,-80.46372,332329,3323,Other ornamental and architectural metal product manufacturing,1,1-4,City of Kitchener,StatCan ODBus v1 (OGL)
4aace09f2407cc6ba992,Harman Heavy Vehicle Specialists Ltd.,Kitchener,Kitchener,ON,43.47071,-80.47705,332710,3327,Other new motor vehicle parts and accessories merchant wholesalers,1,20-49,City of Kitchener,StatCan ODBus v1 (OGL)
94faa376fabd942f2792,Heat Design Equipment Inc.,Kitchener,Kitchener,ON,43.39944,-80.51436,333120,3331,Construction machinery manufacturing,0,10-19,City of Kitchener,StatCan ODBus v1 (OGL)
543c30d1716c8f75c656,Hebel Sheet Metal Inc.,Kitchener,Kitchener,ON,43.47961,-80.45841,332310,3323,Architectural and structural metals manufacturing,1,20-49,City of Kitchener,StatCan ODBus v1 (OGL)
846e1340bb2c88e5a4c1,K-W Triple J. Tooling Inc.,Kitchener,Kitchener,ON,43.40022,-80.49101,332310,3323,Architectural and structural metals manufacturing,1,5-9,City of Kitchener,StatCan ODBus v1 (OGL)
66d4fdb317cf49d0d037,KCM Waterjet,Kitchener,Kitchener,ON,43.41898,-80.45991,332710,3327,All other specialty trade contractors,1,1-4,City of Kitchener,StatCan ODBus v1 (OGL)
510fb1be782e4f02f855,Kevtron Industries Ltd.,Kitchener,Kitchener,ON,43.48041,-80.46005,335920,3359,Communication and energy wire and cable manufacturing,1,10-19,City of Kitchener,StatCan ODBus v1 (OGL)
559485b41b3449b84c26,Keytech Water Management,Kitchener,Kitchener,ON,43.40382,-80.47491,333310,3333,Alkali and chlorine manufacturing,1,20-49,City of Kitchener,StatCan ODBus v1 (OGL)
31eb1de262547a6c8d5a,Kitchener Die Craftsmen,Kitchener,Kitchener,ON,43.46901,-80.47049,332210,3322,Cutlery and hand tool manufacturing,0,20-49,City of Kitchener,StatCan ODBus v1 (OGL)
e3bfe8f6b711984a077c,Kohan Kobayashi Canada Inc.,Kitchener,Kitchener,ON,43.47784,-80.42935,333920,3339,Material handling equipment manufacturing,1,5-9,City of Kitchener,StatCan ODBus v1 (OGL)
0d7cfc879100b4544149,Kuntz Electroplating Inc.,Kitchener,Kitchener,ON,43.41280,-80.44358,332810,3328,"Coating, engraving, cold and heat treating and allied activities",1,500+,City of Kitchener,StatCan ODBus v1 (OGL)
1cb7c6c4df5f3dd91cf1,"Lau Ironworks Ltd., Ed",Kitchener,Kitchener,ON,43.44185,-80.48945,332310,3323,Architectural and structural metals manufacturing,1,10-19,City of Kitchener,StatCan ODBus v1 (OGL)
a1a80eb3ff5b1e309ed1,Lear Canada,Kitchener,Kitchener,ON,43.40042,-80.44478,336360,3363,Motor vehicle seating and interior trim manufacturing,1,100-499,City of Kitchener,StatCan ODBus v1 (OGL)
e15b08130570b19e30e9,Lekkas Store Fixtures Ltd.,Kitchener,Kitchener,ON,43.43365,-80.47571,332510,3325,Hardware manufacturing,0,5-9,City of Kitchener,StatCan ODBus v1 (OGL)
f2d7b96016dee0e5fec8,Leoni Elocab Ltd.,Kitchener,Kitchener,ON,43.39831,-80.47213,335920,3359,Communication and energy wire and cable manufacturing,1,20-49,City of Kitchener,StatCan ODBus v1 (OGL)
17dd64351229561f898b,Limnoterra Ltd.,Kitchener,Kitchener,ON,43.48145,-80.48660,334510,3345,Environmental consulting services,1,10-19,City of Kitchener,StatCan ODBus v1 (OGL)
e5e12e96fa4efcd7c9bf,Marcon Custom Metals Inc.,Kitchener,Kitchener,ON,43.41687,-80.44147,332310,3323,Architectural and structural metals manufacturing,1,50-99,City of Kitchener,StatCan ODBus v1 (OGL)
6b69e52261fd8e0237f6,Markman Inc.,Kitchener,Kitchener,ON,43.40124,-80.49244,333299,3332,Industrial machinery manufacturing,1,10-19,City of Kitchener,StatCan ODBus v1 (OGL)
dfe523b2c0f4c3e5c58f,Metcon Construction Ltd.,Kitchener,Kitchener,ON,43.46892,-80.45168,332310,3323,Architectural and structural metals manufacturing,1,10-19,City of Kitchener,StatCan ODBus v1 (OGL)
eefadeb63f137a832beb,MSD Machine Tool Inc.,Kitchener,Kitchener,ON,43.39982,-80.47172,332210,3322,Cutlery and hand tool manufacturing,0,10-19,City of Kitchener,StatCan ODBus v1 (OGL)
7082b4617fe54ec599e5,MTM Precision Inc.,Kitchener,Kitchener,ON,43.40016,-80.48554,332710,3327,Machine shops,1,10-19,City of Kitchener,StatCan ODBus v1 (OGL)
9d3cf941fde87b9891ff,National Engineered Fasteners Inc.,Kitchener,Kitchener,ON,43.39941,-80.48232,336300,3363,Motor vehicle parts manufacturing,1,20-49,City of Kitchener,StatCan ODBus v1 (OGL)
f8a9f49e4d7e64f1d552,NMT Machining Group Inc.,Kitchener,Kitchener,ON,43.40348,-80.46654,332210,3322,Cutlery and hand tool manufacturing,0,50-99,City of Kitchener,StatCan ODBus v1 (OGL)
079f24f9ed146ae9549c,Novatek Welding/Fabrication,Kitchener,Kitchener,ON,43.41616,-80.44291,333920,3339,Material handling equipment manufacturing,1,10-19,City of Kitchener,StatCan ODBus v1 (OGL)
07c070893ff135df0128,Oblitech Tooling System Ltd,Kitchener,Kitchener,ON,43.46654,-80.46657,332210,3322,Cutlery and hand tool manufacturing,0,1-4,City of Kitchener,StatCan ODBus v1 (OGL)
975cfebcd845da15e769,Old Time Stove Co. Inc.,Kitchener,Kitchener,ON,43.47016,-80.47585,335223,3352,Major kitchen appliance manufacturing,0,5-9,City of Kitchener,StatCan ODBus v1 (OGL)
fec1181a22459bfa8c24,Ontario Clean - Tech,Kitchener,Kitchener,ON,43.47212,-80.43679,333310,3333,Commercial and service industry machinery manufacturing,1,1-4,City of Kitchener,StatCan ODBus v1 (OGL)
ee31ffd0e271f5f75acf,Onward Cluthe Hardware Products Inc.,Kitchener,Kitchener,ON,43.47157,-80.43266,333511,3335,Industrial mould manufacturing,0,100-499,City of Kitchener,StatCan ODBus v1 (OGL)
0191460d693ab1020304,Panel Shop Inc.,Kitchener,Kitchener,ON,43.42618,-80.47530,335315,3353,"Switchgear and switchboard, and relay and industrial control apparatus manufacturing",1,20-49,City of Kitchener,StatCan ODBus v1 (OGL)
6c07f16a5c4cf89c0499,Phillips Bros. Rad & Air Conditioning,Kitchener,Kitchener,ON,43.44222,-80.47393,332410,3324,Power boiler and heat exchanger manufacturing,0,20-49,City of Kitchener,StatCan ODBus v1 (OGL)
aab0c60edba0e0587e57,Premier Die Limited,Kitchener,Kitchener,ON,43.40315,-80.46171,332210,3322,Cutlery and hand tool manufacturing,0,1-4,City of Kitchener,StatCan ODBus v1 (OGL)
7bac3ff5636999f069bb,Premier Machine & Gear Ltd.,Kitchener,Kitchener,ON,43.40246,-80.47767,335315,3353,"Switchgear and switchboard, and relay and industrial control apparatus manufacturing",1,5-9,City of Kitchener,StatCan ODBus v1 (OGL)
7b8d526fd3ba3e401642,Priority Circuits Limited,Kitchener,Kitchener,ON,43.45175,-80.50421,334410,3344,Semiconductor and other electronic component manufacturing,1,10-19,City of Kitchener,StatCan ODBus v1 (OGL)
eec45bf30fcc39bed9bb,PWO Canada Inc.,Kitchener,Kitchener,ON,43.39801,-80.47400,332110,3321,Forging and stamping,1,100-499,City of Kitchener,StatCan ODBus v1 (OGL)
65a8a4755985d3e730f1,R & J Engineering Corporation,Kitchener,Kitchener,ON,43.42634,-80.47239,333299,3332,Industrial machinery manufacturing,1,20-49,City of Kitchener,StatCan ODBus v1 (OGL)
b04be944bb609ac24803,Rapid Gear Ltd.,Kitchener,Kitchener,ON,43.39839,-80.46832,333610,3336,"Engine, turbine and power transmission equipment manufacturing",1,50-99,City of Kitchener,StatCan ODBus v1 (OGL)
d61cfdbe8a155c947854,Ready Rivet and Fastener Ltd.,Kitchener,Kitchener,ON,43.47895,-80.46068,332510,3325,Hardware manufacturing,0,20-49,City of Kitchener,StatCan ODBus v1 (OGL)
325d05d7d04afaffc6c4,Rendnil Manufacturing Ltd.,Kitchener,Kitchener,ON,43.47289,-80.47989,332710,3327,Machine shops,1,1-4,City of Kitchener,StatCan ODBus v1 (OGL)
9afca8977efcd7e69389,RMS Equipment Company,Kitchener,Kitchener,ON,43.45229,-80.51203,333220,3332,Industrial machinery manufacturing,1,20-49,City of Kitchener,StatCan ODBus v1 (OGL)
b64185dbc44d718e9fac,Saltech Machining Inc.,Kitchener,Kitchener,ON,43.40564,-80.47255,332210,3322,Cutlery and hand tool manufacturing,0,1-4,City of Kitchener,StatCan ODBus v1 (OGL)
b2aff4f45a1910ce3c23,Sandaka Inc.,Kitchener,Kitchener,ON,43.40865,-80.45063,333200,3332,Industrial machinery manufacturing,1,20-49,City of Kitchener,StatCan ODBus v1 (OGL)
66d7c3dafd062a87d997,Sanet Tool Works Inc.,Kitchener,Kitchener,ON,43.46011,-80.48763,333519,3335,Other metalworking machinery manufacturing,0,1-4,City of Kitchener,StatCan ODBus v1 (OGL)
a19e9faada92df9778df,"Seegmiller Ltd., E & E",Kitchener,Kitchener,ON,43.43980,-80.46979,332710,3327,Commercial and institutional building construction,1,100-499,City of Kitchener,StatCan ODBus v1 (OGL)
403bd837a96c039b912d,Siemens Canada Limited,Kitchener,Kitchener,ON,43.40185,-80.48666,335300,3353,Electrical equipment manufacturing,1,20-49,City of Kitchener,StatCan ODBus v1 (OGL)
93db5094e5211f1dc3a4,Sigco Industries Inc.,Kitchener,Kitchener,ON,43.41175,-80.45007,332710,3327,Machine shops,1,10-19,City of Kitchener,StatCan ODBus v1 (OGL)
48eb0df2550d21d06077,"Smallwood Inc., S.G.",Kitchener,Kitchener,ON,43.40872,-80.44155,334290,3342,Other communications equipment manufacturing,0,20-49,City of Kitchener,StatCan ODBus v1 (OGL)
f3fd7031b8a3c7b7bcd1,Speer Canada Inc.,Kitchener,Kitchener,ON,43.46654,-80.46657,332710,3327,All other non-metallic mineral product manufacturing,1,10-19,City of Kitchener,StatCan ODBus v1 (OGL)
cb260bd77cf9cef1edf7,Spiro Gear,Kitchener,Kitchener,ON,43.47260,-80.48322,335315,3353,"Switchgear and switchboard, and relay and industrial control apparatus manufacturing",1,1-4,City of Kitchener,StatCan ODBus v1 (OGL)
1d315498065913477317,Studio A-Mirador,Kitchener,Kitchener,ON,43.40229,-80.47683,334610,3346,Sound recording studios,0,1-4,City of Kitchener,StatCan ODBus v1 (OGL)
2d70d36af870fb80eecf,T & G Precision Tool & Die Inc.,Kitchener,Kitchener,ON,43.40564,-80.47255,332710,3327,Machine shops,1,5-9,City of Kitchener,StatCan ODBus v1 (OGL)
1c6dc3227e83bd0623d1,Teleflex GFI Control Systems,Kitchener,Kitchener,ON,43.48015,-80.46128,336310,3363,Motor vehicle gasoline engine and engine parts manufacturing,1,100-499,City of Kitchener,StatCan ODBus v1 (OGL)
e106b029b4875ffb4fe1,Thermopatch (Canada) Inc.,Kitchener,Kitchener,ON,43.39840,-80.45988,333310,3333,Commercial and service industry machinery manufacturing,1,5-9,City of Kitchener,StatCan ODBus v1 (OGL)
cbfcd8c03ab011fd810b,Trade-Mark Industrial Inc.,Kitchener,Kitchener,ON,43.47179,-80.48135,332310,3323,Architectural and structural metals manufacturing,1,100-499,City of Kitchener,StatCan ODBus v1 (OGL)
8501f39afeb25de4a153,Trillium Metal Stampings,Kitchener,Kitchener,ON,43.40461,-80.45948,332118,3321,Stamping,1,50-99,City of Kitchener,StatCan ODBus v1 (OGL)
3ebce32c4e1837f0aa7c,Triton Electronik Ontario Ltd.,Kitchener,Kitchener,ON,43.40062,-80.48776,334410,3344,Semiconductor and other electronic component manufacturing,1,100-499,City of Kitchener,StatCan ODBus v1 (OGL)
fe8de92b13d440f0a37d,Tulsar Canada Ltd.,Kitchener,Kitchener,ON,43.40358,-80.48630,335315,3353,"Switchgear and switchboard, and relay and industrial control apparatus manufacturing",1,20-49,City of Kitchener,StatCan ODBus v1 (OGL)
70e2e7cc363ffd42de9a,Unitron Hearing,Kitchener,Kitchener,ON,43.40210,-80.45841,334512,3345,"Measuring, medical and controlling devices manufacturing",1,100-499,City of Kitchener,StatCan ODBus v1 (OGL)
b9a53c073146747c79b2,VMS Tooling Inc.,Kitchener,Kitchener,ON,43.41029,-80.45105,332710,3327,Machine shops,1,5-9,City of Kitchener,StatCan ODBus v1 (OGL)
89ec895e084e8495246b,W-D Metal Craft Inc.,Kitchener,Kitchener,ON,43.48074,-80.47665,332329,3323,Other ornamental and architectural metal product manufacturing,1,1-4,City of Kitchener,StatCan ODBus v1 (OGL)
bf84db891486585fe1f3,Warwick Marking Products Limited,Kitchener,Kitchener,ON,43.44701,-80.51340,332210,3322,Cutlery and hand tool manufacturing,0,20-49,City of Kitchener,StatCan ODBus v1 (OGL)
4c678d44af0a32d04724,Waterloo Engraving,Kitchener,Kitchener,ON,43.45485,-80.49467,332810,3328,"Coating, engraving, cold and heat treating and allied activities",1,1-4,City of Kitchener,StatCan ODBus v1 (OGL)
b476c04de2931c3a0be7,William Radtke Sheet Metal Ltd.,Kitchener,Kitchener,ON,43.46601,-80.48089,332510,3325,Hardware manufacturing,0,20-49,City of Kitchener,StatCan ODBus v1 (OGL)
cb06005c719aab290462,XL Tool Inc.,Kitchener,Kitchener,ON,43.47900,-80.43226,332118,3321,Stamping,1,20-49,City of Kitchener,StatCan ODBus v1 (OGL)
faf76ba2c689148302dc,Zister's Stainless & Fabricating Inc.,Kitchener,Kitchener,ON,43.40229,-80.49167,332310,3323,Architectural and structural metals manufacturing,1,1-4,City of Kitchener,StatCan ODBus v1 (OGL)
6127f86e49f3f60516d5,10:10,Markham,Markham,ON,,,33441,3344,Semiconductor and other electronic component manufacturing,1,20-49,Regional Municipality of York,StatCan ODBus v1 (OGL)
e7f4e4039a7a214666dc,A. ALEXANIAN ENGRAVING LTD.,Markham,Markham,ON,,,33281,3328,"Coating, engraving, heat treating and allied activities",1,1-4,Regional Municipality of York,StatCan ODBus v1 (OGL)
1d17edd827ebfabe88c8,ABC QUALITY MACHINE & TOOL LTD.,Markham,Markham,ON,,,33271,3327,Machine shops,1,1-4,Regional Municipality of York,StatCan ODBus v1 (OGL)
d1fc8a047f6671ae4c27,ABRAHAM INNOVATIONS SYSTEMS INC,Markham,Markham,ON,,,33441,3344,Semiconductor and other electronic component manufacturing,1,20-49,Regional Municipality of York,StatCan ODBus v1 (OGL)
45073817622f90a7f8c2,ACCURATE MODELS & PROTOTYPES INC.,Markham,Markham,ON,,,33351,3335,Metalworking machinery manufacturing,0,1-4,Regional Municipality of York,StatCan ODBus v1 (OGL)
91d48171aea9b6bc6cf4,AIRNOR MECHANICAL LTD.,Markham,Markham,ON,,,33122,3312,Rolling and drawing of purchased steel,0,10-19,Regional Municipality of York,StatCan ODBus v1 (OGL)
8fd71d04fdb5661a882e,ALLANSON INTERNATIONAL INC.,Markham,Markham,ON,,,33511,3351,Electric lamp bulb and parts manufacturing,0,50-99,Regional Municipality of York,StatCan ODBus v1 (OGL)
d4e0911c22968803beb0,ALMOST RACING INC.,Markham,Markham,ON,,,33639,3363,Automotive mechanical and electrical repair and maintenance,1,1-4,Regional Municipality of York,StatCan ODBus v1 (OGL)
851eeb6ebb992778f7a7,ALUMATUBE RADIANT HEATING SYSTEMS INC.,Markham,Markham,ON,,,33341,3334,"Ventilation, heating, air-conditioning and commercial refrigeration equipment manufacturing",0,1-4,Regional Municipality of York,StatCan ODBus v1 (OGL)
02b44a2be6af5fc84a9b,ALWIND INDUSTRIES LTD.,Markham,Markham,ON,,,33232,3323,Ornamental and architectural metal product manufacturing,1,20-49,Regional Municipality of York,StatCan ODBus v1 (OGL)
d4e2e185d17d802b3d07,APEX AUTOMATION SOLUTIONS,Markham,Markham,ON,,,33324,3332,Industrial machinery manufacturing,1,5-9,Regional Municipality of York,StatCan ODBus v1 (OGL)
b45e32703bf0ee588ec9,AQUA CRYSTAL CLEAR,Markham,Markham,ON,,,33331,3333,Commercial and service industry machinery manufacturing,1,5-9,Regional Municipality of York,StatCan ODBus v1 (OGL)
e32faefab943e1ff34cf,ARISTOCRAT SHADE PRODUCTS,Markham,Markham,ON,,,33232,3323,Ornamental and architectural metal product manufacturing,1,10-19,Regional Municipality of York,StatCan ODBus v1 (OGL)
dbce90bea98688caef50,ASH PROCESS CONTROL,Markham,Markham,ON,,,33399,3339,All other general-purpose machinery manufacturing,1,5-9,Regional Municipality of York,StatCan ODBus v1 (OGL)
c387b6841aaec68ec093,ASSOCIATED TUBE INDUSTRIES,Markham,Markham,ON,,,33121,3312,Iron and steel pipes and tubes manufacturing from purchased steel,0,100-499,Regional Municipality of York,StatCan ODBus v1 (OGL)
87489dcdfb926fe35516,AUTOMOTION SHADE INC,Markham,Markham,ON,,,33639,3363,Other motor vehicle parts manufacturing,1,50-99,Regional Municipality of York,StatCan ODBus v1 (OGL)
c5a259d9366da1266e15,AVENVIEW,Markham,Markham,ON,,,33431,3343,Electrical contractors and other wiring installation contractors,0,1-4,Regional Municipality of York,StatCan ODBus v1 (OGL)
09e24c3c50930d10be16,BADGE PRO,Markham,Markham,ON,,,33299,3329,All other fabricated metal product manufacturing,1,10-19,Regional Municipality of York,StatCan ODBus v1 (OGL)
9da4a1dcc8c55ea4d8c6,BAKOTECK MFG.,Markham,Markham,ON,,,33271,3327,Machine shops,1,1-4,Regional Municipality of York,StatCan ODBus v1 (OGL)
a35615a16e8988d94ab1,BAYLIN TECHNOLOGY,Markham,Markham,ON,,,33422,3342,Radio and television broadcasting and wireless communications equipment manufacturing,0,5-9,Regional Municipality of York,StatCan ODBus v1 (OGL)
84cfc485824fb9fa97d9,BELUCE CANADA INC.,Markham,Markham,ON,,,33511,3351,Electric lamp bulb and parts manufacturing,0,100-499,Regional Municipality of York,StatCan ODBus v1 (OGL)
3b265451b16a1809f8e6,BERENDSEN FLUID POWER,Markham,Markham,ON,,,33399,3339,All other general-purpose machinery manufacturing,1,10-19,Regional Municipality of York,StatCan ODBus v1 (OGL)
b8aa4e3d0c1886be4fba,BITTELE ELECTRONICS,Markham,Markham,ON,,,33441,3344,Semiconductor and other electronic component manufacturing,1,20-49,Regional Municipality of York,StatCan ODBus v1 (OGL)
d18e2c5e0a8795a5bf0a,BLACHERE ILLUMINATION,Markham,Markham,ON,,,33512,3351,Lighting fixture manufacturing,0,1-4,Regional Municipality of York,StatCan ODBus v1 (OGL)
ead7bd32bd4c0d04c981,BLACKLINE ALUMINUM SYSTEMS,Markham,Markham,ON,,,33232,3323,Ornamental and architectural metal product manufacturing,1,20-49,Regional Municipality of York,StatCan ODBus v1 (OGL)
1b2fc152fd8423024c69,BLOW MOULD ENGINEERING,Markham,Markham,ON,,,33324,3332,Industrial machinery manufacturing,1,1-4,Regional Municipality of York,StatCan ODBus v1 (OGL)
e4e1f2cfc0f5d5406f7a,BRIDGEVEYOR OVERHEAD SYSTEMS LTD.,Markham,Markham,ON,,,33392,3339,Material handling equipment manufacturing,1,10-19,Regional Municipality of York,StatCan ODBus v1 (OGL)
2bd43b3e7a3af2a8110b,BRTB CANADA INC.,Markham,Markham,ON,,,33592,3359,Communication and energy wire and cable manufacturing,1,10-19,Regional Municipality of York,StatCan ODBus v1 (OGL)
669363dc911954a53ca5,C.E.S TRANSFORMERS,Markham,Markham,ON,,,33324,3332,Industrial machinery manufacturing,1,20-49,Regional Municipality of York,StatCan ODBus v1 (OGL)
4044dafe8d259d15066b,CACHELAN,Markham,Markham,ON,,,33411,3341,Computer and peripheral equipment manufacturing,0,5-9,Regional Municipality of York,StatCan ODBus v1 (OGL)
d848219dd0bedb5598e4,CAD WIRE HOLDINGS LTD.,Markham,Markham,ON,,,33451,3345,"Navigational, measuring, medical and control instruments manufacturing",1,1-4,Regional Municipality of York,StatCan ODBus v1 (OGL)
94efd7d9213be50a2a8a,CAMPTECH II CIRCUITS INC.,Markham,Markham,ON,,,33441,3344,Semiconductor and other electronic component manufacturing,1,10-19,Regional Municipality of York,StatCan ODBus v1 (OGL)
4d4ac7b39d3f9a35fbc5,CANADA ENDOSCOPE CORPORATION,Markham,Markham,ON,,,33451,3345,"Navigational, measuring, medical and control instruments manufacturing",1,5-9,Regional Municipality of York,StatCan ODBus v1 (OGL)
425e4d3a959d24136182,CANADIAN ALTERNATORS & STARTERS,Markham,Markham,ON,,,33632,3363,Motor vehicle electrical and electronic equipment manufacturing,1,1-4,Regional Municipality of York,StatCan ODBus v1 (OGL)
11a0ae079eae9435a20a,CANADIAN SHUNT INDUSTRIES (CSI) INC,Markham,Markham,ON,,,33451,3345,"Navigational, measuring, medical and control instruments manufacturing",1,20-49,Regional Municipality of York,StatCan ODBus v1 (OGL)
94678325b1fbe42e87c0,CANOFIX,Markham,Markham,ON,,,33232,3323,Ornamental and architectural metal product manufacturing,1,1-4,Regional Municipality of York,StatCan ODBus v1 (OGL)
4a87ec5920693311a8c6,CENTAUR FLOOR MACHINES LTD.,Markham,Markham,ON,,,33391,3339,Pump and compressor manufacturing,1,10-19,Regional Municipality of York,StatCan ODBus v1 (OGL)
69f76cc9f908e9c22301,CHEMLINE PLASTICS LTD.,Markham,Markham,ON,,,33291,3329,Metal valve manufacturing,1,20-49,Regional Municipality of York,StatCan ODBus v1 (OGL)
dd7fafb1c682ea0deb25,CIRCUIT-TECH INC.,Markham,Markham,ON,,,33411,3341,Computer and peripheral equipment manufacturing,0,50-99,Regional Municipality of York,StatCan ODBus v1 (OGL)
5ecd551ef3fd94540ff2,CIRCUITS CENTERAL,Markham,Markham,ON,,,33599,3359,Engineering services,1,5-9,Regional Municipality of York,StatCan ODBus v1 (OGL)
cb7d91416307103443b4,CITY SHEET METAL LTD.,Markham,Markham,ON,,,33232,3323,Ornamental and architectural metal product manufacturing,1,5-9,Regional Municipality of York,StatCan ODBus v1 (OGL)
ac486c6df4e3351d505f,CONCORD IDEA CORP.,Markham,Markham,ON,,,33411,3341,Computer and peripheral equipment manufacturing,0,10-19,Regional Municipality of York,StatCan ODBus v1 (OGL)
bbeba25adacee6e44b80,CONQUEST VEHICLES INC.,Markham,Markham,ON,,,33611,3361,Automobile and light-duty motor vehicle manufacturing,0,20-49,Regional Municipality of York,StatCan ODBus v1 (OGL)
d52f7a5f291933596be5,CREATION TECHNOLOGIES INC.,Markham,Markham,ON,,,33411,3341,Computer and peripheral equipment manufacturing,0,100-499,Regional Municipality of York,StatCan ODBus v1 (OGL)
d163bd0957a9436f939c,CREST CIRCUIT INC.,Markham,Markham,ON,,,33441,3344,Semiconductor and other electronic component manufacturing,1,20-49,Regional Municipality of York,StatCan ODBus v1 (OGL)
f6ac74250f7b54d1f933,CUSTOM MACHINING LTD.,Markham,Markham,ON,,,33271,3327,Machine shops,1,1-4,Regional Municipality of York,StatCan ODBus v1 (OGL)
1cbcfcfc637d3edf70cb,CUT-A-DIE CANADA LTD.,Markham,Markham,ON,,,33351,3335,Metalworking machinery manufacturing,0,10-19,Regional Municipality of York,StatCan ODBus v1 (OGL)
0709091459e0d95426de,CYGNUS ELECTRONICS CORP.,Markham,Markham,ON,,,33441,3344,Semiconductor and other electronic component manufacturing,1,20-49,Regional Municipality of York,StatCan ODBus v1 (OGL)
a67f1ce1dd43a28a083c,D MACHINE INC.,Markham,Markham,ON,,,33271,3327,Machine shops,1,5-9,Regional Municipality of York,StatCan ODBus v1 (OGL)
67e74fdf69734cf8765d,DATA CIRCUITS,Markham,Markham,ON,,,33441,3344,Semiconductor and other electronic component manufacturing,1,20-49,Regional Municipality of York,StatCan ODBus v1 (OGL)
2298aa81964e3929745d,DEPENDABLE ANODIZING LTD.,Markham,Markham,ON,,,33281,3328,"Coating, engraving, heat treating and allied activities",1,50-99,Regional Municipality of York,StatCan ODBus v1 (OGL)
a260ea589136ed02d3e1,DIAMOND FIRE DOOR CORP.,Markham,Markham,ON,,,33232,3323,Ornamental and architectural metal product manufacturing,1,10-19,Regional Municipality of York,StatCan ODBus v1 (OGL)
558ad87138e7361055f2,DICHTOMATIK CANADA,Markham,Markham,ON,,,33399,3339,"Professional machinery, equipment and supplies wholesaler-distributors",1,10-19,Regional Municipality of York,StatCan ODBus v1 (OGL)
dd78dd20474e249c3711,DIE-TECH TOOL & DESIGN,Markham,Markham,ON,,,33211,3321,Forging and stamping,1,1-4,Regional Municipality of York,StatCan ODBus v1 (OGL)
436c5b8a9f1bf9615730,DURACUT MACHINE KNIFE CO.,Markham,Markham,ON,,,33271,3327,Machine shops,1,5-9,Regional Municipality of York,StatCan ODBus v1 (OGL)
eba848c0969da649ad20,E.D. MOTORCYCLE SEATS INC.,Markham,Markham,ON,,,33636,3363,Motor vehicle seating and interior trim manufacturing,1,1-4,Regional Municipality of York,StatCan ODBus v1 (OGL)
746c79e8573361ee579f,EASY IMAGING,Markham,Markham,ON,,,33281,3328,"Coating, engraving, heat treating and allied activities",1,1-4,Regional Municipality of York,StatCan ODBus v1 (OGL)
353b8dac57966ef8e6c9,ECONOLITE CANADA INC.,Markham,Markham,ON,,,33411,3341,Computer and peripheral equipment manufacturing,0,20-49,Regional Municipality of York,StatCan ODBus v1 (OGL)
fe48b3239c8d3f404a79,EDWARD KURTZ ENTERPRISES LTD.,Markham,Markham,ON,,,33351,3335,Metalworking machinery manufacturing,0,5-9,Regional Municipality of York,StatCan ODBus v1 (OGL)
19eabbff957b98f80b41,ELECTRACONT SERVICES,Markham,Markham,ON,,,33531,3353,Electrical equipment manufacturing,1,1-4,Regional Municipality of York,StatCan ODBus v1 (OGL)
d5bf027bd5317900a3f7,ELECTRAULIC SYSTEMS LTD.,Markham,Markham,ON,,,33531,3353,Electrical equipment manufacturing,1,1-4,Regional Municipality of York,StatCan ODBus v1 (OGL)
83cf6be7f0bb64789a8b,ELECTRONIC METALFORM INDUSTRIES LIMITED,Markham,Markham,ON,,,33351,3335,Metalworking machinery manufacturing,0,20-49,Regional Municipality of York,StatCan ODBus v1 (OGL)
390c8c008173b93725ec,ELECTRONIC SURVEILLANCE CORP.,Markham,Markham,ON,,,33429,3342,Other communications equipment manufacturing,0,1-4,Regional Municipality of York,StatCan ODBus v1 (OGL)
6e4f5dd66aff821419f8,EMERSON GROW TECHNILOGY INC.,Markham,Markham,ON,,,33511,3351,Electric lamp bulb and parts manufacturing,0,10-19,Regional Municipality of York,StatCan ODBus v1 (OGL)
9cdb63e0052f13513517,EMERY SILFURTUN INC.,Markham,Markham,ON,,,33331,3333,Commercial and service industry machinery manufacturing,1,10-19,Regional Municipality of York,StatCan ODBus v1 (OGL)
f1d1a22d309620d915d3,EMPHATEC,Markham,Markham,ON,,,33441,3344,Semiconductor and other electronic component manufacturing,1,10-19,Regional Municipality of York,StatCan ODBus v1 (OGL)
c8ba59d7409acb6fb310,EMSEE LABORATORIES OF CANADA,Markham,Markham,ON,,,33451,3345,"Navigational, measuring, medical and control instruments manufacturing",1,5-9,Regional Municipality of York,StatCan ODBus v1 (OGL)
56bb2bda2f50dc9294a1,ENSIL INC.,Markham,Markham,ON,,,33441,3344,Engineering services,1,20-49,Regional Municipality of York,StatCan ODBus v1 (OGL)
115d1c1fae56b6b83bec,EVELKO DESIGNS LTD.,Markham,Markham,ON,,,33232,3323,Ornamental and architectural metal product manufacturing,1,20-49,Regional Municipality of York,StatCan ODBus v1 (OGL)
064817801ed357f5f8a7,EXCO TOOLING SOLUTIONS,Markham,Markham,ON,,,33152,3315,Non-ferrous metal foundries,0,100-499,Regional Municipality of York,StatCan ODBus v1 (OGL)
538e4172fdada007c7e4,FACTORY DIRECT LIGHTING 2020 LTD.,Markham,Markham,ON,,,33511,3351,Electric lamp bulb and parts manufacturing,0,5-9,Regional Municipality of York,StatCan ODBus v1 (OGL)
ab44b3cfe8f9ee1dc416,FEMKO METAL PRODUCTS LTD.,Markham,Markham,ON,,,33231,3323,Plate work and fabricated structural product manufacturing,1,1-4,Regional Municipality of York,StatCan ODBus v1 (OGL)
a8ed9af396adf37d1f07,FENNO MANUFACTURING LTD.,Markham,Markham,ON,,,33521,3352,Small electrical appliance manufacturing,0,1-4,Regional Municipality of York,StatCan ODBus v1 (OGL)
ce668d16f4d87ccd2d3f,FINE EDGE GRINDING & MACHINE,Markham,Markham,ON,,,33271,3327,Machine shops,1,1-4,Regional Municipality of York,StatCan ODBus v1 (OGL)
60a8b5db35e2a0c23155,FIRE DETECTION DEVICES LTD.,Markham,Markham,ON,,,33429,3342,Other communications equipment manufacturing,0,5-9,Regional Municipality of York,StatCan ODBus v1 (OGL)
10daae4cd1236c277ba2,FIRST WAVE TECHNOLOGY INC.,Markham,Markham,ON,,,33441,3344,Semiconductor and other electronic component manufacturing,1,,Regional Municipality of York,StatCan ODBus v1 (OGL)
0c45ad49e640416de148,FLUIDIGM CANADA INC.,Markham,Markham,ON,,,33451,3345,"Navigational, measuring, medical and control instruments manufacturing",1,100-499,Regional Municipality of York,StatCan ODBus v1 (OGL)
ad7746816c177fb14093,FRAMECAN,Markham,Markham,ON,,,33261,3326,Spring and wire product manufacturing,0,5-9,Regional Municipality of York,StatCan ODBus v1 (OGL)
a6c9723c7a2df9967dd9,FS TOOL CORP.,Markham,Markham,ON,,,33221,3322,Cutlery and hand tool manufacturing,0,50-99,Regional Municipality of York,StatCan ODBus v1 (OGL)
53344636d7777ec88975,GATES AND DOORS INC.,Markham,Markham,ON,,,33593,3359,Wiring device manufacturing,1,10-19,Regional Municipality of York,StatCan ODBus v1 (OGL)
1e4330c586c3f64034c8,GE GRID IQ INNOVATION CENTRE,Markham,Markham,ON,,,33599,3359,All other electrical equipment and component manufacturing,1,100-499,Regional Municipality of York,StatCan ODBus v1 (OGL)
1c24d807501124f2bd8e,GEM SYSTEMS INC.,Markham,Markham,ON,,,33451,3345,"Navigational, measuring, medical and control instruments manufacturing",1,20-49,Regional Municipality of York,StatCan ODBus v1 (OGL)
d5f32523978f2da5cec6,GLOW LIGHTING INC.,Markham,Markham,ON,,,33512,3351,Lighting fixture manufacturing,0,5-9,Regional Municipality of York,StatCan ODBus v1 (OGL)
a6a3a96c36d935619293,HATHORN CORP.,Markham,Markham,ON,,,33331,3333,Commercial and service industry machinery manufacturing,1,10-19,Regional Municipality of York,StatCan ODBus v1 (OGL)
9800c6ed433e7fa7e4cb,HEATHER & LITTLE LTD.,Markham,Markham,ON,,,33232,3323,Ornamental and architectural metal product manufacturing,1,10-19,Regional Municipality of York,StatCan ODBus v1 (OGL)
1f6aa3658cf9fd16f1a7,HIKER ENTERPRISES LTD.,Markham,Markham,ON,,,33324,3332,Industrial machinery manufacturing,1,5-9,Regional Municipality of York,StatCan ODBus v1 (OGL)
5bf63d92fea1745171cb,HYPERION SENSORS INC.,Markham,Markham,ON,,,33441,3344,"All other professional, scientific and technical services",1,10-19,Regional Municipality of York,StatCan ODBus v1 (OGL)
d15e12de1ffea950e2dc,ICEGEN CORP.,Markham,Markham,ON,,,33324,3332,Industrial machinery manufacturing,1,1-4,Regional Municipality of York,StatCan ODBus v1 (OGL)
4af48599acddcc99e1a6,ICT DESIGN & METROLOGY,Markham,Markham,ON,,,33351,3335,Metalworking machinery manufacturing,0,5-9,Regional Municipality of York,StatCan ODBus v1 (OGL)
d1543ccb6aefe6b0b4a0,IMPACT CASES,Markham,Markham,ON,,,33299,3329,All other fabricated metal product manufacturing,1,10-19,Regional Municipality of York,StatCan ODBus v1 (OGL)
f91a92e76d11ffbe8e14,INCONTROL SYSTEMS,Markham,Markham,ON,,,33451,3345,"Navigational, measuring, medical and control instruments manufacturing",1,5-9,Regional Municipality of York,StatCan ODBus v1 (OGL)
af5b2743dc96ec05a885,INDUSTRIAL MOULDS LTD.,Markham,Markham,ON,,,33351,3335,Metalworking machinery manufacturing,0,1-4,Regional Municipality of York,StatCan ODBus v1 (OGL)
95517e48d9a62e5b05c4,INFINITE CABLES,Markham,Markham,ON,,,33592,3359,Communication and energy wire and cable manufacturing,1,20-49,Regional Municipality of York,StatCan ODBus v1 (OGL)
46f38d30aef57d943ccc,INTERCONN DEVELOPMENT LTD.,Markham,Markham,ON,,,33699,3369,Other transportation equipment manufacturing,1,1-4,Regional Municipality of York,StatCan ODBus v1 (OGL)
4888240829135ef6fbc5,INVIXIUM ACCESS INC.,Markham,Markham,ON,,,33451,3345,"Navigational, measuring, medical and control instruments manufacturing",1,10-19,Regional Municipality of York,StatCan ODBus v1 (OGL)
fb1e7007357ada14ff45,IRM TECHNOLOGIES,Markham,Markham,ON,,,33271,3327,Machine shops,1,1-4,Regional Municipality of York,StatCan ODBus v1 (OGL)
9f3aae5fbc063b5cbac1,ISO LUX,Markham,Markham,ON,,,33211,3321,Forging and stamping,1,20-49,Regional Municipality of York,StatCan ODBus v1 (OGL)
819206d8a3bb7c457881,ISO LUX MANUFACTURING COMPANY LTD.,Markham,Markham,ON,,,33299,3329,All other fabricated metal product manufacturing,1,1-4,Regional Municipality of York,StatCan ODBus v1 (OGL)
d29311067c0611c87807,ITL CIRCUITS,Markham,Markham,ON,,,33441,3344,Semiconductor and other electronic component manufacturing,1,100-499,Regional Municipality of York,StatCan ODBus v1 (OGL)
700521a0ee5b23775a0c,J & J IRON WORKS,Markham,Markham,ON,,,33261,3326,Spring and wire product manufacturing,0,1-4,Regional Municipality of York,StatCan ODBus v1 (OGL)
1f9d1ebb121fa970a3e9,J & P MACHINE SHOP,Markham,Markham,ON,,,33271,3327,Machine shops,1,5-9,Regional Municipality of York,StatCan ODBus v1 (OGL)
f53058b638500633babb,J. WYKA IRON WORK INC.,Markham,Markham,ON,,,33122,3312,Rolling and drawing of purchased steel,0,1-4,Regional Municipality of York,StatCan ODBus v1 (OGL)
c638a8b49d6bb71b6ffd,JING MAY DIE CUTTING,Markham,Markham,ON,,,33221,3322,Cutlery and hand tool manufacturing,0,1-4,Regional Municipality of York,StatCan ODBus v1 (OGL)
312474f0baee464c07d0,JOINT VENTURES MANUFACTURING,Markham,Markham,ON,,,33232,3323,Ornamental and architectural metal product manufacturing,1,1-4,Regional Municipality of York,StatCan ODBus v1 (OGL)
795744fb37f8a05e742b,JVL LABS,Markham,Markham,ON,,,33331,3333,Commercial and service industry machinery manufacturing,1,20-49,Regional Municipality of York,StatCan ODBus v1 (OGL)
31232cc78e22a5690d87,KARTA TOOL & DIE INC.,Markham,Markham,ON,,,33211,3321,Forging and stamping,1,1-4,Regional Municipality of York,StatCan ODBus v1 (OGL)
09b520fc367657c2da38,KENT PAD PRINTER CANADA INC.,Markham,Markham,ON,,,33331,3333,Commercial and service industry machinery manufacturing,1,10-19,Regional Municipality of York,StatCan ODBus v1 (OGL)
93bc2758460fdd35e72d,KINGTIGER TECHNOLOGY,Markham,Markham,ON,,,33411,3341,"Research and development in the physical, engineering and life sciences",0,20-49,Regional Municipality of York,StatCan ODBus v1 (OGL)
17156ebac4ab76152b52,KOLITTLE TOOL & STAMPINGS INC.,Markham,Markham,ON,,,33111,3311,Iron and steel mills and ferro-alloy manufacturing,0,1-4,Regional Municipality of York,StatCan ODBus v1 (OGL)
a9a802e4fc81e2a6b6cc,LAMA CUTTING INC,Markham,Markham,ON,,,33351,3335,Metalworking machinery manufacturing,0,20-49,Regional Municipality of York,StatCan ODBus v1 (OGL)
00b5738778560e47b95c,LIND EQUIPMENT LTD.,Markham,Markham,ON,,,33599,3359,All other electrical equipment and component manufacturing,1,10-19,Regional Municipality of York,StatCan ODBus v1 (OGL)
eef7c3caca37cdd85b9d,MAGNA,Markham,Markham,ON,,,33639,3363,Other motor vehicle parts manufacturing,1,,Regional Municipality of York,StatCan ODBus v1 (OGL)
55fe53e44f3eabe5a927,MAGTON MACHINING & AUTOMATION,Markham,Markham,ON,,,33271,3327,Machine shops,1,10-19,Regional Municipality of York,StatCan ODBus v1 (OGL)
86aeb2622bfe79116e81,MARA TECHNOLOGIES INC.,Markham,Markham,ON,,,33441,3344,Semiconductor and other electronic component manufacturing,1,100-499,Regional Municipality of York,StatCan ODBus v1 (OGL)
2736770b27f570319784,MARINE MAGNETICS,Markham,Markham,ON,,,33451,3345,"Navigational, measuring, medical and control instruments manufacturing",1,10-19,Regional Municipality of York,StatCan ODBus v1 (OGL)
f6f0c11727d5967a3889,MARKHAM CONVERTERS INC.,Markham,Markham,ON,,,33271,3327,Machine shops,1,1-4,Regional Municipality of York,StatCan ODBus v1 (OGL)
c83d6c56098315556847,MARKHAM TROPHY INC.,Markham,Markham,ON,,,33299,3329,All other fabricated metal product manufacturing,1,5-9,Regional Municipality of York,StatCan ODBus v1 (OGL)
45bdf4e0d7d2d87b080c,MARKING EQUIPMENT & ENGRAVING LTD.,Markham,Markham,ON,,,33211,3321,Forging and stamping,1,5-9,Regional Municipality of York,StatCan ODBus v1 (OGL)
6992ff415f4af5a93a53,MARTEK MOTORS INC.,Markham,Markham,ON,,,33639,3363,Other motor vehicle parts manufacturing,1,5-9,Regional Municipality of York,StatCan ODBus v1 (OGL)
629d1ba03c1edba82716,MD PRECISION INC.,Markham,Markham,ON,,,33271,3327,Machine shops,1,10-19,Regional Municipality of York,StatCan ODBus v1 (OGL)
534f9cb448384f5eb5c0,MEDIONICS INTERNATIONAL INC.,Markham,Markham,ON,,,33451,3345,"Navigational, measuring, medical and control instruments manufacturing",1,20-49,Regional Municipality of York,StatCan ODBus v1 (OGL)
63909cfb9da7da1eb97a,MICRO INTERFACE DESIGN,Markham,Markham,ON,,,33451,3345,"Navigational, measuring, medical and control instruments manufacturing",1,20-49,Regional Municipality of York,StatCan ODBus v1 (OGL)
04bafc9b8d5257d8a5a1,MICROART SERVICES INC.,Markham,Markham,ON,,,33441,3344,Semiconductor and other electronic component manufacturing,1,100-499,Regional Municipality of York,StatCan ODBus v1 (OGL)
37f523b848b5b5c8a8b1,MIRAVID,Markham,Markham,ON,,,33431,3343,Computer systems design and related services,0,1-4,Regional Municipality of York,StatCan ODBus v1 (OGL)
173dc45edd7d563212c5,MMJ CUSTOM LIGHTING INC,Markham,Markham,ON,,,33512,3351,Lighting fixture manufacturing,0,5-9,Regional Municipality of York,StatCan ODBus v1 (OGL)
2b91ba1e3eb208998c43,MODERN MACHINE & TOOL LTD.,Markham,Markham,ON,,,33271,3327,Machine shops,1,5-9,Regional Municipality of York,StatCan ODBus v1 (OGL)
f3be2a477dd0ea2a9137,MOSTEC ELECTRONICS INC.,Markham,Markham,ON,,,33451,3345,"Research and development in the physical, engineering and life sciences",1,1-4,Regional Municipality of York,StatCan ODBus v1 (OGL)
de0d0b6e2dd8142ff712,NAPIER-REID LTD.,Markham,Markham,ON,,,33331,3333,Engineering services,1,20-49,Regional Municipality of York,StatCan ODBus v1 (OGL)
d4bf174210bf5c29e536,NEWTYPE PERFORMANCE,Markham,Markham,ON,,,33639,3363,Other motor vehicle parts manufacturing,1,1-4,Regional Municipality of York,StatCan ODBus v1 (OGL)
545c80b7cf1ec8d73218,NEXEYA,Markham,Markham,ON,,,33451,3345,"Navigational, measuring, medical and control instruments manufacturing",1,20-49,Regional Municipality of York,StatCan ODBus v1 (OGL)
1b91fe2732ddcf17bf10,NORTH YORK TROPHIES,Markham,Markham,ON,,,33281,3328,"Coating, engraving, heat treating and allied activities",1,5-9,Regional Municipality of York,StatCan ODBus v1 (OGL)
d090925fb2a4f8e97e25,NORTHERN TECHNOLOGIES CORP.,Markham,Markham,ON,,,33593,3359,Electrical wiring and construction supplies merchant wholesalers,1,10-19,Regional Municipality of York,StatCan ODBus v1 (OGL)
dc8386c816200faaca5b,NUIMPACT CORPORATION,Markham,Markham,ON,,,33411,3341,Computer and peripheral equipment manufacturing,0,1-4,Regional Municipality of York,StatCan ODBus v1 (OGL)
8d16edbdbf7e80a72414,OLT AUTOMATION INC.,Markham,Markham,ON,,,33399,3339,All other general-purpose machinery manufacturing,1,10-19,Regional Municipality of York,StatCan ODBus v1 (OGL)
39c91f735eac6cc71ec3,OMNIFY LIGHTING,Markham,Markham,ON,,,33511,3351,Electric lamp bulb and parts manufacturing,0,50-99,Regional Municipality of York,StatCan ODBus v1 (OGL)
6baed382ea5ba91c7add,ONTARIO REBARS INC.,Markham,Markham,ON,,,33231,3323,Plate work and fabricated structural product manufacturing,1,5-9,Regional Municipality of York,StatCan ODBus v1 (OGL)
9cb8919214b619d73f81,ONTARIO VALVE REPAIR SERVICE,Markham,Markham,ON,,,33291,3329,Metal valve manufacturing,1,10-19,Regional Municipality of York,StatCan ODBus v1 (OGL)
2d14a9c80af42de28a57,OPTIMA TELECOM INC.,Markham,Markham,ON,,,33429,3342,Other communications equipment manufacturing,0,5-9,Regional Municipality of York,StatCan ODBus v1 (OGL)
e916cf5b5a8bbff734dd,ORCHARD INSTRUMENTS LTD.,Markham,Markham,ON,,,33122,3312,Rolling and drawing of purchased steel,0,1-4,Regional Municipality of York,StatCan ODBus v1 (OGL)
8dabc2a22441e960d044,ORENDA AUTOMATION TECHNOLOGIES INC.,Markham,Markham,ON,,,33324,3332,Industrial machinery manufacturing,1,20-49,Regional Municipality of York,StatCan ODBus v1 (OGL)
4c591a0404859ea59250,ORVITEK INC.,Markham,Markham,ON,,,33599,3359,All other electrical equipment and component manufacturing,1,1-4,Regional Municipality of York,StatCan ODBus v1 (OGL)
d8acdc64d1b84f4a3a50,PATRICK PLASTICS INC.,Markham,Markham,ON,,,33451,3345,"Navigational, measuring, medical and control instruments manufacturing",1,50-99,Regional Municipality of York,StatCan ODBus v1 (OGL)
a4ccd3165101797d79f6,PC 350,Markham,Markham,ON,,,33232,3323,Ornamental and architectural metal product manufacturing,1,20-49,Regional Municipality of York,StatCan ODBus v1 (OGL)
3e2b68140b9488f1d837,PCXTRA TOUCH SOLUTIONS CORP.,Markham,Markham,ON,,,33331,3333,Commercial and industrial machinery and equipment (except automotive and electronic) repair and maintenance,1,5-9,Regional Municipality of York,StatCan ODBus v1 (OGL)
846936b18bbf3940fe18,PERLE SYSTEMS LTD.,Markham,Markham,ON,,,33421,3342,Telephone apparatus manufacturing,0,20-49,Regional Municipality of York,StatCan ODBus v1 (OGL)
0474092b30a6bbb7e06f,PET ALL MANUFACTURING INC.,Markham,Markham,ON,,,33324,3332,Industrial machinery manufacturing,1,10-19,Regional Municipality of York,StatCan ODBus v1 (OGL)
888b9240153e1f5b0b0d,POLICE ORDNANCE COMPANY INC.,Markham,Markham,ON,,,33299,3329,All other merchant wholesalers,1,5-9,Regional Municipality of York,StatCan ODBus v1 (OGL)
bde5a6331fc00bd87cca,POWER MEASUREMENT TECHNOLOGIES INC.,Markham,Markham,ON,,,33451,3345,"Navigational, measuring, medical and control instruments manufacturing",1,5-9,Regional Municipality of York,StatCan ODBus v1 (OGL)
07bb5de3306b2b811047,PRECISION GLASS SERVICES INC.,Markham,Markham,ON,,,33232,3323,Ornamental and architectural metal product manufacturing,1,1-4,Regional Municipality of York,StatCan ODBus v1 (OGL)
5963146141da7f715503,PRESTIGE TROPHY & AWARDS,Markham,Markham,ON,,,33299,3329,All other miscellaneous store retailers,1,5-9,Regional Municipality of York,StatCan ODBus v1 (OGL)
8d18ebeca1702da0579f,PULLMATIC MANUFACTURING,Markham,Markham,ON,,,33635,3363,Motor vehicle transmission and power train parts manufacturing,1,100-499,Regional Municipality of York,StatCan ODBus v1 (OGL)
4624facf18931d9b96df,QUANTECH ELECTRICAL CONTRACTORS LTD.,Markham,Markham,ON,,,33531,3353,Electrical contractors and other wiring installation contractors,1,20-49,Regional Municipality of York,StatCan ODBus v1 (OGL)
8ad4f32a1ca383f931fe,R-J MACHINERY INC.,Markham,Markham,ON,,,33331,3333,Commercial and service industry machinery manufacturing,1,1-4,Regional Municipality of York,StatCan ODBus v1 (OGL)
46ec0148717e2e6d2ec8,RACETRONIX,Markham,Markham,ON,,,33639,3363,Other motor vehicle parts manufacturing,1,5-9,Regional Municipality of York,StatCan ODBus v1 (OGL)
e2ac853016e040f76ef7,RADIANT CONCEPTS INC.,Markham,Markham,ON,,,33512,3351,Lighting fixture manufacturing,0,1-4,Regional Municipality of York,StatCan ODBus v1 (OGL)
e715fb93209a3833df6e,RADIANT TECHNOLOGIES INC.,Markham,Markham,ON,,,33441,3344,Semiconductor and other electronic component manufacturing,1,20-49,Regional Municipality of York,StatCan ODBus v1 (OGL)
92af536bdcebe2f3f5a9,REALL-V INDUSTRY INC.,Markham,Markham,ON,,,33271,3327,Machine shops,1,1-4,Regional Municipality of York,StatCan ODBus v1 (OGL)
e0cc224703817c465f4f,RIVAL TOOL AND MOULD LTD.,Markham,Markham,ON,,,33271,3327,Machine shops,1,1-4,Regional Municipality of York,StatCan ODBus v1 (OGL)
37f5fc32abae15770ee3,RUDOL PRECISION MACHINE SHOP,Markham,Markham,ON,,,33271,3327,Machine shops,1,5-9,Regional Municipality of York,StatCan ODBus v1 (OGL)
5b7a6168ecbfd2933ff7,S.H PRECISION INC.,Markham,Markham,ON,,,33351,3335,Metalworking machinery manufacturing,0,1-4,Regional Municipality of York,StatCan ODBus v1 (OGL)
900496cbd94bd231dbe9,SABLE METAL FABRICATION INC.,Markham,Markham,ON,,,33232,3323,Ornamental and architectural metal product manufacturing,1,10-19,Regional Municipality of York,StatCan ODBus v1 (OGL)
1ec93ee025b77eb9210e,SEVENSTAR MACHINING INC.,Markham,Markham,ON,,,33271,3327,Machine shops,1,1-4,Regional Municipality of York,StatCan ODBus v1 (OGL)
12b4bc762036a557857a,SHIRMEN MACHINE INC.,Markham,Markham,ON,,,33351,3335,Metalworking machinery manufacturing,0,1-4,Regional Municipality of York,StatCan ODBus v1 (OGL)
810a10f93fccaa66c234,SIBER CIRCUITS INC.,Markham,Markham,ON,,,33441,3344,Semiconductor and other electronic component manufacturing,1,20-49,Regional Municipality of York,StatCan ODBus v1 (OGL)
7a06c6355c3ff3a0d723,SIRAM PRECISION INC.,Markham,Markham,ON,,,33271,3327,Machine shops,1,5-9,Regional Municipality of York,StatCan ODBus v1 (OGL)
c25f236b9d46198b0776,SITCO PRECISION MACHINING CO LTD.,Markham,Markham,ON,,,33271,3327,Machine shops,1,1-4,Regional Municipality of York,StatCan ODBus v1 (OGL)
168703a477b01fadd96d,SKYLINE RAILINGS,Markham,Markham,ON,,,33131,3313,Alumina and aluminum production and processing,0,10-19,Regional Municipality of York,StatCan ODBus v1 (OGL)
6b77294f28c0e67dbb2e,SONELE,Markham,Markham,ON,,,33451,3345,"Navigational, measuring, medical and control instruments manufacturing",1,20-49,Regional Municipality of York,StatCan ODBus v1 (OGL)
661d1d771d0fa593adcc,SPAN MANUFACTURING INC.,Markham,Markham,ON,,,33441,3344,Semiconductor and other electronic component manufacturing,1,20-49,Regional Municipality of York,StatCan ODBus v1 (OGL)
715413d52b9c9a77a682,SPECTRALAB,Markham,Markham,ON,,,33451,3345,"Industrial machinery, equipment and supplies wholesaler-distributors",1,20-49,Regional Municipality of York,StatCan ODBus v1 (OGL)
102172da9b2366f1ba33,SRD STEEL RULE DIES INC.,Markham,Markham,ON,,,33299,3329,All other fabricated metal product manufacturing,1,10-19,Regional Municipality of York,StatCan ODBus v1 (OGL)
788abf39e9fa48eb8b0a,SRS CONVEYORS - A DIVISION OF WELL PRODUCTS LTD.,Markham,Markham,ON,,,33392,3339,Material handling equipment manufacturing,1,5-9,Regional Municipality of York,StatCan ODBus v1 (OGL)
34728fe9ed1cb9a416fb,STANLEY SECURITY SOLUTIONS,Markham,Markham,ON,,,33232,3323,Ornamental and architectural metal product manufacturing,1,20-49,Regional Municipality of York,StatCan ODBus v1 (OGL)
f2cdd9d0300505a589cd,STENTECH,Markham,Markham,ON,,,33351,3335,Metalworking machinery manufacturing,0,20-49,Regional Municipality of York,StatCan ODBus v1 (OGL)
0f1f6dff6326c4e51377,STENTRONICS INC.,Markham,Markham,ON,,,33441,3344,Semiconductor and other electronic component manufacturing,1,1-4,Regional Municipality of York,StatCan ODBus v1 (OGL)
4724df09721bc1206a6c,SWISSWAY MACHINING LTD.,Markham,Markham,ON,,,33351,3335,Metalworking machinery manufacturing,0,20-49,Regional Municipality of York,StatCan ODBus v1 (OGL)
02410cc64bb594cb6166,TANDEM CHILLERS,Markham,Markham,ON,,,33341,3334,"Ventilation, heating, air-conditioning and commercial refrigeration equipment manufacturing",0,,Regional Municipality of York,StatCan ODBus v1 (OGL)
942a9caf8691e346c4f5,TAYMER INTERNATIONAL INC,Markham,Markham,ON,,,33324,3332,Industrial machinery manufacturing,1,20-49,Regional Municipality of York,StatCan ODBus v1 (OGL)
98349926e811090f529a,TECH DIGITAL,Markham,Markham,ON,,,33422,3342,Radio and television broadcasting and wireless communications equipment manufacturing,0,100-499,Regional Municipality of York,StatCan ODBus v1 (OGL)
a1b374b6d4a9c7fec559,TEMPERATURE CORPORATION,Markham,Markham,ON,,,33341,3334,"Ventilation, heating, air-conditioning and commercial refrigeration equipment manufacturing",0,10-19,Regional Municipality of York,StatCan ODBus v1 (OGL)
370d99ba6c559f13a0ae,THE MACHINE SHOP,Markham,Markham,ON,,,33271,3327,Machine shops,1,1-4,Regional Municipality of York,StatCan ODBus v1 (OGL)
2c542e82fa187983fd98,TOUCH KEY POS BUSINESS SYSTEMS INC.,Markham,Markham,ON,,,33411,3341,Computer and peripheral equipment manufacturing,0,,Regional Municipality of York,StatCan ODBus v1 (OGL)
9f727511ea6da1c0580b,TRAK COM WIRELESS INC.,Markham,Markham,ON,,,33422,3342,Radio and television broadcasting and wireless communications equipment manufacturing,0,5-9,Regional Municipality of York,StatCan ODBus v1 (OGL)
3e0fb511b36f80272b29,TRI-M MACHINE WORKS INC.,Markham,Markham,ON,,,33271,3327,Machine shops,1,5-9,Regional Municipality of York,StatCan ODBus v1 (OGL)
19d8beba609f71120351,TRM INC.,Markham,Markham,ON,,,33592,3359,Electrical contractors and other wiring installation contractors,1,10-19,Regional Municipality of York,StatCan ODBus v1 (OGL)
6832b18fa14f6956ce72,UMICORE PRECIOUS METALS CANADA INC.,Markham,Markham,ON,,,33141,3314,Non-ferrous metal (except aluminum) smelting and refining,0,50-99,Regional Municipality of York,StatCan ODBus v1 (OGL)
7c9f40bc1781e0a0f86c,UMICORE PRECIOUS METALS CANADA INC.,Markham,Markham,ON,,,33141,3314,Non-ferrous metal (except aluminum) smelting and refining,0,1-4,Regional Municipality of York,StatCan ODBus v1 (OGL)
a3ce309f34c9da39c765,UNI-TECH METAL WORKS INC.,Markham,Markham,ON,,,33232,3323,Ornamental and architectural metal product manufacturing,1,1-4,Regional Municipality of York,StatCan ODBus v1 (OGL)
cb66f944269e64d87877,UNIRAM CORPORATION,Markham,Markham,ON,,,33331,3333,Commercial and service industry machinery manufacturing,1,20-49,Regional Municipality of York,StatCan ODBus v1 (OGL)
58f66b32686e44fb18f5,VEONEER CANADA INC,Markham,Markham,ON,,,33639,3363,Other motor vehicle parts manufacturing,1,500+,Regional Municipality of York,StatCan ODBus v1 (OGL)
8b34edb3935751fb7f84,VERTEX INDUSTRIES INC.,Markham,Markham,ON,,,33531,3353,Electrical equipment manufacturing,1,5-9,Regional Municipality of York,StatCan ODBus v1 (OGL)
39f70af766167bf33ce8,VEXOS,Markham,Markham,ON,,,33441,3344,Semiconductor and other electronic component manufacturing,1,100-499,Regional Municipality of York,StatCan ODBus v1 (OGL)
a29eef5e64742a4b75f9,VIBRO-ACOUSTICS SWEGON,Markham,Markham,ON,,,33341,3334,"Ventilation, heating, air-conditioning and commercial refrigeration equipment manufacturing",0,100-499,Regional Municipality of York,StatCan ODBus v1 (OGL)
e9781c082b7cc6027502,VISUAL SONICS,Markham,Markham,ON,,,33451,3345,"Navigational, measuring, medical and control instruments manufacturing",1,5-9,Regional Municipality of York,StatCan ODBus v1 (OGL)
8b191043f4dc21aeb773,VULCAN ELECTRIC INC,Markham,Markham,ON,,,33599,3359,All other electrical equipment and component manufacturing,1,5-9,Regional Municipality of York,StatCan ODBus v1 (OGL)
0c7ee64b030399da7567,WIRE GUARD INC.,Markham,Markham,ON,,,33261,3326,Spring and wire product manufacturing,0,10-19,Regional Municipality of York,StatCan ODBus v1 (OGL)
44b89f6912003c374cf1,WIRETRON TECHNOLOGIES LTD.,Markham,Markham,ON,,,33271,3327,Machine shops,1,5-9,Regional Municipality of York,StatCan ODBus v1 (OGL)
7189aa609adf5fc89d07,WOODBINE TOOL & DIE MANUFACTURING LTD.,Markham,Markham,ON,,,33351,3335,Forging and stamping,0,20-49,Regional Municipality of York,StatCan ODBus v1 (OGL)
e96dd781c2a5cd9548b5,WOODBINE TOOL & DIE MANUFACTURING LTD.,Markham,Markham,ON,,,33211,3321,Forging and stamping,1,50-99,Regional Municipality of York,StatCan ODBus v1 (OGL)
8bd40afb0c2484b07b76,WORLD STAR TECHNOLOGIES,Markham,Markham,ON,,,33441,3344,Semiconductor and other electronic component manufacturing,1,10-19,Regional Municipality of York,StatCan ODBus v1 (OGL)
70dadfe5d7a045be4373,YORKTECH SUPPLY LTD.,Markham,Markham,ON,,,33211,3321,Forging and stamping,1,5-9,Regional Municipality of York,StatCan ODBus v1 (OGL)
daf16502e48b465a98b9,ZIP MOLD INC.,Markham,Markham,ON,,,33351,3335,Metalworking machinery manufacturing,0,10-19,Regional Municipality of York,StatCan ODBus v1 (OGL)
9c613d9dc69ac0bf9f45,416 Automation Inc.,Mississauga,Mississauga,ON,43.64633,-79.65586,336390,3363,Other Motor Vehicle Parts Manufacturing,1,10-19,City of Mississauga,StatCan ODBus v1 (OGL)
aaef6de873eca9dcdbba,A & M Surf Tech Ltd.,Mississauga,Mississauga,ON,43.69479,-79.65956,332810,3328,"Coating, Engraving, Cold and Heat Treating and All",1,10-19,City of Mississauga,StatCan ODBus v1 (OGL)
3ef2eae43158ebdaf116,A & S Hydraulics & Machine Shop,Mississauga,Mississauga,ON,43.65955,-79.68078,333990,3339,All Other General-Purpose Machinery Manufacturing,1,1-4,City of Mississauga,StatCan ODBus v1 (OGL)
9c582a6677733b5d3126,A B C Fire Door Testing & Manufacturing Ltd.,Mississauga,Mississauga,ON,43.57432,-79.56045,332321,3323,Metal Window and Door Manufacturing,1,20-49,City of Mississauga,StatCan ODBus v1 (OGL)
f8af00c54d90779a87a8,A B C Plastic Moulding,Mississauga,Mississauga,ON,43.70209,-79.62362,336110,3361,Automobile and Light-Duty Motor Vehicle Manufactur,0,100-499,City of Mississauga,StatCan ODBus v1 (OGL)
cfef3dce624b872d850f,A B Catalytic,Mississauga,Mississauga,ON,43.63338,-79.63440,336390,3363,Other Motor Vehicle Parts Manufacturing,1,10-19,City of Mississauga,StatCan ODBus v1 (OGL)
9f78dc3ee5d42a3b7ded,A B F Custom Manufacturing Ltd.,Mississauga,Mississauga,ON,43.70556,-79.62881,332710,3327,Machine Shops,1,50-99,City of Mississauga,StatCan ODBus v1 (OGL)
b88a4ca9f846e3285c8e,A B M Tool & Die Co. Ltd.,Mississauga,Mississauga,ON,43.65243,-79.70931,336390,3363,Other Motor Vehicle Parts Manufacturing,1,20-49,City of Mississauga,StatCan ODBus v1 (OGL)
b4d9c3e0a49cafac0dfd,A Bender Tools Ltd.,Mississauga,Mississauga,ON,43.62250,-79.57622,332210,3322,Cutlery and Hand Tool Manufacturing,0,5-9,City of Mississauga,StatCan ODBus v1 (OGL)
28e730c670edd7fa3fbc,A C A Control Systems Ltd.,Mississauga,Mississauga,ON,43.63450,-79.62455,335315,3353,"Switchgear and Switchboard, and Relay and Industri",1,5-9,City of Mississauga,StatCan ODBus v1 (OGL)
3dae41cdc612c3233851,A C Aluminium Welding Ltd.,Mississauga,Mississauga,ON,43.68798,-79.67254,331221,3312,Cold-Rolled Steel Shape Manufacturing,0,1-4,City of Mississauga,StatCan ODBus v1 (OGL)
3bd7e95017a1bdbd1261,A C S - Advanced Cutting Solutions Inc.,Mississauga,Mississauga,ON,43.62691,-79.62322,332710,3327,Machine Shops,1,1-4,City of Mississauga,StatCan ODBus v1 (OGL)
c2fa8ec241b7bde1a531,A D F Diesel (Toronto) Ltd.,Mississauga,Mississauga,ON,43.65102,-79.65698,336310,3363,Motor Vehicle Gasoline Engine and Engine Parts Man,1,20-49,City of Mississauga,StatCan ODBus v1 (OGL)
b1498c52402a2aac66c4,A E C O Fabrication and Machining Inc.,Mississauga,Mississauga,ON,43.69495,-79.65545,332710,3327,Machine Shops,1,1-4,City of Mississauga,StatCan ODBus v1 (OGL)
156865798a5c63854ced,A E M Systems Inc.,Mississauga,Mississauga,ON,43.63877,-79.63257,334410,3344,Semiconductor and Other Electronic Component Manuf,1,5-9,City of Mississauga,StatCan ODBus v1 (OGL)
519fb6643ea9b889185f,A G S Fittings & Manufacturing Ltd.,Mississauga,Mississauga,ON,43.49776,-79.64351,336990,3369,Other Transportation Equipment Manufacturing,1,5-9,City of Mississauga,StatCan ODBus v1 (OGL)
13146321e97c21377f58,A S R Precision Machining Inc.,Mississauga,Mississauga,ON,43.64965,-79.69586,332710,3327,Machine Shops,1,1-4,City of Mississauga,StatCan ODBus v1 (OGL)
e76308f1a680c32e1802,A T Precision Machining & Fabricating,Mississauga,Mississauga,ON,43.65218,-79.66539,332710,3327,Machine Shops,1,1-4,City of Mississauga,StatCan ODBus v1 (OGL)
dfe3a1fd82695cb8040b,A V R O,Mississauga,Mississauga,ON,43.64237,-79.67442,333920,3339,Material Handling Equipment Manufacturing,1,10-19,City of Mississauga,StatCan ODBus v1 (OGL)
b8dc39e60623022658dd,A's Precision Machining Ltd.,Mississauga,Mississauga,ON,43.65453,-79.66292,333990,3339,All Other General-Purpose Machinery Manufacturing,1,20-49,City of Mississauga,StatCan ODBus v1 (OGL)
225e779bc1c2dff9ff90,A-Spec Precision & Tool Ltd,Mississauga,Mississauga,ON,43.66831,-79.66884,332210,3322,Cutlery and Hand Tool Manufacturing,0,1-4,City of Mississauga,StatCan ODBus v1 (OGL)
a68317eb564c5e011fac,A-Techcoil Spring & Wire Form Mfg.,Mississauga,Mississauga,ON,43.66667,-79.66740,332611,3326,Spring (Heavy Gauge) Manufacturing,0,1-4,City of Mississauga,StatCan ODBus v1 (OGL)
412ebb58ef023dd117ff,A-Val Metal Resources Inc.,Mississauga,Mississauga,ON,43.68700,-79.60961,332999,3329,All Other Miscellaneous Fabricated Metal Product M,1,1-4,City of Mississauga,StatCan ODBus v1 (OGL)
0c2deb21014c9d1dbb0d,A-Z Mould Inc.,Mississauga,Mississauga,ON,43.64590,-79.69727,333511,3335,Industrial Mould Manufacturing,0,20-49,City of Mississauga,StatCan ODBus v1 (OGL)
4f7de7e4ebfa09ff2a7b,ABS Machining Inc.,Mississauga,Mississauga,ON,43.61435,-79.58446,332710,3327,Machine Shops,1,100-499,City of Mississauga,StatCan ODBus v1 (OGL)
3b96384691ae922a8129,Absolute Machine MFG Inc,Mississauga,Mississauga,ON,43.69879,-79.65748,332710,3327,Machine Shops,1,1-4,City of Mississauga,StatCan ODBus v1 (OGL)
b68a482d3389235bc384,Accu Burner-Millomat Stampings Inc.,Mississauga,Mississauga,ON,43.64412,-79.69469,332118,3321,Stamping,1,20-49,City of Mississauga,StatCan ODBus v1 (OGL)
053b714683f8048ffe79,Accupath,Mississauga,Mississauga,ON,43.64829,-79.66051,332710,3327,Machine Shops,1,1-4,City of Mississauga,StatCan ODBus v1 (OGL)
bb63b60ae88e8f968f9f,Accurate Crane & Hoist Services Ltd.,Mississauga,Mississauga,ON,43.66006,-79.68563,333920,3339,Material Handling Equipment Manufacturing,1,5-9,City of Mississauga,StatCan ODBus v1 (OGL)
90ae01b074fc041a9e2a,Ace Manufacturing,Mississauga,Mississauga,ON,43.60622,-79.58090,332999,3329,All Other Miscellaneous Fabricated Metal Product M,1,5-9,City of Mississauga,StatCan ODBus v1 (OGL)
eb3675a3d65010cea7d2,Action Car & Truck Accessories,Mississauga,Mississauga,ON,43.64115,-79.62649,336390,3363,Other Motor Vehicle Parts Manufacturing,1,5-9,City of Mississauga,StatCan ODBus v1 (OGL)
3ccac1d6583019f76887,Action Trailers Sales Inc.,Mississauga,Mississauga,ON,43.69648,-79.66153,336212,3362,Truck Trailer Manufacturing,0,50-99,City of Mississauga,StatCan ODBus v1 (OGL)
61fe2715e0bacaa8b267,Active Engines (378193 Ontario Ltd),Mississauga,Mississauga,ON,43.49555,-79.64333,336310,3363,Motor Vehicle Gasoline Engine and Engine Parts Man,1,5-9,City of Mississauga,StatCan ODBus v1 (OGL)
8b07d01ee312f32420c8,Adapt All Inc.,Mississauga,Mississauga,ON,43.62726,-79.67311,332910,3329,Metal Valve Manufacturing,1,10-19,City of Mississauga,StatCan ODBus v1 (OGL)
a9b6ce431e3d4c55abaa,Adriatic Marine Inc.,Mississauga,Mississauga,ON,43.65104,-79.65017,332510,3325,Hardware Manufacturing,0,5-9,City of Mississauga,StatCan ODBus v1 (OGL)
489e4467971603b627c1,Advance G S E Corp.,Mississauga,Mississauga,ON,43.66930,-79.64712,336410,3364,Aerospace Product and Parts Manufacturing,1,5-9,City of Mississauga,StatCan ODBus v1 (OGL)
8f79a41f8606822a909b,Advanced Air Technolgoy Systems Inc.,Mississauga,Mississauga,ON,43.66907,-79.64741,333248,3332,All other industrial machinery manufacturing,1,5-9,City of Mississauga,StatCan ODBus v1 (OGL)
8064c5368ca91056754d,Advanced Heat Treating Solutions Inc.,Mississauga,Mississauga,ON,43.69721,-79.65890,331514,3315,Steel Foundries,0,5-9,City of Mississauga,StatCan ODBus v1 (OGL)
f9f5b11d480dedc36e77,Advanced Measurement & Analysis Group Inc.,Mississauga,Mississauga,ON,43.53225,-79.67755,334512,3345,"Measuring, Medical and Controlling Devices Manufac",1,10-19,City of Mississauga,StatCan ODBus v1 (OGL)
5878cafa12d95ba15067,Advanced Measurement & Analysis Group Inc.,Mississauga,Mississauga,ON,43.53190,-79.67703,334512,3345,"Measuring, Medical and Controlling Devices Manufac",1,,City of Mississauga,StatCan ODBus v1 (OGL)
e82786be36f145b239cb,Advanced Measurement & Analysis Group Inc.,Mississauga,Mississauga,ON,43.53184,-79.67691,334512,3345,"Measuring, Medical and Controlling Devices Manufac",1,,City of Mississauga,StatCan ODBus v1 (OGL)
9a705fb7dcb185165b1f,Aerial Industries Inc,Mississauga,Mississauga,ON,43.69622,-79.66000,333248,3332,All other industrial machinery manufacturing,1,5-9,City of Mississauga,StatCan ODBus v1 (OGL)
7fcc614e69d87a89773f,Aerowerks,Mississauga,Mississauga,ON,43.59346,-79.74643,333920,3339,Material Handling Equipment Manufacturing,1,50-99,City of Mississauga,StatCan ODBus v1 (OGL)
3ea4b5be323adf98db00,Aerowood Stairs & Railings,Mississauga,Mississauga,ON,43.65142,-79.66484,332329,3323,Other Ornamental and Architectural Metal Product M,1,1-4,City of Mississauga,StatCan ODBus v1 (OGL)
133077663fbef8d8ee17,Agora Mfg. Inc.,Mississauga,Mississauga,ON,43.68229,-79.67549,332999,3329,All Other Miscellaneous Fabricated Metal Product M,1,50-99,City of Mississauga,StatCan ODBus v1 (OGL)
7e33af0aa0db5349258a,Airport Railings Co. Ltd.,Mississauga,Mississauga,ON,43.69612,-79.66579,332329,3323,Other Ornamental and Architectural Metal Product M,1,20-49,City of Mississauga,StatCan ODBus v1 (OGL)
7908f321dbb9da026787,AJK Welding,Mississauga,Mississauga,ON,43.68951,-79.67135,332319,3323,Other Plate Work and Fabricated Structural Product,1,1-4,City of Mississauga,StatCan ODBus v1 (OGL)
a5350fbc294ae131b95b,Alfa International Enterprises Ltd.,Mississauga,Mississauga,ON,43.65497,-79.67447,332720,3327,"Turned Product and Screw, Nut and Bolt Manufacturi",1,20-49,City of Mississauga,StatCan ODBus v1 (OGL)
5b7d09e2a08a0725c811,Align Metal Processing Ltd.,Mississauga,Mississauga,ON,43.64482,-79.67928,331210,3312,Iron and Steel Pipes and Tubes Manufacturing from,0,10-19,City of Mississauga,StatCan ODBus v1 (OGL)
e3150c5332b0d9e3f9ea,Allegion,Mississauga,Mississauga,ON,43.57753,-79.55669,332510,3325,Hardware Manufacturing,0,100-499,City of Mississauga,StatCan ODBus v1 (OGL)
bca886e0038184f62726,Allied Heat Treat Limited,Mississauga,Mississauga,ON,43.68810,-79.67931,332810,3328,"Coating, Engraving, Cold and Heat Treating and All",1,20-49,City of Mississauga,StatCan ODBus v1 (OGL)
b4ab6a0c185a3d699523,Allied Tooling Technologies,Mississauga,Mississauga,ON,43.66182,-79.68384,332999,3329,All Other Miscellaneous Fabricated Metal Product M,1,5-9,City of Mississauga,StatCan ODBus v1 (OGL)
14859051c068bdd3b8f9,Allighting Products Inc.,Mississauga,Mississauga,ON,43.65689,-79.67445,335120,3351,Lighting Fixture Manufacturing,0,5-9,City of Mississauga,StatCan ODBus v1 (OGL)
492728686f1d938259c1,Ally Railing Inc,Mississauga,Mississauga,ON,43.65231,-79.69490,332710,3327,Machine Shops,1,1-4,City of Mississauga,StatCan ODBus v1 (OGL)
939e1b639358cf5122ed,Amaricare Corporation,Mississauga,Mississauga,ON,43.66697,-79.69178,336390,3363,Other Motor Vehicle Parts Manufacturing,1,10-19,City of Mississauga,StatCan ODBus v1 (OGL)
7e09a9bdc37d6eeda719,Amazing Kobotic Industries Inc.,Mississauga,Mississauga,ON,43.62937,-79.65874,332329,3323,Other Ornamental and Architectural Metal Product M,1,50-99,City of Mississauga,StatCan ODBus v1 (OGL)
2558889f60f63a31b84f,Amazing L E D Co. Ltd.,Mississauga,Mississauga,ON,43.63080,-79.64535,335120,3351,Lighting Fixture Manufacturing,0,1-4,City of Mississauga,StatCan ODBus v1 (OGL)
780a1e8eeecac967ce99,Amherst Tanti Enterprises,Mississauga,Mississauga,ON,43.63568,-79.64283,332999,3329,All Other Miscellaneous Fabricated Metal Product M,1,50-99,City of Mississauga,StatCan ODBus v1 (OGL)
803c70b04bb4d8e7cd22,Ammeraal Beltech,Mississauga,Mississauga,ON,43.63152,-79.67147,333920,3339,Material Handling Equipment Manufacturing,1,20-49,City of Mississauga,StatCan ODBus v1 (OGL)
1f3a35bb37a57a7b2a6e,Ampere Metal Finishing Inc.,Mississauga,Mississauga,ON,43.63861,-79.65254,332999,3329,All Other Miscellaneous Fabricated Metal Product M,1,10-19,City of Mississauga,StatCan ODBus v1 (OGL)
078cc45ddc3c6ca56fe8,Ampion Inc.,Mississauga,Mississauga,ON,43.65253,-79.66944,332710,3327,Machine Shops,1,5-9,City of Mississauga,StatCan ODBus v1 (OGL)
bc1841a17c064a3a2825,Anderson Sheet Metal Inc.,Mississauga,Mississauga,ON,43.65138,-79.65122,332999,3329,All Other Miscellaneous Fabricated Metal Product M,1,10-19,City of Mississauga,StatCan ODBus v1 (OGL)
a6ca20f31f13461c1495,Andron Stainless Ltd.,Mississauga,Mississauga,ON,43.64861,-79.66332,332999,3329,All Other Miscellaneous Fabricated Metal Product M,1,20-49,City of Mississauga,StatCan ODBus v1 (OGL)
50fc1865e8f85e88a100,Anikole Manufacturing Inc,Mississauga,Mississauga,ON,43.66159,-79.64199,332710,3327,Machine Shops,1,1-4,City of Mississauga,StatCan ODBus v1 (OGL)
e8fb2e512d0321f987dc,Apex Tool Group,Mississauga,Mississauga,ON,43.71387,-79.66257,332210,3322,Cutlery and Hand Tool Manufacturing,0,10-19,City of Mississauga,StatCan ODBus v1 (OGL)
0f5d425368fae28311bf,Apogee Steel Fabrication Inc.,Mississauga,Mississauga,ON,43.56886,-79.65997,332999,3329,All Other Miscellaneous Fabricated Metal Product M,1,10-19,City of Mississauga,StatCan ODBus v1 (OGL)
26187570e9cba9f0729a,Applewood Glass & Mirror Inc.,Mississauga,Mississauga,ON,43.58859,-79.73832,332329,3323,Other Ornamental and Architectural Metal Product M,1,50-99,City of Mississauga,StatCan ODBus v1 (OGL)
5082de91662302e14bd9,"Applied Heat Equipment Co., Ltd.",Mississauga,Mississauga,ON,43.65104,-79.65017,332329,3323,Other Ornamental and Architectural Metal Product M,1,5-9,City of Mississauga,StatCan ODBus v1 (OGL)
1a22edd6701d2d78684d,Architectural Metalcraft Industries Ltd.,Mississauga,Mississauga,ON,43.63189,-79.63707,332329,3323,Other Ornamental and Architectural Metal Product M,1,10-19,City of Mississauga,StatCan ODBus v1 (OGL)
7fe2a0faf89ee1dc268b,Ardron-Mackie Ltd.,Mississauga,Mississauga,ON,43.66460,-79.67038,335120,3351,Lighting Fixture Manufacturing,0,20-49,City of Mississauga,StatCan ODBus v1 (OGL)
a6955bbb776f86515a9a,Arj Airparts Inc,Mississauga,Mississauga,ON,43.71359,-79.65947,336410,3364,Aerospace Product and Parts Manufacturing,1,1-4,City of Mississauga,StatCan ODBus v1 (OGL)
b5557e1bb781979f3e0c,Arkbro Industries,Mississauga,Mississauga,ON,43.65141,-79.70467,332710,3327,Machine Shops,1,20-49,City of Mississauga,StatCan ODBus v1 (OGL)
2e0d3dcae79d69b7220e,Arkbro Industries,Mississauga,Mississauga,ON,43.62943,-79.64198,332710,3327,Machine Shops,1,20-49,City of Mississauga,StatCan ODBus v1 (OGL)
4d6172d780b51a1bc0e1,Arrow Speed Controls,Mississauga,Mississauga,ON,43.68015,-79.67382,335315,3353,"Switchgear and Switchboard, and Relay and Industri",1,20-49,City of Mississauga,StatCan ODBus v1 (OGL)
19155f6a48ddab4e0576,Arxtron Technologies Inc.,Mississauga,Mississauga,ON,43.62195,-79.66280,335990,3359,All Other Electrical Equipment and Component Manuf,1,5-9,City of Mississauga,StatCan ODBus v1 (OGL)
ccae81be57aadcd2ffb2,Ashlor Design Inc.,Mississauga,Mississauga,ON,43.64281,-79.64144,335120,3351,Lighting Fixture Manufacturing,0,1-4,City of Mississauga,StatCan ODBus v1 (OGL)
ebd8a8bccbde539af56e,Atlantic Tube & Steel Inc.,Mississauga,Mississauga,ON,43.66209,-79.65087,331210,3312,Iron and Steel Pipes and Tubes Manufacturing from,0,20-49,City of Mississauga,StatCan ODBus v1 (OGL)
0322221a82a51f5e05f6,Aurora Marine Industries Inc.,Mississauga,Mississauga,ON,43.66106,-79.66914,332999,3329,All Other Miscellaneous Fabricated Metal Product M,1,1-4,City of Mississauga,StatCan ODBus v1 (OGL)
f408cb74793f3ffb53ab,Avalon Metal Fabrication Inc.,Mississauga,Mississauga,ON,43.69924,-79.66641,332999,3329,All Other Miscellaneous Fabricated Metal Product M,1,20-49,City of Mississauga,StatCan ODBus v1 (OGL)
a9468ff40ecde8854c78,Avion Technologies Inc.,Mississauga,Mississauga,ON,43.67158,-79.68217,332710,3327,Machine Shops,1,20-49,City of Mississauga,StatCan ODBus v1 (OGL)
4fd08acd3324cf7250ad,"Award Store, The",Mississauga,Mississauga,ON,43.62526,-79.65748,332999,3329,All Other Miscellaneous Fabricated Metal Product M,1,5-9,City of Mississauga,StatCan ODBus v1 (OGL)
535ce4dc38b04f08c82e,Axiomatic Technologies Corporation,Mississauga,Mississauga,ON,43.63065,-79.66947,334410,3344,Semiconductor and Other Electronic Component Manuf,1,50-99,City of Mississauga,StatCan ODBus v1 (OGL)
691bec6fd90e991c2936,B & D Custom Metal Works Inc.,Mississauga,Mississauga,ON,43.49776,-79.64351,332999,3329,All Other Miscellaneous Fabricated Metal Product M,1,1-4,City of Mississauga,StatCan ODBus v1 (OGL)
ee6422dab5842d94b935,B & R Air System Inc.,Mississauga,Mississauga,ON,43.70210,-79.66151,333413,3334,Industrial and Commercial Fan and Blower and Air P,0,1-4,City of Mississauga,StatCan ODBus v1 (OGL)
853f481af2b49f32bcd8,B & R Machine Co. Limited,Mississauga,Mississauga,ON,43.62666,-79.66133,332710,3327,Machine Shops,1,20-49,City of Mississauga,StatCan ODBus v1 (OGL)
a586670f6806c9c7416a,B B M Battery Inc.,Mississauga,Mississauga,ON,43.64848,-79.64940,335910,3359,Battery Manufacturing,1,10-19,City of Mississauga,StatCan ODBus v1 (OGL)
b99644c02a6de21a2395,B L B Manufacturing Inc.,Mississauga,Mississauga,ON,43.64694,-79.66563,332710,3327,Machine Shops,1,10-19,City of Mississauga,StatCan ODBus v1 (OGL)
1807176c579463b28333,Bakers Moulds,Mississauga,Mississauga,ON,43.64379,-79.63013,333511,3335,Industrial Mould Manufacturing,0,1-4,City of Mississauga,StatCan ODBus v1 (OGL)
39e3d3ea7b4d89e79d3c,Balluff Canada Inc.,Mississauga,Mississauga,ON,43.59911,-79.77456,335920,3359,Communication and Energy Wire and Cable Manufactur,1,20-49,City of Mississauga,StatCan ODBus v1 (OGL)
91e3407809606e656395,Baltimore Aircoil of Canada (B A C) Evaporative Tower Services,Mississauga,Mississauga,ON,43.52196,-79.70488,333413,3334,Industrial and Commercial Fan and Blower and Air P,0,10-19,City of Mississauga,StatCan ODBus v1 (OGL)
0a2865d3e9c7886cfa0a,Bantry Metal Products Ltd.,Mississauga,Mississauga,ON,43.65957,-79.68245,332329,3323,Other Ornamental and Architectural Metal Product M,1,10-19,City of Mississauga,StatCan ODBus v1 (OGL)
f332a72a9cf2892ef9cf,"Barbee Co. of Canada Inc., The",Mississauga,Mississauga,ON,43.61352,-79.57326,333310,3333,Commercial and Service Industry Machinery Manufact,1,1-4,City of Mississauga,StatCan ODBus v1 (OGL)
04c54d7e73d3497bdfca,Bartech Manufacturing Inc.,Mississauga,Mississauga,ON,43.64633,-79.65586,332999,3329,All Other Miscellaneous Fabricated Metal Product M,1,1-4,City of Mississauga,StatCan ODBus v1 (OGL)
a5ba0ff72e9fe11e9254,Bartell Morrison Inc.,Mississauga,Mississauga,ON,43.64282,-79.68433,333120,3331,Construction Machinery Manufacturing,0,20-49,City of Mississauga,StatCan ODBus v1 (OGL)
c97c18bf5989249d2824,Batterysonic Inc.,Mississauga,Mississauga,ON,43.65027,-79.66175,335910,3359,Battery Manufacturing,1,5-9,City of Mississauga,StatCan ODBus v1 (OGL)
4adab97fb828e49ace6e,Bauer G M C,Mississauga,Mississauga,ON,43.52512,-79.71624,333619,3336,Other Engine and Power Transmission Equipment Manu,1,10-19,City of Mississauga,StatCan ODBus v1 (OGL)
22bce42986f80cc670a8,Baumueller-Nuermont Corp.,Mississauga,Mississauga,ON,43.59968,-79.73260,335990,3359,All Other Electrical Equipment and Component Manuf,1,5-9,City of Mississauga,StatCan ODBus v1 (OGL)
f7eab9a74c117297c210,Beckhoff Automation,Mississauga,Mississauga,ON,43.59841,-79.77836,334110,3341,Computer and Peripheral Equipment Manufacturing,0,,City of Mississauga,StatCan ODBus v1 (OGL)
5f2d682387bc600e47fc,Belanger,Mississauga,Mississauga,ON,43.66366,-79.59847,335223,3352,Major Kitchen Appliance Manufacturing,0,1-4,City of Mississauga,StatCan ODBus v1 (OGL)
7fe112467b90b3452dcf,Bemco Machine Works Ltd.,Mississauga,Mississauga,ON,43.65068,-79.67324,332710,3327,Machine Shops,1,5-9,City of Mississauga,StatCan ODBus v1 (OGL)
0f1cbdb4740a198b1fe6,Berlet Electronics Ltd.,Mississauga,Mississauga,ON,43.66537,-79.64941,334220,3342,Radio and Television Broadcasting and Wireless Com,0,5-9,City of Mississauga,StatCan ODBus v1 (OGL)
1e969ead558bc5a7aecb,Bernardo Metal Products Ltd.,Mississauga,Mississauga,ON,43.64781,-79.69922,332999,3329,All Other Miscellaneous Fabricated Metal Product M,1,50-99,City of Mississauga,StatCan ODBus v1 (OGL)
8c86efeefc24a6565dc1,Bex Engineering Ltd.,Mississauga,Mississauga,ON,43.62614,-79.63698,332910,3329,Metal Valve Manufacturing,1,50-99,City of Mississauga,StatCan ODBus v1 (OGL)
4070e72e019236abf7d7,Biesse Canada,Mississauga,Mississauga,ON,43.51735,-79.69768,333245,3332,Sawmill and woodworking machinery manufacturing,1,10-19,City of Mississauga,StatCan ODBus v1 (OGL)
56d7eea03717fe703ce8,Blow Mold Tooling Inc.,Mississauga,Mississauga,ON,43.69303,-79.65758,333511,3335,Industrial Mould Manufacturing,0,20-49,City of Mississauga,StatCan ODBus v1 (OGL)
8005904724a898748e17,Bluetech Canada Cellular accessories & Parts,Mississauga,Mississauga,ON,43.63825,-79.63079,334210,3342,Telephone Apparatus Manufacturing,0,1-4,City of Mississauga,StatCan ODBus v1 (OGL)
c3808e438617a48ef72f,Boart Longyear Canada Inc.,Mississauga,Mississauga,ON,43.51558,-79.65602,333519,3335,Other Metalworking Machinery Manufacturing,0,50-99,City of Mississauga,StatCan ODBus v1 (OGL)
739b6b4ca52e95a672d3,Bolzoni Auramo Canada Ltd.,Mississauga,Mississauga,ON,43.62943,-79.64198,332999,3329,All Other Miscellaneous Fabricated Metal Product M,1,1-4,City of Mississauga,StatCan ODBus v1 (OGL)
62841211e2b8d65aea5a,Borek Equipment,Mississauga,Mississauga,ON,43.58603,-79.59651,332510,3325,Hardware Manufacturing,0,1-4,City of Mississauga,StatCan ODBus v1 (OGL)
4f93e1f36e6bb28e58b0,Borik Tool & Die Co. Ltd.,Mississauga,Mississauga,ON,43.63888,-79.61300,333519,3335,Other Metalworking Machinery Manufacturing,0,1-4,City of Mississauga,StatCan ODBus v1 (OGL)
4b3c2359a73da64e2315,Botond Tool & Die Mfg. Ltd.,Mississauga,Mississauga,ON,43.65897,-79.63494,333519,3335,Other Metalworking Machinery Manufacturing,0,1-4,City of Mississauga,StatCan ODBus v1 (OGL)
85f103207c1e188b56aa,Brabender Technologies Inc.,Mississauga,Mississauga,ON,43.65343,-79.67148,335990,3359,All Other Electrical Equipment and Component Manuf,1,20-49,City of Mississauga,StatCan ODBus v1 (OGL)
f64b0765908eca613522,Bramalea Steelworks Ltd.,Mississauga,Mississauga,ON,43.68391,-79.67137,332999,3329,All Other Miscellaneous Fabricated Metal Product M,1,10-19,City of Mississauga,StatCan ODBus v1 (OGL)
4b8b064e18d2d0653350,Bramar Plaster Crown Moulding Corp.,Mississauga,Mississauga,ON,43.63004,-79.63796,333511,3335,Industrial Mould Manufacturing,0,1-4,City of Mississauga,StatCan ODBus v1 (OGL)
82f8fd478fe5e50101a0,Brascon Stainless Steel Fabricators Inc.,Mississauga,Mississauga,ON,43.63723,-79.65214,332999,3329,All Other Miscellaneous Fabricated Metal Product M,1,20-49,City of Mississauga,StatCan ODBus v1 (OGL)
fd067f7816cec26400c1,Briken Coatings Inc.,Mississauga,Mississauga,ON,43.65114,-79.67364,332810,3328,"Coating, Engraving, Cold and Heat Treating and All",1,10-19,City of Mississauga,StatCan ODBus v1 (OGL)
9ee8c1ac6a5f63818e83,Brisk Mfg Inc.,Mississauga,Mississauga,ON,43.63699,-79.64131,332999,3329,All Other Miscellaneous Fabricated Metal Product M,1,1-4,City of Mississauga,StatCan ODBus v1 (OGL)
8294c22008b04759223d,Brunner Canada Inc.,Mississauga,Mississauga,ON,43.69225,-79.61729,333130,3331,Mining and Oil and Gas Field Machinery Manufacturi,0,5-9,City of Mississauga,StatCan ODBus v1 (OGL)
068f9c9e8ebb816c6cb2,BSH Home Appliances Ltd.,Mississauga,Mississauga,ON,43.60998,-79.73889,335210,3352,Small Electrical Appliance Manufacturing,0,20-49,City of Mississauga,StatCan ODBus v1 (OGL)
5a13951f2fa5641ae8c7,BTech Manufacturing Inc.,Mississauga,Mississauga,ON,43.64836,-79.65371,332710,3327,Machine Shops,1,1-4,City of Mississauga,StatCan ODBus v1 (OGL)
d05e46bee46ba319f86d,Busale Patterns & Molds,Mississauga,Mississauga,ON,43.52922,-79.71831,332113,3321,Forging,1,1-4,City of Mississauga,StatCan ODBus v1 (OGL)
120e06729b94b8129265,Business Systems,Mississauga,Mississauga,ON,43.64767,-79.65923,334110,3341,Computer and Peripheral Equipment Manufacturing,0,10-19,City of Mississauga,StatCan ODBus v1 (OGL)
69930e2ccc6987d843fa,Byers-Bush Powder Coating Inc.,Mississauga,Mississauga,ON,43.63073,-79.61746,332810,3328,"Coating, Engraving, Cold and Heat Treating and All",1,20-49,City of Mississauga,StatCan ODBus v1 (OGL)
051f5ae0da4ae1eb9dc7,C & D Technologies,Mississauga,Mississauga,ON,43.59415,-79.74798,334290,3342,Other Communications Equipment Manufacturing,0,1-4,City of Mississauga,StatCan ODBus v1 (OGL)
51e85188a929c8c4458e,C 4 P Inc.,Mississauga,Mississauga,ON,43.65938,-79.60298,332999,3329,All Other Miscellaneous Fabricated Metal Product M,1,5-9,City of Mississauga,StatCan ODBus v1 (OGL)
76da223b97a20a8c84f6,C A P P Associates Inc.,Mississauga,Mississauga,ON,43.65103,-79.60992,334610,3346,Manufacturing and Reproducing Magnetic and Optical,0,20-49,City of Mississauga,StatCan ODBus v1 (OGL)
a621f920ea52c659355b,C L L Metal Products Limited,Mississauga,Mississauga,ON,43.59292,-79.74239,332999,3329,All Other Miscellaneous Fabricated Metal Product M,1,10-19,City of Mississauga,StatCan ODBus v1 (OGL)
bebd32a036936479f9d5,C M J Precision Machining Inc.,Mississauga,Mississauga,ON,43.51756,-79.69580,333990,3339,All Other General-Purpose Machinery Manufacturing,1,1-4,City of Mississauga,StatCan ODBus v1 (OGL)
2494773b9bfadaead362,C N C Grinding and Machining,Mississauga,Mississauga,ON,43.63871,-79.63366,333248,3332,All other industrial machinery manufacturing,1,1-4,City of Mississauga,StatCan ODBus v1 (OGL)
2352d9eedc7b744a409c,C N V Auto Electric Ltd.,Mississauga,Mississauga,ON,43.65897,-79.63494,336320,3363,Motor Vehicle Electrical and Electronic Equipment,1,1-4,City of Mississauga,StatCan ODBus v1 (OGL)
cb201dfbab1dbb73e1c8,C P S Products Canada,Mississauga,Mississauga,ON,43.60539,-79.58221,336110,3361,Automobile and Light-Duty Motor Vehicle Manufactur,0,,City of Mississauga,StatCan ODBus v1 (OGL)
2da5bd8f7cbc5577bd04,C R A Precision Engineering Inc.,Mississauga,Mississauga,ON,43.66159,-79.64199,332710,3327,Machine Shops,1,1-4,City of Mississauga,StatCan ODBus v1 (OGL)
bdc848249693da750349,C T S Composites Inc.,Mississauga,Mississauga,ON,43.66673,-79.67339,332999,3329,All Other Miscellaneous Fabricated Metal Product M,1,10-19,City of Mississauga,StatCan ODBus v1 (OGL)
9d6ddc19022df591ed24,C&S Systems Inc.,Mississauga,Mississauga,ON,43.52775,-79.71976,332710,3327,Machine Shops,1,,City of Mississauga,StatCan ODBus v1 (OGL)
ee26cf3e21951843ff7e,CAC Turbo Intercool Ltd.,Mississauga,Mississauga,ON,43.66267,-79.67324,336390,3363,Other Motor Vehicle Parts Manufacturing,1,5-9,City of Mississauga,StatCan ODBus v1 (OGL)
032c025585b9a402744a,Caledon Precision Tooling Ltd.,Mississauga,Mississauga,ON,43.65977,-79.68272,333519,3335,Other Metalworking Machinery Manufacturing,0,5-9,City of Mississauga,StatCan ODBus v1 (OGL)
58299b72391625372000,Calmec Precision Limited,Mississauga,Mississauga,ON,43.66069,-79.65039,334290,3342,Other Communications Equipment Manufacturing,0,20-49,City of Mississauga,StatCan ODBus v1 (OGL)
c77abbc7bef1349dbfe8,Camus Hydronics Ltd.,Mississauga,Mississauga,ON,43.66687,-79.64337,333416,3334,Heating Equipment and Commercial Refrigeration Equ,0,50-99,City of Mississauga,StatCan ODBus v1 (OGL)
4aab8a51d4f3423ae6a0,Can US Design and Manufacturing,Mississauga,Mississauga,ON,43.69741,-79.66754,332710,3327,Machine Shops,1,5-9,City of Mississauga,StatCan ODBus v1 (OGL)
6ba3b41bd83949bfc0d5,Can-Am Casters -Div of Colson Group Cda,Mississauga,Mississauga,ON,43.71091,-79.65447,332510,3325,Hardware Manufacturing,0,10-19,City of Mississauga,StatCan ODBus v1 (OGL)
63522f58e8ca434c45b1,Canadian Kenworth Co.,Mississauga,Mississauga,ON,43.60206,-79.73985,336120,3361,Heavy-Duty Truck Manufacturing,0,50-99,City of Mississauga,StatCan ODBus v1 (OGL)
0d32bca2e0d7974f82a7,Canadian Kitchen Installers,Mississauga,Mississauga,ON,43.64282,-79.62348,335223,3352,Major Kitchen Appliance Manufacturing,0,1-4,City of Mississauga,StatCan ODBus v1 (OGL)
a5c80c0c0673eb9d5e9f,Canadian Metal Fabricators Toronto Ltd.,Mississauga,Mississauga,ON,43.64410,-79.62463,332999,3329,All Other Miscellaneous Fabricated Metal Product M,1,1-4,City of Mississauga,StatCan ODBus v1 (OGL)
bebd728d22c6defa1607,Canadian Tube Tooling Co.,Mississauga,Mississauga,ON,43.66745,-79.66806,332210,3322,Cutlery and Hand Tool Manufacturing,0,1-4,City of Mississauga,StatCan ODBus v1 (OGL)
7b11bdf300b0cf0274e1,Canam Group Inc.,Mississauga,Mississauga,ON,43.68533,-79.67584,332319,3323,Other Plate Work and Fabricated Structural Product,1,100-499,City of Mississauga,StatCan ODBus v1 (OGL)
361dff85734d5032678c,Candoor Overhead Doors Ltd.,Mississauga,Mississauga,ON,43.62522,-79.63604,333920,3339,Material Handling Equipment Manufacturing,1,5-9,City of Mississauga,StatCan ODBus v1 (OGL)
a02e35487e1b909c5620,Cansec Systems Ltd.,Mississauga,Mississauga,ON,43.53865,-79.70846,334290,3342,Other Communications Equipment Manufacturing,0,10-19,City of Mississauga,StatCan ODBus v1 (OGL)
0d24748ee0995b406205,Cantech Laser and Metals Inc.,Mississauga,Mississauga,ON,43.64867,-79.62024,334512,3345,"Measuring, Medical and Controlling Devices Manufac",1,10-19,City of Mississauga,StatCan ODBus v1 (OGL)
35259f073da50db82667,Cantech Machine & Tool Co.,Mississauga,Mississauga,ON,43.65099,-79.65947,332710,3327,Machine Shops,1,5-9,City of Mississauga,StatCan ODBus v1 (OGL)
d78859505cde0dfb81f1,Cap-Thin Molds,Mississauga,Mississauga,ON,43.64920,-79.66578,333511,3335,Industrial Mould Manufacturing,0,20-49,City of Mississauga,StatCan ODBus v1 (OGL)
9c5340edd303f302f2f5,Cascade (Canada) Inc.,Mississauga,Mississauga,ON,43.63512,-79.64969,333920,3339,Material Handling Equipment Manufacturing,1,50-99,City of Mississauga,StatCan ODBus v1 (OGL)
6e306f66f6dc60dcd2de,Castelar Tool & Grinding Inc.,Mississauga,Mississauga,ON,43.70932,-79.65878,332210,3322,Cutlery and Hand Tool Manufacturing,0,5-9,City of Mississauga,StatCan ODBus v1 (OGL)
b339af548b18e7d6b0ae,Cedonia Inc,Mississauga,Mississauga,ON,43.69447,-79.65802,333519,3335,Other Metalworking Machinery Manufacturing,0,5-9,City of Mississauga,StatCan ODBus v1 (OGL)
117fd4aa2810780b8c88,Century Gear,Mississauga,Mississauga,ON,43.64352,-79.63967,333619,3336,Other Engine and Power Transmission Equipment Manu,1,1-4,City of Mississauga,StatCan ODBus v1 (OGL)
64e15d96700172f2d0bb,Certified Cylinders Services,Mississauga,Mississauga,ON,43.67953,-79.66562,333248,3332,All other industrial machinery manufacturing,1,10-19,City of Mississauga,StatCan ODBus v1 (OGL)
2689ca87a10be02fe3cd,Chalmers Suspension International Inc.,Mississauga,Mississauga,ON,43.69747,-79.62117,336390,3363,Other Motor Vehicle Parts Manufacturing,1,50-99,City of Mississauga,StatCan ODBus v1 (OGL)
f09433001466ae0ef933,Chess Electric Inc.,Mississauga,Mississauga,ON,43.62526,-79.65748,334110,3341,Computer and Peripheral Equipment Manufacturing,0,10-19,City of Mississauga,StatCan ODBus v1 (OGL)
9d9dfdbede4efaf29223,Chloride Battery Ltd.,Mississauga,Mississauga,ON,43.62281,-79.65856,335990,3359,All Other Electrical Equipment and Component Manuf,1,1-4,City of Mississauga,StatCan ODBus v1 (OGL)
6a86d16701dbb52851fe,Chohan Machine Tools Limited,Mississauga,Mississauga,ON,43.66907,-79.64741,332710,3327,Machine Shops,1,10-19,City of Mississauga,StatCan ODBus v1 (OGL)
d5d186faa34233ebaa97,Christie Lites Sales,Mississauga,Mississauga,ON,43.65739,-79.64794,334410,3344,Semiconductor and Other Electronic Component Manuf,1,10-19,City of Mississauga,StatCan ODBus v1 (OGL)
7313757476d3921dff0d,Cimmaster Inc.,Mississauga,Mississauga,ON,43.66868,-79.68785,332710,3327,Machine Shops,1,20-49,City of Mississauga,StatCan ODBus v1 (OGL)
66ba4acf2fc5fd7fef98,Cintube Ltd.,Mississauga,Mississauga,ON,43.58026,-79.55343,332710,3327,Machine Shops,1,20-49,City of Mississauga,StatCan ODBus v1 (OGL)
601d65533e37dfc2c86f,Citi Elevator Inc.,Mississauga,Mississauga,ON,43.66459,-79.66702,333248,3332,All other industrial machinery manufacturing,1,1-4,City of Mississauga,StatCan ODBus v1 (OGL)
d631260edf9ea9ffea08,CityScape Sign Systems,Mississauga,Mississauga,ON,43.65717,-79.64888,335990,3359,All Other Electrical Equipment and Component Manuf,1,5-9,City of Mississauga,StatCan ODBus v1 (OGL)
a8f053500c1b2e690ea0,CL Custom Fabrication Services,Mississauga,Mississauga,ON,43.61338,-79.57189,331110,3311,Iron and Steel Mills and Ferro-Alloy Manufacturing,0,20-49,City of Mississauga,StatCan ODBus v1 (OGL)
e891d04be2b73b6c7c36,Classic Car Craft Ltd.,Mississauga,Mississauga,ON,43.65104,-79.65017,336110,3361,Automobile and Light-Duty Motor Vehicle Manufactur,0,1-4,City of Mississauga,StatCan ODBus v1 (OGL)
b787e3809bed1432f4df,Classic Machine and Tools Inc.,Mississauga,Mississauga,ON,43.66558,-79.64247,332710,3327,Machine Shops,1,10-19,City of Mississauga,StatCan ODBus v1 (OGL)
2782d718a89dc8678ca7,Clearwater Systems Ltd,Mississauga,Mississauga,ON,43.66981,-79.68643,333310,3333,Commercial and Service Industry Machinery Manufact,1,5-9,City of Mississauga,StatCan ODBus v1 (OGL)
42b23902562da26875f9,Clifton Precision Machine Shop and Welding,Mississauga,Mississauga,ON,43.65574,-79.66148,332710,3327,Machine Shops,1,1-4,City of Mississauga,StatCan ODBus v1 (OGL)
2d210e58c2c94bcfb68c,Coachford Stamping Corporation,Mississauga,Mississauga,ON,43.66968,-79.67150,332118,3321,Stamping,1,20-49,City of Mississauga,StatCan ODBus v1 (OGL)
1b7d952ea6a6e54da2d0,Coatings 85 Ltd,Mississauga,Mississauga,ON,43.67211,-79.67570,332810,3328,"Coating, Engraving, Cold and Heat Treating and All",1,,City of Mississauga,StatCan ODBus v1 (OGL)
c112b6ab3b99ed9033b2,Coatings 85 Ltd.,Mississauga,Mississauga,ON,43.67251,-79.67527,332810,3328,"Coating, Engraving, Cold and Heat Treating and All",1,,City of Mississauga,StatCan ODBus v1 (OGL)
fb5b3277a469d6bcdc66,Coatings 85 Ltd.,Mississauga,Mississauga,ON,43.67197,-79.67624,332810,3328,"Coating, Engraving, Cold and Heat Treating and All",1,100-499,City of Mississauga,StatCan ODBus v1 (OGL)
85a9fc87c0bfa32d2e43,Collins Sales & Associates,Mississauga,Mississauga,ON,43.60589,-79.73226,335990,3359,All Other Electrical Equipment and Component Manuf,1,10-19,City of Mississauga,StatCan ODBus v1 (OGL)
e6f44a1138ba394e8292,Color Powder Coating Inc.,Mississauga,Mississauga,ON,43.64957,-79.66527,332319,3323,Other Plate Work and Fabricated Structural Product,1,1-4,City of Mississauga,StatCan ODBus v1 (OGL)
5796fddafc5f87105df9,Colourific Coatings Ltd.,Mississauga,Mississauga,ON,43.67019,-79.67223,332810,3328,"Coating, Engraving, Cold and Heat Treating and All",1,20-49,City of Mississauga,StatCan ODBus v1 (OGL)
d79ee407afa08dafb4a3,Colt Automation Limited,Mississauga,Mississauga,ON,43.64763,-79.66439,333248,3332,All other industrial machinery manufacturing,1,10-19,City of Mississauga,StatCan ODBus v1 (OGL)
4ae1c61c0185a8fa5400,Columbia M B F Inc.,Mississauga,Mississauga,ON,43.70211,-79.62634,335930,3359,Wiring Device Manufacturing,1,10-19,City of Mississauga,StatCan ODBus v1 (OGL)
398641beec9cf3c655a8,Combat Industrial Batteries & Chargers Inc.,Mississauga,Mississauga,ON,43.65031,-79.67026,335910,3359,Battery Manufacturing,1,10-19,City of Mississauga,StatCan ODBus v1 (OGL)
fa2ba007afce6034e914,Commercial Spring & Tool Co. Ltd,Mississauga,Mississauga,ON,43.63066,-79.66014,336390,3363,Other Motor Vehicle Parts Manufacturing,1,,City of Mississauga,StatCan ODBus v1 (OGL)
047fa46b588184948685,Commercial Spring & Tool Co. Ltd.,Mississauga,Mississauga,ON,43.62400,-79.66782,332118,3321,Stamping,1,100-499,City of Mississauga,StatCan ODBus v1 (OGL)
a4f72a1789d47fe38d28,Commercial Spring & Tool Co. Ltd.,Mississauga,Mississauga,ON,43.62505,-79.66865,336390,3363,Other Motor Vehicle Parts Manufacturing,1,,City of Mississauga,StatCan ODBus v1 (OGL)
ab6245306784535e0579,Commercial Spring & Tool Co. Ltd.,Mississauga,Mississauga,ON,43.63208,-79.64201,332118,3321,Stamping,1,,City of Mississauga,StatCan ODBus v1 (OGL)
35eaf6bbf00042d060d2,Commex Group Manufacturing Inc.,Mississauga,Mississauga,ON,43.62308,-79.66435,332710,3327,Machine Shops,1,20-49,City of Mississauga,StatCan ODBus v1 (OGL)
9d279a14ca9a57117440,Complete Energy Solutions,Mississauga,Mississauga,ON,43.63626,-79.60949,335120,3351,Lighting Fixture Manufacturing,0,10-19,City of Mississauga,StatCan ODBus v1 (OGL)
16550d02279be496b61f,Compound Metal Coatings Inc.,Mississauga,Mississauga,ON,43.66251,-79.64653,332810,3328,"Coating, Engraving, Cold and Heat Treating and All",1,10-19,City of Mississauga,StatCan ODBus v1 (OGL)
20f560d2ecb523daaf02,Compucage International Inc.,Mississauga,Mississauga,ON,43.65904,-79.60660,334110,3341,Computer and Peripheral Equipment Manufacturing,0,,City of Mississauga,StatCan ODBus v1 (OGL)
c5ffdc78d21bb6ec4148,Comtree Inc.,Mississauga,Mississauga,ON,43.60219,-79.73348,334110,3341,Computer and Peripheral Equipment Manufacturing,0,1-4,City of Mississauga,StatCan ODBus v1 (OGL)
03f01b38d1c0bf1480a2,Condraulic Industries Ltd.,Mississauga,Mississauga,ON,43.64884,-79.65824,332118,3321,Stamping,1,1-4,City of Mississauga,StatCan ODBus v1 (OGL)
90cd72d72a87c2d23a04,Connaisseur Food Concepts Limited,Mississauga,Mississauga,ON,43.51933,-79.68989,333248,3332,All other industrial machinery manufacturing,1,5-9,City of Mississauga,StatCan ODBus v1 (OGL)
d1f5bce90e4c18bef51a,Continental Fan Canada Inc.,Mississauga,Mississauga,ON,43.62177,-79.66388,333413,3334,Industrial and Commercial Fan and Blower and Air P,0,10-19,City of Mississauga,StatCan ODBus v1 (OGL)
05d0891bf462fd433a12,Conveyor Specialist Inc.,Mississauga,Mississauga,ON,43.65183,-79.66433,332999,3329,All Other Miscellaneous Fabricated Metal Product M,1,5-9,City of Mississauga,StatCan ODBus v1 (OGL)
8c23eae4d72ea51fece6,Cooksville Steel Limited,Mississauga,Mississauga,ON,43.59041,-79.60311,332319,3323,Other Plate Work and Fabricated Structural Product,1,20-49,City of Mississauga,StatCan ODBus v1 (OGL)
229545c465b230557e64,Cool King Refrigeration,Mississauga,Mississauga,ON,43.66572,-79.68893,333416,3334,Heating Equipment and Commercial Refrigeration Equ,0,1-4,City of Mississauga,StatCan ODBus v1 (OGL)
353bb9acd86c9bb25bc9,Coolbreeze Service Ltd.,Mississauga,Mississauga,ON,43.70217,-79.62512,332329,3323,Other Ornamental and Architectural Metal Product M,1,50-99,City of Mississauga,StatCan ODBus v1 (OGL)
9db96e985eb2f5a4d50c,Crane worldwide Logistics,Mississauga,Mississauga,ON,43.64634,-79.69039,333416,3334,Heating Equipment and Commercial Refrigeration Equ,0,20-49,City of Mississauga,StatCan ODBus v1 (OGL)
8eb46f7c7c7529f9168a,Creation Technologies LP,Mississauga,Mississauga,ON,43.61319,-79.73578,334410,3344,Semiconductor and Other Electronic Component Manuf,1,100-499,City of Mississauga,StatCan ODBus v1 (OGL)
a3ae79da00061b26b090,Criss Cross Grinding Ltd.,Mississauga,Mississauga,ON,43.67084,-79.68095,332999,3329,All Other Miscellaneous Fabricated Metal Product M,1,1-4,City of Mississauga,StatCan ODBus v1 (OGL)
1c74285adf7d836a5a07,Cummins-Allison,Mississauga,Mississauga,ON,43.52196,-79.70488,334512,3345,"Measuring, Medical and Controlling Devices Manufac",1,10-19,City of Mississauga,StatCan ODBus v1 (OGL)
80422e89d11c41afeb3b,Current Power Machinery,Mississauga,Mississauga,ON,43.49767,-79.64265,336350,3363,Motor Vehicle Transmission and Power Train Parts M,1,5-9,City of Mississauga,StatCan ODBus v1 (OGL)
6d44f023bfac05b8b4dd,Custom Coil Slitting Inc.,Mississauga,Mississauga,ON,43.67060,-79.68539,331210,3312,Iron and Steel Pipes and Tubes Manufacturing from,0,5-9,City of Mississauga,StatCan ODBus v1 (OGL)
3e3135726c5ebe9cc5ea,Custom Coils Canada,Mississauga,Mississauga,ON,43.66129,-79.67479,333416,3334,Heating Equipment and Commercial Refrigeration Equ,0,5-9,City of Mississauga,StatCan ODBus v1 (OGL)
d8a9030f4a79fb9cf33e,Custom Control Panels Inc.,Mississauga,Mississauga,ON,43.63213,-79.64788,335315,3353,"Switchgear and Switchboard, and Relay and Industri",1,20-49,City of Mississauga,StatCan ODBus v1 (OGL)
8d33d2c14f15ed82b951,Custom Fine Metals,Mississauga,Mississauga,ON,43.62327,-79.58084,332999,3329,All Other Miscellaneous Fabricated Metal Product M,1,10-19,City of Mississauga,StatCan ODBus v1 (OGL)
888ecce93f91102e3dc7,Custom Spring Corp.,Mississauga,Mississauga,ON,43.64238,-79.64120,332118,3321,Stamping,1,5-9,City of Mississauga,StatCan ODBus v1 (OGL)
f158d5ca85b988e12188,Cyclone Manufacturing Inc.,Mississauga,Mississauga,ON,43.60607,-79.76711,336410,3364,Aerospace Product and Parts Manufacturing,1,100-499,City of Mississauga,StatCan ODBus v1 (OGL)
13651e89703355106928,Cyclone Manufacturing Inc.,Mississauga,Mississauga,ON,43.60564,-79.77502,336410,3364,Aerospace Product and Parts Manufacturing,1,5-9,City of Mississauga,StatCan ODBus v1 (OGL)
0beec6bf9638062237e3,Cyclone Manufacturing Inc.,Mississauga,Mississauga,ON,43.60495,-79.76433,336410,3364,Aerospace Product and Parts Manufacturing,1,100-499,City of Mississauga,StatCan ODBus v1 (OGL)
4be3c845592976b2b7b5,Cymat Technologies Ltd.,Mississauga,Mississauga,ON,43.64375,-79.67611,331317,3313,"Aluminum Rolling, Drawing, Extruding and Alloying",0,10-19,City of Mississauga,StatCan ODBus v1 (OGL)
68a755553aac224e6ead,D & D Engineered Products Inc.,Mississauga,Mississauga,ON,43.63665,-79.64462,332329,3323,Other Ornamental and Architectural Metal Product M,1,5-9,City of Mississauga,StatCan ODBus v1 (OGL)
ec94e34981577ccfa15c,D & R Technology Inc.,Mississauga,Mississauga,ON,43.69631,-79.66606,333519,3335,Other Metalworking Machinery Manufacturing,0,10-19,City of Mississauga,StatCan ODBus v1 (OGL)
f1609b7d4b99e4060994,D A S S Enterprises Inc.,Mississauga,Mississauga,ON,43.62629,-79.56811,333413,3334,Industrial and Commercial Fan and Blower and Air P,0,10-19,City of Mississauga,StatCan ODBus v1 (OGL)
8de00c7b5ac94a3f7c0d,D and D Precision,Mississauga,Mississauga,ON,43.64633,-79.65586,332710,3327,Machine Shops,1,1-4,City of Mississauga,StatCan ODBus v1 (OGL)
5187243dc5bb54d3add4,D B G Canada Limited,Mississauga,Mississauga,ON,43.65380,-79.64052,333519,3335,Other Metalworking Machinery Manufacturing,0,100-499,City of Mississauga,StatCan ODBus v1 (OGL)
e8ec9f59423e4341b9f6,D H Process Equipment Inc.,Mississauga,Mississauga,ON,43.66521,-79.65181,333248,3332,All other industrial machinery manufacturing,1,1-4,City of Mississauga,StatCan ODBus v1 (OGL)
cd4ad1a494afc07c127b,D M I Precision Inc.,Mississauga,Mississauga,ON,43.65675,-79.65441,333519,3335,Other Metalworking Machinery Manufacturing,0,10-19,City of Mississauga,StatCan ODBus v1 (OGL)
bad165ba4241c14b1d13,D N Quality Machining Ltd.,Mississauga,Mississauga,ON,43.62780,-79.63761,333990,3339,All Other General-Purpose Machinery Manufacturing,1,10-19,City of Mississauga,StatCan ODBus v1 (OGL)
0ea274779d2190542668,D S C Laboratories,Mississauga,Mississauga,ON,43.71410,-79.62855,334220,3342,Radio and Television Broadcasting and Wireless Com,0,10-19,City of Mississauga,StatCan ODBus v1 (OGL)
f63381f6afc087e87f2d,Dafco Filtration Group,Mississauga,Mississauga,ON,43.64078,-79.63542,336390,3363,Other Motor Vehicle Parts Manufacturing,1,100-499,City of Mississauga,StatCan ODBus v1 (OGL)
95db2795fb478f8a51d5,Dafco Filtration Group Corporation,Mississauga,Mississauga,ON,43.64050,-79.63441,333413,3334,Industrial and Commercial Fan and Blower and Air P,0,50-99,City of Mississauga,StatCan ODBus v1 (OGL)
88e1a84a432c6bcc0196,Dahl Brothers (Canada) Ltd.,Mississauga,Mississauga,ON,43.51120,-79.66035,332910,3329,Metal Valve Manufacturing,1,100-499,City of Mississauga,StatCan ODBus v1 (OGL)
9059afa5f94a2ab58fb2,Dainolite Ltd.,Mississauga,Mississauga,ON,43.66013,-79.66285,335120,3351,Lighting Fixture Manufacturing,0,50-99,City of Mississauga,StatCan ODBus v1 (OGL)
6034595e85048ee34b89,Dana Precision Metal Fabricating Inc.,Mississauga,Mississauga,ON,43.64188,-79.69234,332999,3329,All Other Miscellaneous Fabricated Metal Product M,1,20-49,City of Mississauga,StatCan ODBus v1 (OGL)
b28e56c4e3ffce5dccc7,Dancy Metals,Mississauga,Mississauga,ON,43.69763,-79.66484,332999,3329,All Other Miscellaneous Fabricated Metal Product M,1,5-9,City of Mississauga,StatCan ODBus v1 (OGL)
15717de75f6b74266c38,Dass Metal Products,Mississauga,Mississauga,ON,43.68321,-79.68072,332329,3323,Other Ornamental and Architectural Metal Product M,1,10-19,City of Mississauga,StatCan ODBus v1 (OGL)
a8e78707697b4ac65912,Davend Punch & Die Co.,Mississauga,Mississauga,ON,43.66745,-79.66806,333519,3335,Other Metalworking Machinery Manufacturing,0,1-4,City of Mississauga,StatCan ODBus v1 (OGL)
f918c2865096fc6e7dff,Davidson Precision,Mississauga,Mississauga,ON,43.68600,-79.66611,332710,3327,Machine Shops,1,5-9,City of Mississauga,StatCan ODBus v1 (OGL)
75c1a0837720dd85b2dd,Davmar Tool & Die,Mississauga,Mississauga,ON,43.66745,-79.66806,332710,3327,Machine Shops,1,1-4,City of Mississauga,StatCan ODBus v1 (OGL)
a158601ee6eab6ba6db4,Deacro Industries Ltd.,Mississauga,Mississauga,ON,43.64787,-79.70109,333519,3335,Other Metalworking Machinery Manufacturing,0,50-99,City of Mississauga,StatCan ODBus v1 (OGL)
5161cd4a0554e77644a4,Deboer Tool Inc.,Mississauga,Mississauga,ON,43.62710,-79.66302,332210,3322,Cutlery and Hand Tool Manufacturing,0,20-49,City of Mississauga,StatCan ODBus v1 (OGL)
737ddcbe86183210190d,DEL Metals,Mississauga,Mississauga,ON,43.68740,-79.67668,332210,3322,Cutlery and Hand Tool Manufacturing,0,10-19,City of Mississauga,StatCan ODBus v1 (OGL)
3cabaa141792f97ed13e,Delphax Solutions,Mississauga,Mississauga,ON,43.59943,-79.77190,333310,3333,Commercial and Service Industry Machinery Manufact,1,,City of Mississauga,StatCan ODBus v1 (OGL)
06d496ac0699b9882c78,Delta Elevator,Mississauga,Mississauga,ON,43.64749,-79.66336,333248,3332,All other industrial machinery manufacturing,1,,City of Mississauga,StatCan ODBus v1 (OGL)
e830f35ebb97bbcc2bb8,Delta Grinding Co. Limited,Mississauga,Mississauga,ON,43.63871,-79.63366,332710,3327,Machine Shops,1,1-4,City of Mississauga,StatCan ODBus v1 (OGL)
a65e0307d8c42f1bae89,Delta Light Canada Inc.,Mississauga,Mississauga,ON,43.59415,-79.74798,335120,3351,Lighting Fixture Manufacturing,0,5-9,City of Mississauga,StatCan ODBus v1 (OGL)
f836be359b8838a55ef0,Di Paolo Machine Tools,Mississauga,Mississauga,ON,43.69076,-79.65902,332710,3327,Machine Shops,1,20-49,City of Mississauga,StatCan ODBus v1 (OGL)
063ab089e02c8c940aeb,Dieform Tool Inc.,Mississauga,Mississauga,ON,43.68035,-79.67426,333519,3335,Other Metalworking Machinery Manufacturing,0,5-9,City of Mississauga,StatCan ODBus v1 (OGL)
4f217fa02f8ddb576ded,Dieroll Metal Products Inc,Mississauga,Mississauga,ON,43.61595,-79.58283,333519,3335,Other Metalworking Machinery Manufacturing,0,1-4,City of Mississauga,StatCan ODBus v1 (OGL)
76048574bd720a2bc779,Dirty Dog Automotive Corp.,Mississauga,Mississauga,ON,43.62314,-79.56994,336390,3363,Other Motor Vehicle Parts Manufacturing,1,5-9,City of Mississauga,StatCan ODBus v1 (OGL)
0805283202406c6c5505,Dixie Thread Grinding Limited,Mississauga,Mississauga,ON,43.62944,-79.61820,333511,3335,Industrial Mould Manufacturing,0,1-4,City of Mississauga,StatCan ODBus v1 (OGL)
5e062246d07fd455d02a,DOBCO Equipment Ltd,Mississauga,Mississauga,ON,43.69404,-79.65572,336410,3364,Aerospace Product and Parts Manufacturing,1,5-9,City of Mississauga,StatCan ODBus v1 (OGL)
233702c979f262cf5fca,Dock Products Canada,Mississauga,Mississauga,ON,43.58874,-79.59517,333920,3339,Material Handling Equipment Manufacturing,1,20-49,City of Mississauga,StatCan ODBus v1 (OGL)
8a8d6cc410ffcc243629,Doon Machine & Knife Co. Ltd.,Mississauga,Mississauga,ON,43.65770,-79.64734,332710,3327,Machine Shops,1,1-4,City of Mississauga,StatCan ODBus v1 (OGL)
3a611827297cc52e4749,Door Studio,Mississauga,Mississauga,ON,43.63444,-79.64456,332710,3327,Machine Shops,1,,City of Mississauga,StatCan ODBus v1 (OGL)
e71ed62aab3f204a43c8,Draytek International Inc.,Mississauga,Mississauga,ON,43.69180,-79.65720,333990,3339,All Other General-Purpose Machinery Manufacturing,1,5-9,City of Mississauga,StatCan ODBus v1 (OGL)
fa80a5a617d586c3251c,DriCore,Mississauga,Mississauga,ON,43.50106,-79.64218,332314,3323,Concrete Reinforcing Bar Manufacturing,1,20-49,City of Mississauga,StatCan ODBus v1 (OGL)
c0cdf7dde0b639dbf6b0,"Drive Systems Group Inc., The",Mississauga,Mississauga,ON,43.69690,-79.65717,333619,3336,Other Engine and Power Transmission Equipment Manu,1,1-4,City of Mississauga,StatCan ODBus v1 (OGL)
d5c8437f6b0261730d7f,Dual Machine Products Ltd.,Mississauga,Mississauga,ON,43.62538,-79.66836,332710,3327,Machine Shops,1,20-49,City of Mississauga,StatCan ODBus v1 (OGL)
eac0fb2e8ae9d74e341d,Dyak Systems Inc,Mississauga,Mississauga,ON,43.60742,-79.73595,335315,3353,"Switchgear and Switchboard, and Relay and Industri",1,10-19,City of Mississauga,StatCan ODBus v1 (OGL)
a6f88493e5b95b88f44e,Dynamic Systems Group,Mississauga,Mississauga,ON,43.65164,-79.65715,335315,3353,"Switchgear and Switchboard, and Relay and Industri",1,5-9,City of Mississauga,StatCan ODBus v1 (OGL)
0ce230670ecbad26aab6,Dynapole,Mississauga,Mississauga,ON,43.69490,-79.65756,332999,3329,All Other Miscellaneous Fabricated Metal Product M,1,20-49,City of Mississauga,StatCan ODBus v1 (OGL)
638257065691fc1021b6,E & M Engineering Inc.,Mississauga,Mississauga,ON,43.63080,-79.64249,333990,3339,All Other General-Purpose Machinery Manufacturing,1,1-4,City of Mississauga,StatCan ODBus v1 (OGL)
49264885cbe812b8145b,E B Air Control Inc.,Mississauga,Mississauga,ON,43.64992,-79.66284,333416,3334,Heating Equipment and Commercial Refrigeration Equ,0,5-9,City of Mississauga,StatCan ODBus v1 (OGL)
a1c0ea69ca014de94f08,E X M Manufacturing Ltd,Mississauga,Mississauga,ON,43.60414,-79.77491,335990,3359,All Other Electrical Equipment and Component Manuf,1,20-49,City of Mississauga,StatCan ODBus v1 (OGL)
002fc759af3a18203d24,Eagle Hill Tool & Die Inc.,Mississauga,Mississauga,ON,43.59103,-79.59288,332329,3323,Other Ornamental and Architectural Metal Product M,1,5-9,City of Mississauga,StatCan ODBus v1 (OGL)
a563a0940f6645c8acbe,Eagle Steel Inc.,Mississauga,Mississauga,ON,43.68475,-79.67019,332329,3323,Other Ornamental and Architectural Metal Product M,1,20-49,City of Mississauga,StatCan ODBus v1 (OGL)
c779726db24bbecb9cd0,Earlscourt Metal Industries Ltd.,Mississauga,Mississauga,ON,43.66146,-79.66615,331221,3312,Cold-Rolled Steel Shape Manufacturing,0,20-49,City of Mississauga,StatCan ODBus v1 (OGL)
09cf92b28b55b3b86cbb,East End Plating,Mississauga,Mississauga,ON,43.63268,-79.64556,332329,3323,Other Ornamental and Architectural Metal Product M,1,10-19,City of Mississauga,StatCan ODBus v1 (OGL)
db9ea0995b1d2d5d79b0,Eastern Machining Ltd.,Mississauga,Mississauga,ON,43.68600,-79.66611,332710,3327,Machine Shops,1,1-4,City of Mississauga,StatCan ODBus v1 (OGL)
65ff76162e07968b86e1,Eastman Manufacturing Inc,Mississauga,Mississauga,ON,43.66968,-79.67150,333248,3332,All other industrial machinery manufacturing,1,10-19,City of Mississauga,StatCan ODBus v1 (OGL)
771447a76bf91d6ac11c,Eaton Industries (Canada) Company,Mississauga,Mississauga,ON,43.63687,-79.67504,335315,3353,"Switchgear and Switchboard, and Relay and Industri",1,50-99,City of Mississauga,StatCan ODBus v1 (OGL)
9464322d6ead8bf506af,Eberstacher,Mississauga,Mississauga,ON,43.65354,-79.65172,333416,3334,Heating Equipment and Commercial Refrigeration Equ,0,50-99,City of Mississauga,StatCan ODBus v1 (OGL)
5290b9312aa9eb0bef45,Electric Power Inc.,Mississauga,Mississauga,ON,43.69734,-79.66420,335110,3351,Electric Lamp Bulb and Parts Manufacturing,0,1-4,City of Mississauga,StatCan ODBus v1 (OGL)
8cfcff54fed4b8c5be87,Electric Repair and Machine Co.,Mississauga,Mississauga,ON,43.64957,-79.66527,336390,3363,Other Motor Vehicle Parts Manufacturing,1,5-9,City of Mississauga,StatCan ODBus v1 (OGL)
a0a7a86f4a8cf8aaefef,Electro Kleen Alloy Polishing Ltd.,Mississauga,Mississauga,ON,43.58752,-79.59576,332810,3328,"Coating, Engraving, Cold and Heat Treating and All",1,5-9,City of Mississauga,StatCan ODBus v1 (OGL)
e5692d2378f115c38972,Electrostatic Coating Equipment (Canada) Ltd.,Mississauga,Mississauga,ON,43.62950,-79.66992,333990,3339,All Other General-Purpose Machinery Manufacturing,1,10-19,City of Mississauga,StatCan ODBus v1 (OGL)
6c300e3084d627585629,Electrotex Element Corporation,Mississauga,Mississauga,ON,43.59249,-79.59501,333416,3334,Heating Equipment and Commercial Refrigeration Equ,0,1-4,City of Mississauga,StatCan ODBus v1 (OGL)
6e7868ee396289c14930,Electrovaya Corp.,Mississauga,Mississauga,ON,43.49834,-79.64445,334110,3341,Computer and Peripheral Equipment Manufacturing,0,50-99,City of Mississauga,StatCan ODBus v1 (OGL)
4a9b8d62c21cb47502fb,Elequip Inc.,Mississauga,Mississauga,ON,43.66203,-79.64299,335315,3353,"Switchgear and Switchboard, and Relay and Industri",1,1-4,City of Mississauga,StatCan ODBus v1 (OGL)
94d61451581a62072eea,Elite Iron Design,Mississauga,Mississauga,ON,43.64829,-79.66051,332329,3323,Other Ornamental and Architectural Metal Product M,1,1-4,City of Mississauga,StatCan ODBus v1 (OGL)
540a7b4a129de46a650c,Elk Shipping Supplies,Mississauga,Mississauga,ON,43.65515,-79.66143,332210,3322,Cutlery and Hand Tool Manufacturing,0,1-4,City of Mississauga,StatCan ODBus v1 (OGL)
c9989b45675bf2e1c287,Embury Company Limited,Mississauga,Mississauga,ON,43.70389,-79.62716,331317,3313,"Aluminum Rolling, Drawing, Extruding and Alloying",0,50-99,City of Mississauga,StatCan ODBus v1 (OGL)
8a14508b6d7f49c78349,Emciem Machining Inc.,Mississauga,Mississauga,ON,43.65212,-79.65726,332710,3327,Machine Shops,1,10-19,City of Mississauga,StatCan ODBus v1 (OGL)
b37bce3768eb447424bf,Emperex Corp.,Mississauga,Mississauga,ON,43.68685,-79.61062,333519,3335,Other Metalworking Machinery Manufacturing,0,10-19,City of Mississauga,StatCan ODBus v1 (OGL)
44dd691ca46fd670b36c,Empire Wire & Supply Inc.,Mississauga,Mississauga,ON,43.52070,-79.70349,332619,3326,Other Fabricated Wire Product Manufacturing,0,5-9,City of Mississauga,StatCan ODBus v1 (OGL)
5b1158ba3c88b38657c1,Enagic Canada Corp.,Mississauga,Mississauga,ON,43.62295,-79.67129,333310,3333,Commercial and Service Industry Machinery Manufact,1,1-4,City of Mississauga,StatCan ODBus v1 (OGL)
13aa4c7b2aed336b81ad,Encore Custom Preforms Ltd.,Mississauga,Mississauga,ON,43.65066,-79.66891,333511,3335,Industrial Mould Manufacturing,0,10-19,City of Mississauga,StatCan ODBus v1 (OGL)
fe0901f21899a3359a3b,Engineered Air,Mississauga,Mississauga,ON,43.65103,-79.60992,333248,3332,All other industrial machinery manufacturing,1,20-49,City of Mississauga,StatCan ODBus v1 (OGL)
408582e7d354e3a8b86a,Engineered Case Manufacturers Inc.,Mississauga,Mississauga,ON,43.63298,-79.62988,332999,3329,All Other Miscellaneous Fabricated Metal Product M,1,1-4,City of Mississauga,StatCan ODBus v1 (OGL)
8ad1ecf40b8f848c2a63,Engineered Case Manufacturers Inc.,Mississauga,Mississauga,ON,43.67084,-79.68095,332999,3329,All Other Miscellaneous Fabricated Metal Product M,1,10-19,City of Mississauga,StatCan ODBus v1 (OGL)
8700c7c769a9e9f33cd0,Engineered Case Manufacturers Inc.,Mississauga,Mississauga,ON,43.64712,-79.61724,332999,3329,All Other Miscellaneous Fabricated Metal Product M,1,20-49,City of Mississauga,StatCan ODBus v1 (OGL)
41918e086366b53a4b89,Envirosource Inc.,Mississauga,Mississauga,ON,43.59594,-79.59319,333413,3334,Industrial and Commercial Fan and Blower and Air P,0,1-4,City of Mississauga,StatCan ODBus v1 (OGL)
f871e344f7535d48461e,Epilog Laser,Mississauga,Mississauga,ON,43.52270,-79.70764,333519,3335,Other Metalworking Machinery Manufacturing,0,1-4,City of Mississauga,StatCan ODBus v1 (OGL)
517869815fdc276c0129,Etmeco Ltd.,Mississauga,Mississauga,ON,43.59376,-79.59258,332329,3323,Other Ornamental and Architectural Metal Product M,1,20-49,City of Mississauga,StatCan ODBus v1 (OGL)
1522de5eb78a61312767,Evans Marketing Inc.,Mississauga,Mississauga,ON,43.65739,-79.64794,333246,3332,Rubber and plastics industry machinery manufacturi,1,5-9,City of Mississauga,StatCan ODBus v1 (OGL)
c9c23ab04fd650a292e8,Everest Mouldings,Mississauga,Mississauga,ON,43.64410,-79.62463,333511,3335,Industrial Mould Manufacturing,0,1-4,City of Mississauga,StatCan ODBus v1 (OGL)
86c8819938c035c029c1,Evolution Tool Inc.,Mississauga,Mississauga,ON,43.65231,-79.69490,332710,3327,Machine Shops,1,1-4,City of Mississauga,StatCan ODBus v1 (OGL)
095e668a11276ce3e4ed,Exactatherm Ltd.,Mississauga,Mississauga,ON,43.69551,-79.66080,332810,3328,"Coating, Engraving, Cold and Heat Treating and All",1,10-19,City of Mississauga,StatCan ODBus v1 (OGL)
ee2451574ff9219a53b2,Exactics Tool & Die Ltd.,Mississauga,Mississauga,ON,43.68773,-79.67326,333519,3335,Other Metalworking Machinery Manufacturing,0,10-19,City of Mississauga,StatCan ODBus v1 (OGL)
2a058a508aea211f9707,Excell Battery Company,Mississauga,Mississauga,ON,43.63302,-79.63491,335910,3359,Battery Manufacturing,1,10-19,City of Mississauga,StatCan ODBus v1 (OGL)
d623fb0acf7200141749,Excess Space Solutions Inc.,Mississauga,Mississauga,ON,43.62267,-79.66658,332311,3323,Prefabricated Metal Building and Component Manufac,1,5-9,City of Mississauga,StatCan ODBus v1 (OGL)
376cba1c36b35fa1d437,Expo Iron Works Limited,Mississauga,Mississauga,ON,43.68704,-79.67434,332999,3329,All Other Miscellaneous Fabricated Metal Product M,1,5-9,City of Mississauga,StatCan ODBus v1 (OGL)
0ba47417b8fbd756803c,Exquisite Custom Wire & Metal Inc,Mississauga,Mississauga,ON,43.66783,-79.67005,332999,3329,All Other Miscellaneous Fabricated Metal Product Manufacturing,1,5-9,City of Mississauga,StatCan ODBus v1 (OGL)
414ffbc669f8e43ca3a8,Fab-Tek Ltd.,Mississauga,Mississauga,ON,43.65036,-79.66016,333519,3335,Other Metalworking Machinery Manufacturing,0,1-4,City of Mississauga,StatCan ODBus v1 (OGL)
26e3527b9ed490a559f8,Fabmaster Fabrication Ltd.,Mississauga,Mississauga,ON,43.70153,-79.65769,331221,3312,Cold-Rolled Steel Shape Manufacturing,0,1-4,City of Mississauga,StatCan ODBus v1 (OGL)
cbe37f06412f411ea905,Fairview Fittings and Manufacturing Ltd.,Mississauga,Mississauga,ON,43.64514,-79.66388,332910,3329,Metal Valve Manufacturing,1,10-19,City of Mississauga,StatCan ODBus v1 (OGL)
c2e3d668a60f992bfb55,Farmbro Inc.,Mississauga,Mississauga,ON,43.53251,-79.71825,336320,3363,Motor Vehicle Electrical and Electronic Equipment,1,100-499,City of Mississauga,StatCan ODBus v1 (OGL)
c1dce44de48af9be4e6e,Federal Screen Products Inc.,Mississauga,Mississauga,ON,43.71132,-79.65928,332210,3322,Cutlery and Hand Tool Manufacturing,0,,City of Mississauga,StatCan ODBus v1 (OGL)
80ecb2e049d16e612bd8,Festo Inc.,Mississauga,Mississauga,ON,43.66343,-79.60148,335315,3353,"Switchgear and Switchboard, and Relay and Industri",1,50-99,City of Mississauga,StatCan ODBus v1 (OGL)
ef80429128d13077e27f,Field Aviation,Mississauga,Mississauga,ON,43.66796,-79.68441,336410,3364,Aerospace Product and Parts Manufacturing,1,10-19,City of Mississauga,StatCan ODBus v1 (OGL)
9029af4b7ad356cd030e,Field Aviation Company Inc.,Mississauga,Mississauga,ON,43.69122,-79.65575,336410,3364,Aerospace Product and Parts Manufacturing,1,100-499,City of Mississauga,StatCan ODBus v1 (OGL)
635c6f5e288c13291cfb,Filamat Composites Inc.,Mississauga,Mississauga,ON,43.57204,-79.55961,332420,3324,Metal Tank (Heavy Gauge) Manufacturing,0,50-99,City of Mississauga,StatCan ODBus v1 (OGL)
d58ed717e7da1514b03e,Filmotechnic Canada Ltd.,Mississauga,Mississauga,ON,43.65464,-79.64912,333310,3333,Commercial and Service Industry Machinery Manufact,1,5-9,City of Mississauga,StatCan ODBus v1 (OGL)
7a206862acedd496130a,Fin Kon Polybag Systems Ltd.,Mississauga,Mississauga,ON,43.64166,-79.62717,333248,3332,All other industrial machinery manufacturing,1,5-9,City of Mississauga,StatCan ODBus v1 (OGL)
e4b7c274ae69030dd8c4,Final Imprint Ltd.,Mississauga,Mississauga,ON,43.62915,-79.67077,332210,3322,Cutlery and Hand Tool Manufacturing,0,1-4,City of Mississauga,StatCan ODBus v1 (OGL)
6fd7139b19ecb6e5878d,Five Star Mouldings,Mississauga,Mississauga,ON,43.61522,-79.57121,333511,3335,Industrial Mould Manufacturing,0,1-4,City of Mississauga,StatCan ODBus v1 (OGL)
d9559ab556875f4cff6d,Fix Aluminum Inc,Mississauga,Mississauga,ON,43.65822,-79.64696,332311,3323,Prefabricated Metal Building and Component Manufac,1,5-9,City of Mississauga,StatCan ODBus v1 (OGL)
58e865a31b4824eb838f,Flangemart Hydraulic,Mississauga,Mississauga,ON,43.62861,-79.67389,332910,3329,Metal Valve Manufacturing,1,1-4,City of Mississauga,StatCan ODBus v1 (OGL)
65987f941f213ff6d517,Flex-O-Mark Inc.,Mississauga,Mississauga,ON,43.70239,-79.65667,334110,3341,Computer and Peripheral Equipment Manufacturing,0,20-49,City of Mississauga,StatCan ODBus v1 (OGL)
f1cf284c36e2e25000eb,Flex-Pression Ltd,Mississauga,Mississauga,ON,43.69468,-79.66356,332999,3329,All Other Miscellaneous Fabricated Metal Product M,1,1-4,City of Mississauga,StatCan ODBus v1 (OGL)
dfaf93fac1ec7e0afc90,FMF Architectural Glass Hardware Supplies,Mississauga,Mississauga,ON,43.68772,-79.66835,332510,3325,Hardware Manufacturing,0,1-4,City of Mississauga,StatCan ODBus v1 (OGL)
2024a05fa6937854ad66,Forbo Siegling Ltd. (Canada),Mississauga,Mississauga,ON,43.69962,-79.62455,333920,3339,Material Handling Equipment Manufacturing,1,20-49,City of Mississauga,StatCan ODBus v1 (OGL)
530f93eee3046921d881,Formatic 2000 Inc.,Mississauga,Mississauga,ON,43.65228,-79.65977,332999,3329,All Other Miscellaneous Fabricated Metal Product M,1,20-49,City of Mississauga,StatCan ODBus v1 (OGL)
96c567e9d35c16243213,Fox Fluid Power Inc.,Mississauga,Mississauga,ON,43.61753,-79.57087,333990,3339,All Other General-Purpose Machinery Manufacturing,1,5-9,City of Mississauga,StatCan ODBus v1 (OGL)
0a58a0c632545c695be8,Fox-Tek Inc,Mississauga,Mississauga,ON,43.59249,-79.59501,333130,3331,Mining and Oil and Gas Field Machinery Manufacturi,0,1-4,City of Mississauga,StatCan ODBus v1 (OGL)
c464536d269fc4215a2b,FR Systems International,Mississauga,Mississauga,ON,43.62672,-79.66405,335311,3353,"Power, Distribution and Specialty Transformers Man",1,5-9,City of Mississauga,StatCan ODBus v1 (OGL)
e168ea80867e59887d73,Frank Mechanical & Machining Services Ltd.,Mississauga,Mississauga,ON,43.63626,-79.60949,332710,3327,Machine Shops,1,1-4,City of Mississauga,StatCan ODBus v1 (OGL)
9b2321ca36d7250e63b8,Freeway Ltd.,Mississauga,Mississauga,ON,43.66671,-79.64564,332118,3321,Stamping,1,20-49,City of Mississauga,StatCan ODBus v1 (OGL)
1f0c809d1a06f6444787,Fuller Metric Parts Ltd.,Mississauga,Mississauga,ON,43.65323,-79.67203,332720,3327,"Turned Product and Screw, Nut and Bolt Manufacturi",1,10-19,City of Mississauga,StatCan ODBus v1 (OGL)
df3f759ae765e49add10,Future Metal Fabricators Inc.,Mississauga,Mississauga,ON,43.63246,-79.64123,332210,3322,Cutlery and Hand Tool Manufacturing,0,1-4,City of Mississauga,StatCan ODBus v1 (OGL)
d37bc9f08f383eb08518,G & G Machine Knife Inc.,Mississauga,Mississauga,ON,43.67181,-79.67997,333519,3335,Other Metalworking Machinery Manufacturing,0,5-9,City of Mississauga,StatCan ODBus v1 (OGL)
e076444e0815e1acefb1,G M G Engineering Services Ltd,Mississauga,Mississauga,ON,43.63323,-79.63862,335315,3353,"Switchgear and Switchboard, and Relay and Industri",1,10-19,City of Mississauga,StatCan ODBus v1 (OGL)
2d7ce56ddb63421240d9,G M Garry Machine Mfg. Inc.,Mississauga,Mississauga,ON,43.65176,-79.70868,332710,3327,Machine Shops,1,20-49,City of Mississauga,StatCan ODBus v1 (OGL)
b6ee6af4a8961b69a391,G S Die & Designing Inc,Mississauga,Mississauga,ON,43.64589,-79.69270,333519,3335,Other Metalworking Machinery Manufacturing,0,50-99,City of Mississauga,StatCan ODBus v1 (OGL)
5865e78d3b76131adefa,Gallery Metalworks,Mississauga,Mississauga,ON,43.64816,-79.65751,331110,3311,Iron and Steel Mills and Ferro-Alloy Manufacturing,0,5-9,City of Mississauga,StatCan ODBus v1 (OGL)
69655f0718209a4d723d,Gear & Machine Manufacturing Inc,Mississauga,Mississauga,ON,43.63907,-79.63188,333248,3332,All other industrial machinery manufacturing,1,5-9,City of Mississauga,StatCan ODBus v1 (OGL)
d5b7d25037f4411bfa9b,Geismar-Modern Track Machinery Canada Ltd.,Mississauga,Mississauga,ON,43.64680,-79.65368,336510,3365,Railroad Rolling Stock Manufacturing,1,20-49,City of Mississauga,StatCan ODBus v1 (OGL)
90140ebcad16af8f4cbd,General Auto Repairs,Mississauga,Mississauga,ON,43.61708,-79.56980,335312,3353,Motor and Generator Manufacturing,1,1-4,City of Mississauga,StatCan ODBus v1 (OGL)
99912efb431301bf9514,General Tool & Die Ltd.,Mississauga,Mississauga,ON,43.64836,-79.65371,333519,3335,Other Metalworking Machinery Manufacturing,0,5-9,City of Mississauga,StatCan ODBus v1 (OGL)
8e63f7654e39c03a27a8,Geonics Ltd.,Mississauga,Mississauga,ON,43.66598,-79.64872,334512,3345,"Measuring, Medical and Controlling Devices Manufac",1,20-49,City of Mississauga,StatCan ODBus v1 (OGL)
26da95235504e4703207,Gilbert Steel Limited,Mississauga,Mississauga,ON,43.65826,-79.64327,331221,3312,Cold-Rolled Steel Shape Manufacturing,0,100-499,City of Mississauga,StatCan ODBus v1 (OGL)
2eed67a8e99518cc714a,Glacier Tool & Findings Mfg. Ltd.,Mississauga,Mississauga,ON,43.70627,-79.66794,331523,3315,Non-Ferrous Die-Casting Foundries,0,10-19,City of Mississauga,StatCan ODBus v1 (OGL)
485cf9bd30fbe6d6889f,Global Stainless Steel Inc.,Mississauga,Mississauga,ON,43.59896,-79.58299,332999,3329,All Other Miscellaneous Fabricated Metal Product M,1,20-49,City of Mississauga,StatCan ODBus v1 (OGL)
19873e67f92e1d675393,GN Gear & Machine Manufacturing Ltd.,Mississauga,Mississauga,ON,43.66280,-79.67020,332710,3327,Machine Shops,1,5-9,City of Mississauga,StatCan ODBus v1 (OGL)
9ff3e0702cb9d8ef876f,Golden Tech Electronics,Mississauga,Mississauga,ON,43.60834,-79.73682,335990,3359,All Other Electrical Equipment and Component Manuf,1,1-4,City of Mississauga,StatCan ODBus v1 (OGL)
e8ca09d06d69135c7c9d,Good Harbour Labs And IMTEX -Echo Insight Instruments,Mississauga,Mississauga,ON,43.52712,-79.68198,333920,3339,Material Handling Equipment Manufacturing,1,10-19,City of Mississauga,StatCan ODBus v1 (OGL)
1cb3e46731340efd7e8c,Gradac Grinding Ltd.,Mississauga,Mississauga,ON,43.65574,-79.66148,333519,3335,Other Metalworking Machinery Manufacturing,0,1-4,City of Mississauga,StatCan ODBus v1 (OGL)
aa8f8e3d951fd1389d1d,Grapco Tooling Inc.,Mississauga,Mississauga,ON,43.63779,-79.64406,332999,3329,All Other Miscellaneous Fabricated Metal Product M,1,1-4,City of Mississauga,StatCan ODBus v1 (OGL)
593018b624251220ba48,Green Machine Tool Ltd.,Mississauga,Mississauga,ON,43.62025,-79.57682,333519,3335,Other Metalworking Machinery Manufacturing,0,1-4,City of Mississauga,StatCan ODBus v1 (OGL)
25574ccea0c43cbb5c3b,Gripple,Mississauga,Mississauga,ON,43.66106,-79.66914,332619,3326,Other Fabricated Wire Product Manufacturing,0,1-4,City of Mississauga,StatCan ODBus v1 (OGL)
bac5a09fbc4b780b16a8,GTA Diamond Tools,Mississauga,Mississauga,ON,43.64773,-79.65673,333248,3332,All other industrial machinery manufacturing,1,1-4,City of Mississauga,StatCan ODBus v1 (OGL)
11766305f9e4ec5746cf,Gulan Die Casting Ltd.,Mississauga,Mississauga,ON,43.65021,-79.61812,331523,3315,Non-Ferrous Die-Casting Foundries,0,1-4,City of Mississauga,StatCan ODBus v1 (OGL)
a959bcad984560022e1a,H & G Control Co.,Mississauga,Mississauga,ON,43.63080,-79.64249,335315,3353,"Switchgear and Switchboard, and Relay and Industri",1,5-9,City of Mississauga,StatCan ODBus v1 (OGL)
d6a7d490a189b9e57924,H D Grinding & Knife Inc.,Mississauga,Mississauga,ON,43.63779,-79.63180,332210,3322,Cutlery and Hand Tool Manufacturing,0,5-9,City of Mississauga,StatCan ODBus v1 (OGL)
dbd63d335396ae6ce172,H V A C Depot & Metal Manufacturing Inc.,Mississauga,Mississauga,ON,43.70217,-79.62512,332999,3329,All Other Miscellaneous Fabricated Metal Product M,1,50-99,City of Mississauga,StatCan ODBus v1 (OGL)
d2998d2b08981c655d7b,Halton Indoor Climate Systems,Mississauga,Mississauga,ON,43.63464,-79.64204,333413,3334,Industrial and Commercial Fan and Blower and Air P,0,50-99,City of Mississauga,StatCan ODBus v1 (OGL)
1d08bbf16dc375430b1e,Halton Transmission on Dundas Ltd.,Mississauga,Mississauga,ON,43.56504,-79.63504,336350,3363,Motor Vehicle Transmission and Power Train Parts M,1,5-9,City of Mississauga,StatCan ODBus v1 (OGL)
4e5ecad02cb3798d8425,Ham-let Canada Fittings & Valves Inc.,Mississauga,Mississauga,ON,43.51756,-79.69580,332910,3329,Metal Valve Manufacturing,1,1-4,City of Mississauga,StatCan ODBus v1 (OGL)
da37f19f9e52a06db8fe,Hansentek,Mississauga,Mississauga,ON,43.52922,-79.71831,334512,3345,"Measuring, Medical and Controlling Devices Manufac",1,10-19,City of Mississauga,StatCan ODBus v1 (OGL)
689ed4ea27fe940b22ad,Hardie Industrial,Mississauga,Mississauga,ON,43.71181,-79.65926,333910,3339,Pump and Compressor Manufacturing,1,1-4,City of Mississauga,StatCan ODBus v1 (OGL)
3b7acad2a70ec079d4ef,Harris Canada Systems Inc.,Mississauga,Mississauga,ON,43.59998,-79.77893,334410,3344,Semiconductor and Other Electronic Component Manuf,1,10-19,City of Mississauga,StatCan ODBus v1 (OGL)
34d9f169bd801b55fa49,Hartma Tool & Machine Inc.,Mississauga,Mississauga,ON,43.68580,-79.67354,332210,3322,Cutlery and Hand Tool Manufacturing,0,1-4,City of Mississauga,StatCan ODBus v1 (OGL)
293d9dd7b2978b2a3271,Haug North America Limited Partnership,Mississauga,Mississauga,ON,43.63815,-79.63845,334512,3345,"Measuring, Medical and Controlling Devices Manufac",1,5-9,City of Mississauga,StatCan ODBus v1 (OGL)
319d29e8cd5f3a4bd2fb,Heath & Sherwood Mississauga,Mississauga,Mississauga,ON,43.62879,-79.66888,333130,3331,Mining and Oil and Gas Field Machinery Manufacturi,0,1-4,City of Mississauga,StatCan ODBus v1 (OGL)
47ea797ea9995fc9b783,Hercules Machine & Tool Co.,Mississauga,Mississauga,ON,43.66303,-79.65384,332710,3327,Machine Shops,1,1-4,City of Mississauga,StatCan ODBus v1 (OGL)
9123e35daf7cbc0f4e1b,Hercules Machine Ltd.,Mississauga,Mississauga,ON,43.69495,-79.65545,332710,3327,Machine Shops,1,1-4,City of Mississauga,StatCan ODBus v1 (OGL)
b3953c0ab574d3236989,Heritage Casting & Ironworks Ltd.,Mississauga,Mississauga,ON,43.63015,-79.61752,332329,3323,Other Ornamental and Architectural Metal Product M,1,20-49,City of Mississauga,StatCan ODBus v1 (OGL)
a947855701db4a22baa5,Hi-Line Seating Corp,Mississauga,Mississauga,ON,43.69210,-79.65828,332999,3329,All Other Miscellaneous Fabricated Metal Product M,1,1-4,City of Mississauga,StatCan ODBus v1 (OGL)
07e6d8b8375660859411,Hi-Lite Systems,Mississauga,Mississauga,ON,43.66575,-79.65131,333120,3331,Construction Machinery Manufacturing,0,5-9,City of Mississauga,StatCan ODBus v1 (OGL)
9f84b3b10ab1101c786a,High Spy Powder Coating Corp. Ltd.,Mississauga,Mississauga,ON,43.68772,-79.66835,332810,3328,"Coating, Engraving, Cold and Heat Treating and All",1,1-4,City of Mississauga,StatCan ODBus v1 (OGL)
a7f6cbc334458da7ffc9,High Strength Plates & Profiles Inc.,Mississauga,Mississauga,ON,43.68772,-79.67609,331221,3312,Cold-Rolled Steel Shape Manufacturing,0,20-49,City of Mississauga,StatCan ODBus v1 (OGL)
a4b9f228283b70f5b0cb,Hone-Star Industry Inc.,Mississauga,Mississauga,ON,43.69668,-79.66298,333511,3335,Industrial Mould Manufacturing,0,1-4,City of Mississauga,StatCan ODBus v1 (OGL)
5f2f81804d6d5c03d4ac,Honeywell,Mississauga,Mississauga,ON,43.53512,-79.71556,336410,3364,Aerospace Product and Parts Manufacturing,1,500+,City of Mississauga,StatCan ODBus v1 (OGL)
822e3d2af44c314371f2,Humber Powder Coating Inc.,Mississauga,Mississauga,ON,43.69481,-79.66158,332810,3328,"Coating, Engraving, Cold and Heat Treating and All",1,1-4,City of Mississauga,StatCan ODBus v1 (OGL)
48ecb67eb15be0a253fd,HVAC For Life,Mississauga,Mississauga,ON,43.52958,-79.71737,333413,3334,Industrial and Commercial Fan and Blower and Air P,0,5-9,City of Mississauga,StatCan ODBus v1 (OGL)
c8b38468e3b6e94d4f8c,Hybrid Building Logistics Inc.,Mississauga,Mississauga,ON,43.57012,-79.65807,331210,3312,Iron and Steel Pipes and Tubes Manufacturing from,0,20-49,City of Mississauga,StatCan ODBus v1 (OGL)
61b31f3ca2c676ade3b2,Hybrid Motion Control Ltd.,Mississauga,Mississauga,ON,43.56750,-79.65265,332910,3329,Metal Valve Manufacturing,1,10-19,City of Mississauga,StatCan ODBus v1 (OGL)
f85bf09490b54813617e,Hydrogenics Corporation,Mississauga,Mississauga,ON,43.64695,-79.69608,333416,3334,Heating Equipment and Commercial Refrigeration Equ,0,100-499,City of Mississauga,StatCan ODBus v1 (OGL)
41555778183488b2ef0c,I C C The Compliance Center Inc.,Mississauga,Mississauga,ON,43.62177,-79.66388,333990,3339,All Other General-Purpose Machinery Manufacturing,1,20-49,City of Mississauga,StatCan ODBus v1 (OGL)
a5c132ee07710f3056e8,I C S - Integrated Cutting Systems,Mississauga,Mississauga,ON,43.64633,-79.65586,333519,3335,Other Metalworking Machinery Manufacturing,0,1-4,City of Mississauga,StatCan ODBus v1 (OGL)
68894ef81722d16697bd,I Can Laser,Mississauga,Mississauga,ON,43.62757,-79.62369,332810,3328,"Coating, Engraving, Cold and Heat Treating and All",1,1-4,City of Mississauga,StatCan ODBus v1 (OGL)
0e8c05a108d15f062f0c,I G O Tech Engineering Solutions,Mississauga,Mississauga,ON,43.63779,-79.64406,332710,3327,Machine Shops,1,1-4,City of Mississauga,StatCan ODBus v1 (OGL)
a6e349cbf91a182bfd6f,I J M C N C Machining Inc.,Mississauga,Mississauga,ON,43.65099,-79.65947,332710,3327,Machine Shops,1,1-4,City of Mississauga,StatCan ODBus v1 (OGL)
cd8a79652cb98d1428a3,I M A X Corp.,Mississauga,Mississauga,ON,43.51638,-79.66395,335990,3359,All Other Electrical Equipment and Component Manuf,1,100-499,City of Mississauga,StatCan ODBus v1 (OGL)
698b2f484d49c7c6fc93,I S R Install Inc.,Mississauga,Mississauga,ON,43.64613,-79.65636,331110,3311,Iron and Steel Mills and Ferro-Alloy Manufacturing,0,1-4,City of Mississauga,StatCan ODBus v1 (OGL)
25e51d725f10e1f95451,I T M Hydraulics and Pnematics,Mississauga,Mississauga,ON,43.69801,-79.61403,332910,3329,Metal Valve Manufacturing,1,1-4,City of Mississauga,StatCan ODBus v1 (OGL)
fba4c11acaf7dd6c9989,I T W Insulation Systems Canada,Mississauga,Mississauga,ON,43.70082,-79.66056,332329,3323,Other Ornamental and Architectural Metal Product M,1,1-4,City of Mississauga,StatCan ODBus v1 (OGL)
9d4bbce1017b77bc0556,I-Gard Corporation,Mississauga,Mississauga,ON,43.71162,-79.66247,335311,3353,"Power, Distribution and Specialty Transformers Man",1,50-99,City of Mississauga,StatCan ODBus v1 (OGL)
6ef3cd6fc96dbb46aa63,IBL Structural Steel Limited,Mississauga,Mississauga,ON,43.67108,-79.68275,331110,3311,Iron and Steel Mills and Ferro-Alloy Manufacturing,0,10-19,City of Mississauga,StatCan ODBus v1 (OGL)
07a41c67d4d64c3d8bef,icom Canada,Mississauga,Mississauga,ON,43.66022,-79.65247,335990,3359,All Other Electrical Equipment and Component Manuf,1,1-4,City of Mississauga,StatCan ODBus v1 (OGL)
6d058a22484506671dc4,Icom Canada Holdings Inc.,Mississauga,Mississauga,ON,43.65608,-79.61086,335990,3359,All Other Electrical Equipment and Component Manuf,1,5-9,City of Mississauga,StatCan ODBus v1 (OGL)
cdeff16a5b6df99a55ca,Icom Tool & Design Inc.,Mississauga,Mississauga,ON,43.66413,-79.64861,332710,3327,Machine Shops,1,1-4,City of Mississauga,StatCan ODBus v1 (OGL)
c14cced4736a5a8f5f15,iFab Inc.,Mississauga,Mississauga,ON,43.66190,-79.67558,332999,3329,All Other Miscellaneous Fabricated Metal Product M,1,10-19,City of Mississauga,StatCan ODBus v1 (OGL)
2fca3b3427e3ee4ef58e,Indal Technologies Inc.,Mississauga,Mississauga,ON,43.57222,-79.65497,336410,3364,Aerospace Product and Parts Manufacturing,1,100-499,City of Mississauga,StatCan ODBus v1 (OGL)
99fb8a70501026c4bf8c,Indalco Alloys Inc.,Mississauga,Mississauga,ON,43.66564,-79.69004,331490,3314,Non-Ferrous Metal (except Copper and Aluminum) Rol,0,100-499,City of Mississauga,StatCan ODBus v1 (OGL)
50dac1dc0b9fa9e3cd1c,Indalco Alloys Inc.,Mississauga,Mississauga,ON,43.66515,-79.68948,331490,3314,Non-Ferrous Metal (except Copper and Aluminum) Rol,0,,City of Mississauga,StatCan ODBus v1 (OGL)
2663a42f5f20f61805ac,Industrial Crane & Hoist Service Ltd.,Mississauga,Mississauga,ON,43.66541,-79.64479,335315,3353,"Switchgear and Switchboard, and Relay and Industri",1,1-4,City of Mississauga,StatCan ODBus v1 (OGL)
6fc0d7ef4e034ae06896,Industrial Metal Spinning Ltd.,Mississauga,Mississauga,ON,43.65770,-79.64734,332118,3321,Stamping,1,1-4,City of Mississauga,StatCan ODBus v1 (OGL)
640713a5fc6f0042109f,Infasco Nut LP,Mississauga,Mississauga,ON,43.71209,-79.62265,332720,3327,"Turned Product and Screw, Nut and Bolt Manufacturi",1,20-49,City of Mississauga,StatCan ODBus v1 (OGL)
2808f54b905d3e0838a8,Inner Cool Systems Inc.,Mississauga,Mississauga,ON,43.62267,-79.66658,335990,3359,All Other Electrical Equipment and Component Manuf,1,5-9,City of Mississauga,StatCan ODBus v1 (OGL)
2e0aeebd42cc2089c7f5,Innovoco,Mississauga,Mississauga,ON,43.50726,-79.63658,332118,3321,Stamping,1,,City of Mississauga,StatCan ODBus v1 (OGL)
09f20660b7b6d4264040,Integral Quality Coatings,Mississauga,Mississauga,ON,43.65054,-79.65994,332999,3329,All Other Miscellaneous Fabricated Metal Product M,1,1-4,City of Mississauga,StatCan ODBus v1 (OGL)
557ae916c15ccce32786,Interfax Systems Inc.,Mississauga,Mississauga,ON,43.63815,-79.63845,335990,3359,All Other Electrical Equipment and Component Manuf,1,5-9,City of Mississauga,StatCan ODBus v1 (OGL)
95007c46ecb1cf87c34e,Interior Manufacturing Group Inc.,Mississauga,Mississauga,ON,43.57419,-79.55725,332329,3323,Other Ornamental and Architectural Metal Product M,1,,City of Mississauga,StatCan ODBus v1 (OGL)
dd3ef76209300e1753a0,Interior Manufacturing Group Inc.,Mississauga,Mississauga,ON,43.57457,-79.55686,332329,3323,Other Ornamental and Architectural Metal Product M,1,20-49,City of Mississauga,StatCan ODBus v1 (OGL)
8b1298517141ff9ee7b9,Invicta Technologies Inc.,Mississauga,Mississauga,ON,43.63411,-79.64121,332910,3329,Metal Valve Manufacturing,1,1-4,City of Mississauga,StatCan ODBus v1 (OGL)
cd89c8e429c5d8a55fe5,IPS Material Handling,Mississauga,Mississauga,ON,43.52070,-79.70349,333920,3339,Material Handling Equipment Manufacturing,1,1-4,City of Mississauga,StatCan ODBus v1 (OGL)
af58e532eeac490fe709,Iris Power L P,Mississauga,Mississauga,ON,43.69088,-79.61882,335315,3353,"Switchgear and Switchboard, and Relay and Industri",1,100-499,City of Mississauga,StatCan ODBus v1 (OGL)
f9d43cafc42342765b5b,Iron and Railings International Inc.,Mississauga,Mississauga,ON,43.65462,-79.63826,332329,3323,Other Ornamental and Architectural Metal Product M,1,1-4,City of Mississauga,StatCan ODBus v1 (OGL)
ff5961dd5b98a2967b51,IVAC Group,Mississauga,Mississauga,ON,43.67944,-79.67271,333248,3332,All other industrial machinery manufacturing,1,5-9,City of Mississauga,StatCan ODBus v1 (OGL)
8eefb6b7b778fe1cda09,Ivact,Mississauga,Mississauga,ON,43.62827,-79.66994,335311,3353,"Power, Distribution and Specialty Transformers Man",1,5-9,City of Mississauga,StatCan ODBus v1 (OGL)
e6034d51427927178b84,IVS Precision Inc.,Mississauga,Mississauga,ON,43.65822,-79.64696,332710,3327,Machine Shops,1,1-4,City of Mississauga,StatCan ODBus v1 (OGL)
78a706559d9a6bb2c669,J & B Machining Services Inc.,Mississauga,Mississauga,ON,43.64646,-79.66626,332710,3327,Machine Shops,1,1-4,City of Mississauga,StatCan ODBus v1 (OGL)
f63f312a243bf3884111,J & J Tool and Die Inc.,Mississauga,Mississauga,ON,43.70776,-79.63161,333519,3335,Other Metalworking Machinery Manufacturing,0,10-19,City of Mississauga,StatCan ODBus v1 (OGL)
58dbf36e7d19be52e2db,J A Manufacturing,Mississauga,Mississauga,ON,43.63161,-79.62803,332999,3329,All Other Miscellaneous Fabricated Metal Product M,1,1-4,City of Mississauga,StatCan ODBus v1 (OGL)
2bf490239b9f41a8df71,J B Tech,Mississauga,Mississauga,ON,43.66230,-79.64333,333519,3335,Other Metalworking Machinery Manufacturing,0,1-4,City of Mississauga,StatCan ODBus v1 (OGL)
aeea930e3189c017f475,J H J Manufacturing Limited,Mississauga,Mississauga,ON,43.64354,-79.64077,332710,3327,Machine Shops,1,1-4,City of Mississauga,StatCan ODBus v1 (OGL)
75284c5ecefe8e09b910,J J F Dynamic Tool Inc.,Mississauga,Mississauga,ON,43.68136,-79.68055,333511,3335,Industrial Mould Manufacturing,0,10-19,City of Mississauga,StatCan ODBus v1 (OGL)
12fafe4da27a121df320,J M Machinery Ltd.,Mississauga,Mississauga,ON,43.64836,-79.65371,332710,3327,Machine Shops,1,1-4,City of Mississauga,StatCan ODBus v1 (OGL)
5a2d68fa489ba8fc813d,J P Air Pollution Control Ltd.,Mississauga,Mississauga,ON,43.69734,-79.66420,334512,3345,"Measuring, Medical and Controlling Devices Manufac",1,5-9,City of Mississauga,StatCan ODBus v1 (OGL)
669ff71d2a4c5d41675e,J U M O Canada Inc.,Mississauga,Mississauga,ON,43.52701,-79.71652,332999,3329,All Other Miscellaneous Fabricated Metal Product M,1,1-4,City of Mississauga,StatCan ODBus v1 (OGL)
aaa4f57ca3c356ca6a55,Jack Frost Ltd.,Mississauga,Mississauga,ON,43.62301,-79.57682,335120,3351,Lighting Fixture Manufacturing,0,5-9,City of Mississauga,StatCan ODBus v1 (OGL)
66ab891a6bbc3e24f783,Jancox Metal Products Inc.,Mississauga,Mississauga,ON,43.71339,-79.62110,334512,3345,"Measuring, Medical and Controlling Devices Manufac",1,20-49,City of Mississauga,StatCan ODBus v1 (OGL)
e067dcf14d3914f5f318,Janrich,Mississauga,Mississauga,ON,43.52888,-79.72028,332510,3325,Hardware Manufacturing,0,1-4,City of Mississauga,StatCan ODBus v1 (OGL)
c0699f0d4256dd4358cf,Java Works Coffee Inc.,Mississauga,Mississauga,ON,43.63313,-79.63680,333248,3332,All other industrial machinery manufacturing,1,5-9,City of Mississauga,StatCan ODBus v1 (OGL)
d5436d5231b00fb1dd97,Jaworski Consulting Ltd.,Mississauga,Mississauga,ON,43.62840,-79.62488,336390,3363,Other Motor Vehicle Parts Manufacturing,1,1-4,City of Mississauga,StatCan ODBus v1 (OGL)
a9cdcb3955fd3bf191af,Jenc Canada LED,Mississauga,Mississauga,ON,43.63246,-79.64123,335120,3351,Lighting Fixture Manufacturing,0,1-4,City of Mississauga,StatCan ODBus v1 (OGL)
859227ffda285796a55e,Jenza Metals Ltd.,Mississauga,Mississauga,ON,43.68721,-79.66897,332510,3325,Hardware Manufacturing,0,1-4,City of Mississauga,StatCan ODBus v1 (OGL)
be5d37a48db0b593dc65,Jitsu Manufacturing Inc.,Mississauga,Mississauga,ON,43.67068,-79.67290,336310,3363,Motor Vehicle Gasoline Engine and Engine Parts Man,1,20-49,City of Mississauga,StatCan ODBus v1 (OGL)
5d9cecd84fb36dd0de0f,JM Die Ltd,Mississauga,Mississauga,ON,43.62742,-79.64137,332118,3321,Stamping,1,,City of Mississauga,StatCan ODBus v1 (OGL)
e6eb6b871d38a38c0cf4,JM Die Ltd.,Mississauga,Mississauga,ON,43.62965,-79.64150,332118,3321,Stamping,1,,City of Mississauga,StatCan ODBus v1 (OGL)
07989adeaadff1f28a0a,JM Die Ltd.,Mississauga,Mississauga,ON,43.62982,-79.64116,332118,3321,Stamping,1,100-499,City of Mississauga,StatCan ODBus v1 (OGL)
5edc98cc835b9ee182a8,Just Aluminum & Glass Inc.,Mississauga,Mississauga,ON,43.64305,-79.62142,332321,3323,Metal Window and Door Manufacturing,1,20-49,City of Mississauga,StatCan ODBus v1 (OGL)
94e333948f4d08970136,Just In Time Tool & Die Inc.,Mississauga,Mississauga,ON,43.66006,-79.68563,332118,3321,Stamping,1,5-9,City of Mississauga,StatCan ODBus v1 (OGL)
f64d12fc8b82ab4b8eda,K & G Machinery Works Ltd.,Mississauga,Mississauga,ON,43.63098,-79.66127,332710,3327,Machine Shops,1,10-19,City of Mississauga,StatCan ODBus v1 (OGL)
798131af729838194119,K & M Precision Machine Ltd.,Mississauga,Mississauga,ON,43.64326,-79.62555,332710,3327,Machine Shops,1,1-4,City of Mississauga,StatCan ODBus v1 (OGL)
32c4250a49586dbcc1ab,K & S Tyler Precision Inc.,Mississauga,Mississauga,ON,43.65215,-79.66888,333519,3335,Other Metalworking Machinery Manufacturing,0,5-9,City of Mississauga,StatCan ODBus v1 (OGL)
bfc9ee4defc56af09a72,K I T O Canada,Mississauga,Mississauga,ON,43.66805,-79.65203,332710,3327,Machine Shops,1,10-19,City of Mississauga,StatCan ODBus v1 (OGL)
e0e328cb14412bda082e,K J Laser Inc.,Mississauga,Mississauga,ON,43.68713,-79.66772,333519,3335,Other Metalworking Machinery Manufacturing,0,1-4,City of Mississauga,StatCan ODBus v1 (OGL)
f309513367377030c762,K M M Powersports Ltd.,Mississauga,Mississauga,ON,43.65060,-79.66369,332710,3327,Machine Shops,1,1-4,City of Mississauga,StatCan ODBus v1 (OGL)
4a4dac29f52baeaed4a6,K O N E,Mississauga,Mississauga,ON,43.60998,-79.73889,333990,3339,All Other General-Purpose Machinery Manufacturing,1,20-49,City of Mississauga,StatCan ODBus v1 (OGL)
4d1fb0e2fce86350e899,K2 Aero Services Corp,Mississauga,Mississauga,ON,43.69283,-79.65553,332999,3329,All Other Miscellaneous Fabricated Metal Product M,1,1-4,City of Mississauga,StatCan ODBus v1 (OGL)
d75da700d5776d67b40f,Kablar Machine Ltd.,Mississauga,Mississauga,ON,43.65183,-79.66433,332710,3327,Machine Shops,1,1-4,City of Mississauga,StatCan ODBus v1 (OGL)
ae50b039515728300bfd,Kanlor Tool and Die Ltd.,Mississauga,Mississauga,ON,43.56722,-79.65230,331221,3312,Cold-Rolled Steel Shape Manufacturing,0,10-19,City of Mississauga,StatCan ODBus v1 (OGL)
fa83f7095163a89b175c,Kapsch TrafficCom Canada Inc.,Mississauga,Mississauga,ON,43.63954,-79.64453,334512,3345,"Measuring, Medical and Controlling Devices Manufac",1,100-499,City of Mississauga,StatCan ODBus v1 (OGL)
4472a67d8e4faa5c317e,Kapsch TrafficCom Canada Inc.,Mississauga,Mississauga,ON,43.63938,-79.64425,334512,3345,"Measuring, Medical and Controlling Devices Manufac",1,,City of Mississauga,StatCan ODBus v1 (OGL)
23665dcb259103db65a5,Kelvin Technologies Inc.,Mississauga,Mississauga,ON,43.64010,-79.63164,333416,3334,Heating Equipment and Commercial Refrigeration Equ,0,10-19,City of Mississauga,StatCan ODBus v1 (OGL)
4f9308e08175db666d96,Kenex Coatings Inc.,Mississauga,Mississauga,ON,43.69611,-79.65637,332810,3328,"Coating, Engraving, Cold and Heat Treating and All",1,10-19,City of Mississauga,StatCan ODBus v1 (OGL)
e873c678916410749137,King Marketing Ltd.,Mississauga,Mississauga,ON,43.63815,-79.63845,335229,3352,Other Major Appliance Manufacturing,0,20-49,City of Mississauga,StatCan ODBus v1 (OGL)
a74a915ab9d096b94362,Kiro Steel Ltd.,Mississauga,Mississauga,ON,43.69734,-79.66420,331110,3311,Iron and Steel Mills and Ferro-Alloy Manufacturing,0,1-4,City of Mississauga,StatCan ODBus v1 (OGL)
6d190dea1fa1223d7da1,Kolev,Mississauga,Mississauga,ON,,,333248,3332,All other industrial machinery manufacturing,1,5-9,City of Mississauga,StatCan ODBus v1 (OGL)
2242d6b214beb683e2c5,Kolev Engineering Inc.,Mississauga,Mississauga,ON,43.66203,-79.64299,333248,3332,All other industrial machinery manufacturing,1,5-9,City of Mississauga,StatCan ODBus v1 (OGL)
adb4a117296a90815b67,Kolmer Stainless Limited,Mississauga,Mississauga,ON,43.62811,-79.61964,331490,3314,Non-Ferrous Metal (except Copper and Aluminum) Rol,0,5-9,City of Mississauga,StatCan ODBus v1 (OGL)
3540492ad2fb4e472676,Komet Ltd.,Mississauga,Mississauga,ON,43.59249,-79.59501,332210,3322,Cutlery and Hand Tool Manufacturing,0,1-4,City of Mississauga,StatCan ODBus v1 (OGL)
e0f763bb3bb9b2c99ba6,KONE Canada Inc.,Mississauga,Mississauga,ON,43.51735,-79.69768,333519,3335,Other Metalworking Machinery Manufacturing,0,5-9,City of Mississauga,StatCan ODBus v1 (OGL)
a20c57676becb0ec23f8,Koss Aerospace,Mississauga,Mississauga,ON,43.68061,-79.67478,336410,3364,Aerospace Product and Parts Manufacturing,1,50-99,City of Mississauga,StatCan ODBus v1 (OGL)
78e83d0428917a453adb,Kuka Robotics Canada,Mississauga,Mississauga,ON,43.60024,-79.77576,333248,3332,All other industrial machinery manufacturing,1,20-49,City of Mississauga,StatCan ODBus v1 (OGL)
f7ae8d6b91c739dd5cca,Ledle Media Inc.,Mississauga,Mississauga,ON,43.69985,-79.66111,335120,3351,Lighting Fixture Manufacturing,0,1-4,City of Mississauga,StatCan ODBus v1 (OGL)
ba22d302d136ad837fa0,LEI Technology Canada Ltd.,Mississauga,Mississauga,ON,43.69811,-79.62589,334110,3341,Computer and Peripheral Equipment Manufacturing,0,10-19,City of Mississauga,StatCan ODBus v1 (OGL)
2769d063e1bd53e931fe,Lex Metal Fabricators Ltd.,Mississauga,Mississauga,ON,43.64790,-79.65967,332329,3323,Other Ornamental and Architectural Metal Product M,1,5-9,City of Mississauga,StatCan ODBus v1 (OGL)
72f4ed0fb6b4cecc7999,Lift Rite Inc.,Mississauga,Mississauga,ON,43.62077,-79.68433,332999,3329,All Other Miscellaneous Fabricated Metal Product M,1,1-4,City of Mississauga,StatCan ODBus v1 (OGL)
fbdcacfe035155cec267,Likro Precision Ltd.,Mississauga,Mississauga,ON,43.53803,-79.71066,336410,3364,Aerospace Product and Parts Manufacturing,1,50-99,City of Mississauga,StatCan ODBus v1 (OGL)
76bc23b9148fc332b0a0,Liteform International Inc.,Mississauga,Mississauga,ON,43.64384,-79.69220,335120,3351,Lighting Fixture Manufacturing,0,20-49,City of Mississauga,StatCan ODBus v1 (OGL)
120941b381dea9e82b01,Loading Dock Company Ltd. (LDC),Mississauga,Mississauga,ON,43.64005,-79.64180,333920,3339,Material Handling Equipment Manufacturing,1,10-19,City of Mississauga,StatCan ODBus v1 (OGL)
fe27f819a3ea599cced0,Long Branch Foundry Inc.,Mississauga,Mississauga,ON,43.57624,-79.55509,331317,3313,"Aluminum Rolling, Drawing, Extruding and Alloying",0,5-9,City of Mississauga,StatCan ODBus v1 (OGL)
9fadefc9c68500dd3e0c,Lung Sang (Canada) Inc.,Mississauga,Mississauga,ON,43.59552,-79.74315,333511,3335,Industrial Mould Manufacturing,0,5-9,City of Mississauga,StatCan ODBus v1 (OGL)
98cd2dec8bba73c4d8be,Lynch Fluid Controls Inc.,Mississauga,Mississauga,ON,43.60442,-79.73650,333990,3339,All Other General-Purpose Machinery Manufacturing,1,50-99,City of Mississauga,StatCan ODBus v1 (OGL)
1fc360d9a928adbeb7c3,Lynx Industries Inc.,Mississauga,Mississauga,ON,43.65761,-79.65928,332321,3323,Metal Window and Door Manufacturing,1,20-49,City of Mississauga,StatCan ODBus v1 (OGL)
a6143a097e6af70deeda,M & K Metal Fabricating Inc.,Mississauga,Mississauga,ON,43.62500,-79.57839,332710,3327,Machine Shops,1,10-19,City of Mississauga,StatCan ODBus v1 (OGL)
add0502b8a9920148df7,M & M Precision,Mississauga,Mississauga,ON,43.67336,-79.68456,332710,3327,Machine Shops,1,5-9,City of Mississauga,StatCan ODBus v1 (OGL)
08710c5708a169fa99cd,M A D Elevator Inc.,Mississauga,Mississauga,ON,43.66270,-79.66685,333920,3339,Material Handling Equipment Manufacturing,1,100-499,City of Mississauga,StatCan ODBus v1 (OGL)
d67a86a06f2af75e2c26,M B Interlink Canada Tubes Ltd.,Mississauga,Mississauga,ON,43.64770,-79.65530,335990,3359,All Other Electrical Equipment and Component Manuf,1,1-4,City of Mississauga,StatCan ODBus v1 (OGL)
4cee35cfc0afd7a9e30c,M E K Automation,Mississauga,Mississauga,ON,43.69495,-79.65545,334290,3342,Other Communications Equipment Manufacturing,0,5-9,City of Mississauga,StatCan ODBus v1 (OGL)
3456a7e557754189014f,M G S Filter Products Inc.,Mississauga,Mississauga,ON,43.62644,-79.66178,333990,3339,All Other General-Purpose Machinery Manufacturing,1,10-19,City of Mississauga,StatCan ODBus v1 (OGL)
f8aca708265b99f20711,M H I Canada Aerospace Inc.,Mississauga,Mississauga,ON,43.69582,-79.62819,336410,3364,Aerospace Product and Parts Manufacturing,1,50-99,City of Mississauga,StatCan ODBus v1 (OGL)
77dba7c98717edf4d03b,M J Machining & Tool Inc.,Mississauga,Mississauga,ON,43.65311,-79.69459,333519,3335,Other Metalworking Machinery Manufacturing,0,1-4,City of Mississauga,StatCan ODBus v1 (OGL)
ce32e01c76c9adf0b51d,M N K Tool Inc.,Mississauga,Mississauga,ON,43.64807,-79.61774,333310,3333,Commercial and Service Industry Machinery Manufact,1,5-9,City of Mississauga,StatCan ODBus v1 (OGL)
b7a2e02ebbafef1e760f,M T C Technologies Ltd,Mississauga,Mississauga,ON,43.63815,-79.63845,334410,3344,Semiconductor and Other Electronic Component Manuf,1,1-4,City of Mississauga,StatCan ODBus v1 (OGL)
7151b09d25286a3e9803,Mac 1 Industries Ltd.,Mississauga,Mississauga,ON,43.63815,-79.63845,335315,3353,"Switchgear and Switchboard, and Relay and Industri",1,5-9,City of Mississauga,StatCan ODBus v1 (OGL)
a7cb66dac1621d7a8a5e,Macfab Manufacturing Inc.,Mississauga,Mississauga,ON,43.63162,-79.67031,332210,3322,Cutlery and Hand Tool Manufacturing,0,50-99,City of Mississauga,StatCan ODBus v1 (OGL)
a1e92aa56aebc43e4fbc,Machine Tools Accessories,Mississauga,Mississauga,ON,43.65255,-79.66834,332720,3327,"Turned Product and Screw, Nut and Bolt Manufacturi",1,1-4,City of Mississauga,StatCan ODBus v1 (OGL)
c3b53cbaf7b0a9625080,Macro Engineering & Technology Inc.,Mississauga,Mississauga,ON,43.62762,-79.67079,333246,3332,Rubber and plastics industry machinery manufacturi,1,100-499,City of Mississauga,StatCan ODBus v1 (OGL)
03fa610d627c0b7207ae,Magna Precision Technologies,Mississauga,Mississauga,ON,43.60579,-79.73471,336390,3363,Other Motor Vehicle Parts Manufacturing,1,500+,City of Mississauga,StatCan ODBus v1 (OGL)
852cc017c4b2db211a73,Magna Seating Systems,Mississauga,Mississauga,ON,43.64508,-79.68472,336360,3363,Motor Vehicle Seating and Interior Trim Manufactur,1,100-499,City of Mississauga,StatCan ODBus v1 (OGL)
93067d46b72ce8ff7cc6,Maksteel,Mississauga,Mississauga,ON,43.70900,-79.66466,332710,3327,Machine Shops,1,,City of Mississauga,StatCan ODBus v1 (OGL)
d13ee90198795fcbd1a2,Maksteel,Mississauga,Mississauga,ON,43.71024,-79.66603,332710,3327,Machine Shops,1,100-499,City of Mississauga,StatCan ODBus v1 (OGL)
d7ad61f0902a8dd88876,Manat Gears and Differential Inc.,Mississauga,Mississauga,ON,43.63463,-79.63614,333248,3332,All other industrial machinery manufacturing,1,1-4,City of Mississauga,StatCan ODBus v1 (OGL)
de3f257c13e5149df05f,Manta Test Systems Inc.,Mississauga,Mississauga,ON,43.52620,-79.71772,335315,3353,"Switchgear and Switchboard, and Relay and Industri",1,20-49,City of Mississauga,StatCan ODBus v1 (OGL)
57db64cc4532aa06ff71,Manuflex Technologies Inc.,Mississauga,Mississauga,ON,43.65099,-79.69414,332999,3329,All Other Miscellaneous Fabricated Metal Product M,1,1-4,City of Mississauga,StatCan ODBus v1 (OGL)
c7a97ee01396c12ce5c0,Mark Andy Canada-Rotoflex Inc.,Mississauga,Mississauga,ON,,,332710,3327,Machine Shops,1,10-19,City of Mississauga,StatCan ODBus v1 (OGL)
aa8921170254052fd6a7,Mark's Maufacturing,Mississauga,Mississauga,ON,43.64667,-79.66592,332710,3327,Machine Shops,1,1-4,City of Mississauga,StatCan ODBus v1 (OGL)
7fc82ea09e55d6bef00f,Marshan Metal Works Inc.,Mississauga,Mississauga,ON,43.71490,-79.61969,332999,3329,All Other Miscellaneous Fabricated Metal Product M,1,1-4,City of Mississauga,StatCan ODBus v1 (OGL)
314ff08a339485aa8b77,Martin Sprocket & Gear Canada Inc.,Mississauga,Mississauga,ON,43.64842,-79.66682,333920,3339,Material Handling Equipment Manufacturing,1,20-49,City of Mississauga,StatCan ODBus v1 (OGL)
03bb92d586b30a1744e5,Martinrea Rollstart Metal Forming Inc.,Mississauga,Mississauga,ON,43.70385,-79.63028,336390,3363,Other Motor Vehicle Parts Manufacturing,1,100-499,City of Mississauga,StatCan ODBus v1 (OGL)
501a09eb1292c63b133d,Mascot Trucks Parts Ltd.,Mississauga,Mississauga,ON,43.65114,-79.66956,336350,3363,Motor Vehicle Transmission and Power Train Parts M,1,20-49,City of Mississauga,StatCan ODBus v1 (OGL)
958d4d80ca68246280ba,Master Manufacturing Inc.,Mississauga,Mississauga,ON,43.70180,-79.65575,332999,3329,All Other Miscellaneous Fabricated Metal Product M,1,20-49,City of Mississauga,StatCan ODBus v1 (OGL)
390b5018fb5e054c304b,Matcor Metal Fabrication,Mississauga,Mississauga,ON,43.60511,-79.77437,333120,3331,Construction Machinery Manufacturing,0,100-499,City of Mississauga,StatCan ODBus v1 (OGL)
87862dcbe05e1acef183,Matko Inc.,Mississauga,Mississauga,ON,43.62736,-79.63435,333519,3335,Other Metalworking Machinery Manufacturing,0,1-4,City of Mississauga,StatCan ODBus v1 (OGL)
8dd36e16db6058fc1d38,Matrix Scale Service Inc.,Mississauga,Mississauga,ON,43.62755,-79.66525,333990,3339,All Other General-Purpose Machinery Manufacturing,1,10-19,City of Mississauga,StatCan ODBus v1 (OGL)
9f0ee64213483ec6ae57,Matsu Manufacturing Inc.,Mississauga,Mississauga,ON,43.60577,-79.77436,336390,3363,Other Motor Vehicle Parts Manufacturing,1,1-4,City of Mississauga,StatCan ODBus v1 (OGL)
4f2ee5aa8ae64e671a3e,Maverick Machine & Hydraulics,Mississauga,Mississauga,ON,43.66142,-79.64827,332710,3327,Machine Shops,1,10-19,City of Mississauga,StatCan ODBus v1 (OGL)
049c676252f460b7b1c9,Mavis Welding & Fabricating Ltd.,Mississauga,Mississauga,ON,43.57436,-79.64626,332710,3327,Machine Shops,1,10-19,City of Mississauga,StatCan ODBus v1 (OGL)
9023684520cc8a60e167,MaxTech Security Systems,Mississauga,Mississauga,ON,43.63213,-79.66167,334220,3342,Radio and Television Broadcasting and Wireless Com,0,5-9,City of Mississauga,StatCan ODBus v1 (OGL)
6237c64af1c31f1451fc,McGregor Industries Inc.,Mississauga,Mississauga,ON,43.60869,-79.64513,332999,3329,All Other Miscellaneous Fabricated Metal Product M,1,20-49,City of Mississauga,StatCan ODBus v1 (OGL)
309e11e636b0700a0803,Mega Resistors Corp.,Mississauga,Mississauga,ON,43.69404,-79.65572,334410,3344,Semiconductor and Other Electronic Component Manuf,1,10-19,City of Mississauga,StatCan ODBus v1 (OGL)
a5747943287bd3a2d27a,Mega sharp Inc.,Mississauga,Mississauga,ON,43.65502,-79.63786,333990,3339,All Other General-Purpose Machinery Manufacturing,1,1-4,City of Mississauga,StatCan ODBus v1 (OGL)
cd3cae996d1a13183948,Mersen Canada Toronto Inc.,Mississauga,Mississauga,ON,43.64728,-79.66636,334410,3344,Semiconductor and Other Electronic Component Manuf,1,100-499,City of Mississauga,StatCan ODBus v1 (OGL)
80ed2234bf2ab4efc949,Mersen Canada Toronto Inc.,Mississauga,Mississauga,ON,43.64713,-79.66770,334410,3344,Semiconductor and Other Electronic Component Manuf,1,,City of Mississauga,StatCan ODBus v1 (OGL)
439f35e30e7f6242e54f,Mestek Canada Inc.,Mississauga,Mississauga,ON,43.68728,-79.67959,333416,3334,Heating Equipment and Commercial Refrigeration Equ,0,50-99,City of Mississauga,StatCan ODBus v1 (OGL)
e013c5a082bcc19bde9e,Metabo Canada Inc.,Mississauga,Mississauga,ON,43.65703,-79.59833,335990,3359,All Other Electrical Equipment and Component Manuf,1,,City of Mississauga,StatCan ODBus v1 (OGL)
961f557ad47f3225bf56,Metabo Canada Inc.,Mississauga,Mississauga,ON,43.65685,-79.59964,335990,3359,All Other Electrical Equipment and Component Manuf,1,5-9,City of Mississauga,StatCan ODBus v1 (OGL)
be63180335bc51234010,Metabo HPT,Mississauga,Mississauga,ON,43.69810,-79.61296,335990,3359,All Other Electrical Equipment and Component Manuf,1,10-19,City of Mississauga,StatCan ODBus v1 (OGL)
ab0192d5e61be2850d61,Metal Coaters,Mississauga,Mississauga,ON,43.71196,-79.66198,332810,3328,"Coating, Engraving, Cold and Heat Treating and All",1,20-49,City of Mississauga,StatCan ODBus v1 (OGL)
47302d399be0c65c8d2a,Metal Forged,Mississauga,Mississauga,ON,43.66230,-79.64333,331221,3312,Cold-Rolled Steel Shape Manufacturing,0,1-4,City of Mississauga,StatCan ODBus v1 (OGL)
03b10fdde548e5c82933,Metal Supermarket,Mississauga,Mississauga,ON,43.63824,-79.67000,334410,3344,Semiconductor and Other Electronic Component Manuf,1,20-49,City of Mississauga,StatCan ODBus v1 (OGL)
737fb22d6cb7a756625f,Metal-Tronics Inc.,Mississauga,Mississauga,ON,43.71399,-79.62696,332999,3329,All Other Miscellaneous Fabricated Metal Product M,1,10-19,City of Mississauga,StatCan ODBus v1 (OGL)
778ab67cc78a7338ac30,Meteor Foundry Co. Ltd.,Mississauga,Mississauga,ON,43.66680,-79.65013,331529,3315,Non-Ferrous Foundries (except Die-Casting),0,20-49,City of Mississauga,StatCan ODBus v1 (OGL)
f1d362771fec4f75bbae,Metform International Ltd.,Mississauga,Mississauga,ON,43.64175,-79.68763,333248,3332,All other industrial machinery manufacturing,1,50-99,City of Mississauga,StatCan ODBus v1 (OGL)
8cd4342d369bb5f2e6d7,Metric Tool & Die Ltd.,Mississauga,Mississauga,ON,43.66280,-79.67020,333519,3335,Other Metalworking Machinery Manufacturing,0,1-4,City of Mississauga,StatCan ODBus v1 (OGL)
2f9d78db1784d47e06f6,Mex Precision Wire Corporation,Mississauga,Mississauga,ON,43.63345,-79.64279,332619,3326,Other Fabricated Wire Product Manufacturing,0,20-49,City of Mississauga,StatCan ODBus v1 (OGL)
0414838d5523b4914ed8,MHI Canada Aerospace Inc.,Mississauga,Mississauga,ON,43.70031,-79.61878,336410,3364,Aerospace Product and Parts Manufacturing,1,500+,City of Mississauga,StatCan ODBus v1 (OGL)
b6f881a4dc14e6a4f7fa,Micize Industries,Mississauga,Mississauga,ON,43.66151,-79.64909,332710,3327,Machine Shops,1,1-4,City of Mississauga,StatCan ODBus v1 (OGL)
9c5f0fba0ba1295d45f1,Micro Consulting Inc.,Mississauga,Mississauga,ON,43.66160,-79.69773,334110,3341,Computer and Peripheral Equipment Manufacturing,0,20-49,City of Mississauga,StatCan ODBus v1 (OGL)
7ab8231c75ab29ffe4b6,Micron Symmetry Inc.,Mississauga,Mississauga,ON,43.67901,-79.66623,336390,3363,Other Motor Vehicle Parts Manufacturing,1,1-4,City of Mississauga,StatCan ODBus v1 (OGL)
ae7a236616e6aaaf4b74,Microsys Technologies Inc.,Mississauga,Mississauga,ON,43.71541,-79.62376,333990,3339,All Other General-Purpose Machinery Manufacturing,1,10-19,City of Mississauga,StatCan ODBus v1 (OGL)
adaf59155f5b28ff0df7,Mikor Metal Products Inc.,Mississauga,Mississauga,ON,43.64046,-79.64562,332999,3329,All Other Miscellaneous Fabricated Metal Product M,1,10-19,City of Mississauga,StatCan ODBus v1 (OGL)
837ac93718bfe3304918,Millar Tool & Die Ltd.,Mississauga,Mississauga,ON,43.66253,-79.64044,333519,3335,Other Metalworking Machinery Manufacturing,0,5-9,City of Mississauga,StatCan ODBus v1 (OGL)
f1c357c992d4d638ba1d,Minefab & Tooling Services,Mississauga,Mississauga,ON,43.65983,-79.65188,332710,3327,Machine Shops,1,1-4,City of Mississauga,StatCan ODBus v1 (OGL)
08422f792a5945391701,Ming Tak Metal Fabrication (2012),Mississauga,Mississauga,ON,43.65549,-79.63668,332999,3329,All Other Miscellaneous Fabricated Metal Product M,1,10-19,City of Mississauga,StatCan ODBus v1 (OGL)
dededd14a06adbb84501,Miratech Design Ltd.,Mississauga,Mississauga,ON,43.63626,-79.60949,334410,3344,Semiconductor and Other Electronic Component Manuf,1,1-4,City of Mississauga,StatCan ODBus v1 (OGL)
8b9c1c755a5cb842896d,Mississauga Engines Inc.,Mississauga,Mississauga,ON,43.57902,-79.71482,332710,3327,Machine Shops,1,1-4,City of Mississauga,StatCan ODBus v1 (OGL)
d372f840e78f17b126d6,Mississauga Foundry Ltd.,Mississauga,Mississauga,ON,43.63781,-79.62972,332999,3329,All Other Miscellaneous Fabricated Metal Product M,1,5-9,City of Mississauga,StatCan ODBus v1 (OGL)
8b2356dc9480962afe15,Mississauga Hydraulics,Mississauga,Mississauga,ON,43.57730,-79.59515,333619,3336,Other Engine and Power Transmission Equipment Manu,1,1-4,City of Mississauga,StatCan ODBus v1 (OGL)
a54a913655a4ed6e6f62,Mississauga Iron Inc.,Mississauga,Mississauga,ON,43.64931,-79.65751,332329,3323,Other Ornamental and Architectural Metal Product M,1,10-19,City of Mississauga,StatCan ODBus v1 (OGL)
6bde017a4c90274746bc,Mississauga Jig Grinding Inc.,Mississauga,Mississauga,ON,43.65574,-79.66148,332991,3329,Ball and Roller Bearing Manufacturing,1,1-4,City of Mississauga,StatCan ODBus v1 (OGL)
77a88cb2c437403b929f,Mississauga Memorial Ltd.,Mississauga,Mississauga,ON,43.66852,-79.66962,332810,3328,"Coating, Engraving, Cold and Heat Treating and All",1,1-4,City of Mississauga,StatCan ODBus v1 (OGL)
04f98848a3a93d644674,Mississauga Tool & Machine Co. Ltd.,Mississauga,Mississauga,ON,43.63148,-79.62035,332118,3321,Stamping,1,,City of Mississauga,StatCan ODBus v1 (OGL)
aa1729f712f95902804c,Mississauga Tool & Machine Co. Ltd.,Mississauga,Mississauga,ON,43.63155,-79.62025,333519,3335,Other Metalworking Machinery Manufacturing,0,5-9,City of Mississauga,StatCan ODBus v1 (OGL)
fd387d80bab4fe1e6ed4,Mitek Electronics Ltd.,Mississauga,Mississauga,ON,43.50520,-79.63918,334410,3344,Semiconductor and Other Electronic Component Manuf,1,10-19,City of Mississauga,StatCan ODBus v1 (OGL)
bc15641c3ea3d99e4f21,MNR Custom Metal Inc.,Mississauga,Mississauga,ON,43.59292,-79.74239,332999,3329,All Other Miscellaneous Fabricated Metal Product M,1,10-19,City of Mississauga,StatCan ODBus v1 (OGL)
a00549665d3b5eeb91a9,Modern Air Filter Corporation,Mississauga,Mississauga,ON,43.62944,-79.61820,333413,3334,Industrial and Commercial Fan and Blower and Air P,0,10-19,City of Mississauga,StatCan ODBus v1 (OGL)
74d421a104feb3fc8f65,Mogg Constructive Inc.,Mississauga,Mississauga,ON,43.65138,-79.69373,332510,3325,Hardware Manufacturing,0,1-4,City of Mississauga,StatCan ODBus v1 (OGL)
4b54a98d22e6a2ac4e25,Molds Plus Company,Mississauga,Mississauga,ON,43.64422,-79.66205,333511,3335,Industrial Mould Manufacturing,0,10-19,City of Mississauga,StatCan ODBus v1 (OGL)
84ec10b86e5d7275cac6,Monogram Engraving Ltd.,Mississauga,Mississauga,ON,43.63080,-79.64249,332810,3328,"Coating, Engraving, Cold and Heat Treating and All",1,1-4,City of Mississauga,StatCan ODBus v1 (OGL)
215a29f96236f92ca0db,Montecan Machining Ltd.,Mississauga,Mississauga,ON,43.66230,-79.64333,332710,3327,Machine Shops,1,1-4,City of Mississauga,StatCan ODBus v1 (OGL)
803d5bfbb2d4c028b2e8,Mor Machining Inc.,Mississauga,Mississauga,ON,,,336410,3364,Aerospace Product and Parts Manufacturing,1,1-4,City of Mississauga,StatCan ODBus v1 (OGL)
f87883ffbf32c0d27e9b,Moro Tooling Corp.,Mississauga,Mississauga,ON,43.63779,-79.64406,332210,3322,Cutlery and Hand Tool Manufacturing,0,,City of Mississauga,StatCan ODBus v1 (OGL)
2f8564929015ccbc8996,Mosur Machine Co. Ltd.,Mississauga,Mississauga,ON,43.69460,-79.65475,333248,3332,All other industrial machinery manufacturing,1,10-19,City of Mississauga,StatCan ODBus v1 (OGL)
808740666a1bfdfdf49c,Mr. Alternator & Starter Ltd.,Mississauga,Mississauga,ON,43.66183,-79.64165,336320,3363,Motor Vehicle Electrical and Electronic Equipment,1,1-4,City of Mississauga,StatCan ODBus v1 (OGL)
1191f87c80b5013c89cc,MSU Mississauga LTD.,Mississauga,Mississauga,ON,43.51876,-79.64991,332999,3329,All Other Miscellaneous Fabricated Metal Product M,1,20-49,City of Mississauga,StatCan ODBus v1 (OGL)
f7d7ea55ab4b3dae61e8,Muia Steel Ltd.,Mississauga,Mississauga,ON,43.69481,-79.66158,332999,3329,All Other Miscellaneous Fabricated Metal Product M,1,5-9,City of Mississauga,StatCan ODBus v1 (OGL)
88eb3b1829fcefc3781c,N I C A-Power Battery Corp.,Mississauga,Mississauga,ON,43.65103,-79.60992,335910,3359,Battery Manufacturing,1,5-9,City of Mississauga,StatCan ODBus v1 (OGL)
238efdb0f25a390ab428,N T N Bearing Mfg. Canada,Mississauga,Mississauga,ON,43.60692,-79.73815,332991,3329,Ball and Roller Bearing Manufacturing,1,100-499,City of Mississauga,StatCan ODBus v1 (OGL)
de9c29f7a974a294b18e,National Event Supply,Mississauga,Mississauga,ON,43.71290,-79.62834,332910,3329,Metal Valve Manufacturing,1,10-19,City of Mississauga,StatCan ODBus v1 (OGL)
794f73e11de4189b0c49,National Roofing Supply Inc.,Mississauga,Mississauga,ON,43.65872,-79.64958,331317,3313,"Aluminum Rolling, Drawing, Extruding and Alloying",0,1-4,City of Mississauga,StatCan ODBus v1 (OGL)
2fc22260da926ee3e77e,Nederman Ltd.,Mississauga,Mississauga,ON,43.61428,-79.68521,333413,3334,Industrial and Commercial Fan and Blower and Air P,0,20-49,City of Mississauga,StatCan ODBus v1 (OGL)
e239ef8148c5a59fb74d,Nefab,Mississauga,Mississauga,ON,43.66753,-79.68607,332329,3323,Other Ornamental and Architectural Metal Product M,1,5-9,City of Mississauga,StatCan ODBus v1 (OGL)
6d8bdd85255b0e28c768,Nelson Stud Welding Inc.,Mississauga,Mississauga,ON,43.64226,-79.67210,332999,3329,All Other Miscellaneous Fabricated Metal Product M,1,1-4,City of Mississauga,StatCan ODBus v1 (OGL)
411a22dd0d3c46a563ba,Neocast,Mississauga,Mississauga,ON,43.64892,-79.61923,332710,3327,Machine Shops,1,20-49,City of Mississauga,StatCan ODBus v1 (OGL)
8eec23c3051584730217,Net TV Plus,Mississauga,Mississauga,ON,43.53490,-79.67581,334220,3342,Radio and Television Broadcasting and Wireless Com,0,1-4,City of Mississauga,StatCan ODBus v1 (OGL)
b6e79e7d76b01f3fd6af,New Generation Automation Inc,Mississauga,Mississauga,ON,43.62716,-79.63862,333248,3332,All other industrial machinery manufacturing,1,5-9,City of Mississauga,StatCan ODBus v1 (OGL)
32b5f85f99bd1bd6312f,Newcomb Spring of Canada,Mississauga,Mississauga,ON,43.64894,-79.65662,332999,3329,All Other Miscellaneous Fabricated Metal Product M,1,10-19,City of Mississauga,StatCan ODBus v1 (OGL)
f332a006c8311dad4cd0,Newly Weds Foods Co.,Mississauga,Mississauga,ON,43.65054,-79.68921,332619,3326,Other Fabricated Wire Product Manufacturing,0,100-499,City of Mississauga,StatCan ODBus v1 (OGL)
a67278460dfaa690f64f,Nexall Aluminum Inc.,Mississauga,Mississauga,ON,43.64102,-79.64683,332619,3326,Other Fabricated Wire Product Manufacturing,0,20-49,City of Mississauga,StatCan ODBus v1 (OGL)
a16788f506a6fa3d5345,NLYTN,Mississauga,Mississauga,ON,43.63266,-79.61748,335120,3351,Lighting Fixture Manufacturing,0,1-4,City of Mississauga,StatCan ODBus v1 (OGL)
ad7c5cbd76c51837b8db,Nordica Plastics Ltd.,Mississauga,Mississauga,ON,43.64991,-79.61842,333511,3335,Industrial Mould Manufacturing,0,10-19,City of Mississauga,StatCan ODBus v1 (OGL)
ab3c4b76b9125878ff5c,North American Feed Screw Ltd.,Mississauga,Mississauga,ON,43.65164,-79.67201,332439,3324,Other Metal Container Manufacturing,0,10-19,City of Mississauga,StatCan ODBus v1 (OGL)
e397f6e7a8885539f786,North East Aviation (N E A) Corp./GSE R US,Mississauga,Mississauga,ON,43.67036,-79.64752,336410,3364,Aerospace Product and Parts Manufacturing,1,5-9,City of Mississauga,StatCan ODBus v1 (OGL)
cd47c4140787275f5c51,Northern Lights and Doors Inc.,Mississauga,Mississauga,ON,43.70060,-79.66021,331221,3312,Cold-Rolled Steel Shape Manufacturing,0,10-19,City of Mississauga,StatCan ODBus v1 (OGL)
9b103a48e0b524b16f0f,Nu-tech Rollforming Inc.,Mississauga,Mississauga,ON,43.69489,-79.66654,331221,3312,Cold-Rolled Steel Shape Manufacturing,0,10-19,City of Mississauga,StatCan ODBus v1 (OGL)
1f59a3e46f642e0763ab,Numercut Machining Inc.,Mississauga,Mississauga,ON,43.66884,-79.68532,332710,3327,Machine Shops,1,1-4,City of Mississauga,StatCan ODBus v1 (OGL)
7599b98a06339a53669c,Nutech Systems Inc.,Mississauga,Mississauga,ON,43.64301,-79.64580,334110,3341,Computer and Peripheral Equipment Manufacturing,0,5-9,City of Mississauga,StatCan ODBus v1 (OGL)
b80287492e3053b311f1,Nye Manufacturing Ltd.,Mississauga,Mississauga,ON,43.57821,-79.64890,332319,3323,Other Plate Work and Fabricated Structural Product,1,20-49,City of Mississauga,StatCan ODBus v1 (OGL)
e2e03f7732865df06ded,O T N Y Enterprise Ltd.,Mississauga,Mississauga,ON,43.64965,-79.69586,332619,3326,Other Fabricated Wire Product Manufacturing,0,10-19,City of Mississauga,StatCan ODBus v1 (OGL)
637ffb32d8489ed81bdc,O'Dell Associates Inc.,Mississauga,Mississauga,ON,43.51719,-79.69515,333413,3334,Industrial and Commercial Fan and Blower and Air P,0,5-9,City of Mississauga,StatCan ODBus v1 (OGL)
66ecfb9b3ac5379cac48,Obertec Limited,Mississauga,Mississauga,ON,43.63509,-79.63287,332810,3328,"Coating, Engraving, Cold and Heat Treating and All",1,5-9,City of Mississauga,StatCan ODBus v1 (OGL)
ab64db2eb708aad3d79b,Old Castle Building Envelope,Mississauga,Mississauga,ON,43.63288,-79.67336,332321,3323,Metal Window and Door Manufacturing,1,50-99,City of Mississauga,StatCan ODBus v1 (OGL)
e2d415bb07d912ea8e4b,Olimp Mfg Inc.,Mississauga,Mississauga,ON,43.64073,-79.63868,332710,3327,Machine Shops,1,5-9,City of Mississauga,StatCan ODBus v1 (OGL)
11909b5a2d81e6d40b51,Oliveira Railings & Iron Works,Mississauga,Mississauga,ON,43.66151,-79.64909,332999,3329,All Other Miscellaneous Fabricated Metal Product M,1,1-4,City of Mississauga,StatCan ODBus v1 (OGL)
3f662c9d1cd6ed6ef267,Olympic Tool & Die Inc.,Mississauga,Mississauga,ON,43.62896,-79.63921,333519,3335,Other Metalworking Machinery Manufacturing,0,20-49,City of Mississauga,StatCan ODBus v1 (OGL)
5e67da5040111256ce75,Omcan Inc.,Mississauga,Mississauga,ON,43.53972,-79.71110,333310,3333,Commercial and Service Industry Machinery Manufact,1,50-99,City of Mississauga,StatCan ODBus v1 (OGL)
ce2348da9959921c17b0,One Stop Steel Shop,Mississauga,Mississauga,ON,43.69734,-79.66420,331210,3312,Iron and Steel Pipes and Tubes Manufacturing from,0,5-9,City of Mississauga,StatCan ODBus v1 (OGL)
5b552d408e67f4d58964,Orion Mould & Tool Inc.,Mississauga,Mississauga,ON,43.64838,-79.65996,333511,3335,Industrial Mould Manufacturing,0,5-9,City of Mississauga,StatCan ODBus v1 (OGL)
a0b337efa5c74ef20598,P M Casting Ltd.,Mississauga,Mississauga,ON,43.66230,-79.64333,331313,3313,Primary Production of Alumina and Aluminum,0,10-19,City of Mississauga,StatCan ODBus v1 (OGL)
524e9d2aa64f7d3cbaf2,P S E C O Inc.,Mississauga,Mississauga,ON,43.66187,-79.65431,333248,3332,All other industrial machinery manufacturing,1,1-4,City of Mississauga,StatCan ODBus v1 (OGL)
3552faaffe8b5184eff4,P S I Peripheral Solutions Inc,Mississauga,Mississauga,ON,43.51849,-79.69959,333310,3333,Commercial and Service Industry Machinery Manufact,1,20-49,City of Mississauga,StatCan ODBus v1 (OGL)
0a57ac134896aba3cc1e,P V D Hi-Tech Coating Inc.,Mississauga,Mississauga,ON,43.65342,-79.66393,332210,3322,Cutlery and Hand Tool Manufacturing,0,1-4,City of Mississauga,StatCan ODBus v1 (OGL)
372826a56d377edf92e2,P W Vickery Ltd.,Mississauga,Mississauga,ON,43.64514,-79.66388,331110,3311,Iron and Steel Mills and Ferro-Alloy Manufacturing,0,5-9,City of Mississauga,StatCan ODBus v1 (OGL)
451d709a0053b4be3ea2,P.H.D. Group Canada Inc./Propane Experts,Mississauga,Mississauga,ON,43.49877,-79.64191,336310,3363,Motor Vehicle Gasoline Engine and Engine Parts Man,1,1-4,City of Mississauga,StatCan ODBus v1 (OGL)
7132cb9a86977d5bcaca,Pace Filtration,Mississauga,Mississauga,ON,43.60876,-79.57044,333416,3334,Heating Equipment and Commercial Refrigeration Equ,0,10-19,City of Mississauga,StatCan ODBus v1 (OGL)
2eca88c3940ca7d9b155,Pacline Overhead Conveyors,Mississauga,Mississauga,ON,43.62503,-79.66738,335990,3359,All Other Electrical Equipment and Component Manuf,1,20-49,City of Mississauga,StatCan ODBus v1 (OGL)
a6aa44e2760bac9540d3,Panisolar Inc.,Mississauga,Mississauga,ON,43.65822,-79.64696,335910,3359,Battery Manufacturing,1,1-4,City of Mississauga,StatCan ODBus v1 (OGL)
6d5949ad90d06bc6d70d,Paramount Power Systems Limited,Mississauga,Mississauga,ON,43.69647,-79.65973,335311,3353,"Power, Distribution and Specialty Transformers Man",1,5-9,City of Mississauga,StatCan ODBus v1 (OGL)
752a7268b739003d0244,Patches Welding and Maintenance,Mississauga,Mississauga,ON,43.66475,-79.65254,331221,3312,Cold-Rolled Steel Shape Manufacturing,0,1-4,City of Mississauga,StatCan ODBus v1 (OGL)
de4ab9291bd99d97a924,Paul & Douglas Automatic Sprinklers Ltd.,Mississauga,Mississauga,ON,43.66354,-79.65423,334290,3342,Other Communications Equipment Manufacturing,0,50-99,City of Mississauga,StatCan ODBus v1 (OGL)
13b1d0ad5597cbe30c2c,Peacock Manufacturing Ltd.,Mississauga,Mississauga,ON,43.66227,-79.66972,332710,3327,Machine Shops,1,1-4,City of Mississauga,StatCan ODBus v1 (OGL)
cd178da93bc78ea0129b,Peel Universal Hydraulics Inc.,Mississauga,Mississauga,ON,43.64884,-79.65824,336340,3363,Motor Vehicle Brake System Manufacturing,1,1-4,City of Mississauga,StatCan ODBus v1 (OGL)
c3bf26d53f970f880205,Perfect Pallets,Mississauga,Mississauga,ON,43.51532,-79.62649,333920,3339,Material Handling Equipment Manufacturing,1,5-9,City of Mississauga,StatCan ODBus v1 (OGL)
a3b21ef2c73eb7814505,Perfetti Industries Inc.,Mississauga,Mississauga,ON,43.65163,-79.65058,332710,3327,Machine Shops,1,1-4,City of Mississauga,StatCan ODBus v1 (OGL)
85d28523d1778911046b,Phase-Quest Co.,Mississauga,Mississauga,ON,43.65717,-79.64888,334410,3344,Semiconductor and Other Electronic Component Manuf,1,1-4,City of Mississauga,StatCan ODBus v1 (OGL)
b6565245e732654434ce,Phoenix EDT Inc.,Mississauga,Mississauga,ON,43.65194,-79.66210,332329,3323,Other Ornamental and Architectural Metal Product M,1,20-49,City of Mississauga,StatCan ODBus v1 (OGL)
05ab66d8bc767e3be13a,Phonak Canada - Div of 1879763 Ontario Inc.,Mississauga,Mississauga,ON,43.63513,-79.69530,334512,3345,"Measuring, Medical and Controlling Devices Manufac",1,100-499,City of Mississauga,StatCan ODBus v1 (OGL)
d5d3dfbd4fa32a12e3ae,Pierce-All Inc.,Mississauga,Mississauga,ON,43.66364,-79.64241,333519,3335,Other Metalworking Machinery Manufacturing,0,1-4,City of Mississauga,StatCan ODBus v1 (OGL)
f18ca9fbb9ae466f4cf2,Pine Valley Trim & Doors Ltd.,Mississauga,Mississauga,ON,43.66934,-79.68881,332311,3323,Prefabricated Metal Building and Component Manufac,1,20-49,City of Mississauga,StatCan ODBus v1 (OGL)
be1634fc339fc4155cef,PinPoint G P S Solutions Inc.,Mississauga,Mississauga,ON,43.65103,-79.60992,333990,3339,All Other General-Purpose Machinery Manufacturing,1,20-49,City of Mississauga,StatCan ODBus v1 (OGL)
002d38ba74cf8cdba398,Pioneer Steel Manufacturers Limited,Mississauga,Mississauga,ON,43.63371,-79.63954,331110,3311,Iron and Steel Mills and Ferro-Alloy Manufacturing,0,10-19,City of Mississauga,StatCan ODBus v1 (OGL)
88d81ed780e58e2db516,Pioneer Technology,Mississauga,Mississauga,ON,43.65464,-79.60146,335229,3352,Other Major Appliance Manufacturing,0,5-9,City of Mississauga,StatCan ODBus v1 (OGL)
c13944fd04fdd98b73d8,Piovan Canada Ltd.,Mississauga,Mississauga,ON,43.59292,-79.74239,332710,3327,Machine Shops,1,5-9,City of Mississauga,StatCan ODBus v1 (OGL)
b172e16a22cf17c13fcf,Pirlitor Machine & Tool Ltd.,Mississauga,Mississauga,ON,43.65074,-79.67085,332710,3327,Machine Shops,1,20-49,City of Mississauga,StatCan ODBus v1 (OGL)
fe3e1e488c6296706a1b,Pittsburgh Steel Group,Mississauga,Mississauga,ON,43.68582,-79.66889,332113,3321,Forging,1,20-49,City of Mississauga,StatCan ODBus v1 (OGL)
12861e4944872805bf1c,Pixetech Inc. Canada,Mississauga,Mississauga,ON,43.50966,-79.63277,335990,3359,All Other Electrical Equipment and Component Manuf,1,1-4,City of Mississauga,StatCan ODBus v1 (OGL)
f74f41fa5f482f5afccb,Plastech Corp. Ltd.,Mississauga,Mississauga,ON,43.63854,-79.64319,332710,3327,Machine Shops,1,1-4,City of Mississauga,StatCan ODBus v1 (OGL)
a0c88f30c72cb4250138,Plastic Machine Shop,Mississauga,Mississauga,ON,43.64767,-79.65923,332118,3321,Stamping,1,1-4,City of Mississauga,StatCan ODBus v1 (OGL)
f228deaa60f18f40c946,Plasticair Inc.,Mississauga,Mississauga,ON,43.63203,-79.62114,332329,3323,Other Ornamental and Architectural Metal Product M,1,10-19,City of Mississauga,StatCan ODBus v1 (OGL)
8f30af001a59c8688b37,Plymovent Canada Inc.,Mississauga,Mississauga,ON,43.52678,-79.71917,333413,3334,Industrial and Commercial Fan and Blower and Air P,0,10-19,City of Mississauga,StatCan ODBus v1 (OGL)
76b69e5202279d8c6f6f,Pneutech-Rousseau Group Inc.,Mississauga,Mississauga,ON,43.65342,-79.66393,333910,3339,Pump and Compressor Manufacturing,1,5-9,City of Mississauga,StatCan ODBus v1 (OGL)
3457a356021e10767776,Polform Metal Stamping & Tool Inc.,Mississauga,Mississauga,ON,43.65462,-79.63826,332118,3321,Stamping,1,1-4,City of Mississauga,StatCan ODBus v1 (OGL)
6f9dcb7c02b364eba83c,Polform Metal Stamping & Tools Inc.,Mississauga,Mississauga,ON,43.65502,-79.63786,333519,3335,Other Metalworking Machinery Manufacturing,0,,City of Mississauga,StatCan ODBus v1 (OGL)
5f521b5ff661dabe159f,Poly Precision Ltd.,Mississauga,Mississauga,ON,43.65462,-79.63826,332710,3327,Machine Shops,1,1-4,City of Mississauga,StatCan ODBus v1 (OGL)
4b65fab425e25204ef3b,Porcelain Technologies Ltd.,Mississauga,Mississauga,ON,43.56771,-79.65292,332810,3328,"Coating, Engraving, Cold and Heat Treating and All",1,10-19,City of Mississauga,StatCan ODBus v1 (OGL)
0d831b1a8a56876b780d,Posi Plus Technologies Ontario Inc.,Mississauga,Mississauga,ON,43.66184,-79.63370,333990,3339,All Other General-Purpose Machinery Manufacturing,1,5-9,City of Mississauga,StatCan ODBus v1 (OGL)
3e4d34516c7ac0194313,Powerite Automotive Inc.,Mississauga,Mississauga,ON,43.66251,-79.64653,336320,3363,Motor Vehicle Electrical and Electronic Equipment,1,10-19,City of Mississauga,StatCan ODBus v1 (OGL)
e7590814f2d89d60002c,Precision Cable Inc.,Mississauga,Mississauga,ON,43.62429,-79.57507,334210,3342,Telephone Apparatus Manufacturing,0,1-4,City of Mississauga,StatCan ODBus v1 (OGL)
6e733432caf6ba329ff5,Precision Tool & Die Inc.,Mississauga,Mississauga,ON,43.69734,-79.65315,333519,3335,Other Metalworking Machinery Manufacturing,0,5-9,City of Mississauga,StatCan ODBus v1 (OGL)
d2c32574c35a54a42ea3,Premier Clamp Inc.,Mississauga,Mississauga,ON,43.65739,-79.64794,336390,3363,Other Motor Vehicle Parts Manufacturing,1,1-4,City of Mississauga,StatCan ODBus v1 (OGL)
fcc700d79fb098f1cadc,Premier Machinery Ltd.,Mississauga,Mississauga,ON,43.63652,-79.60532,332710,3327,Machine Shops,1,5-9,City of Mississauga,StatCan ODBus v1 (OGL)
22c3ae4d6b81f96294f7,Prime Food Equipment Services Ltd.,Mississauga,Mississauga,ON,43.64006,-79.63807,333416,3334,Heating Equipment and Commercial Refrigeration Equ,0,5-9,City of Mississauga,StatCan ODBus v1 (OGL)
cd15f74dc49a6061085b,Primo Truck Shop Ltd.,Mississauga,Mississauga,ON,43.65253,-79.65955,332710,3327,Machine Shops,1,5-9,City of Mississauga,StatCan ODBus v1 (OGL)
7e1d42348a2b9146f1fb,Pro Tech C N C Inc.,Mississauga,Mississauga,ON,43.65036,-79.66016,332710,3327,Machine Shops,1,1-4,City of Mississauga,StatCan ODBus v1 (OGL)
97cc7300964f5a41f74b,Pro-Fab Metal Products Ltd.,Mississauga,Mississauga,ON,43.67944,-79.67271,332999,3329,All Other Miscellaneous Fabricated Metal Product M,1,1-4,City of Mississauga,StatCan ODBus v1 (OGL)
d74e84da63ad2b32d806,ProBuilt Powertrain Corporation,Mississauga,Mississauga,ON,43.66146,-79.66615,336350,3363,Motor Vehicle Transmission and Power Train Parts M,1,5-9,City of Mississauga,StatCan ODBus v1 (OGL)
f042a85e92ba66f69d31,Procim Inc,Mississauga,Mississauga,ON,43.66253,-79.64903,333248,3332,All other industrial machinery manufacturing,1,10-19,City of Mississauga,StatCan ODBus v1 (OGL)
84f4a0b84eeb1d3ccd45,Progressive Industrial Millwrighting Ltd.,Mississauga,Mississauga,ON,43.66280,-79.64131,333519,3335,Other Metalworking Machinery Manufacturing,0,20-49,City of Mississauga,StatCan ODBus v1 (OGL)
e1bc1a0cd47f0040579a,Protec Finishing Ltd.,Mississauga,Mississauga,ON,43.66851,-79.64810,332810,3328,"Coating, Engraving, Cold and Heat Treating and All",1,20-49,City of Mississauga,StatCan ODBus v1 (OGL)
84f23278059067421bb5,Pure Metal Galvanizing Ltd.,Mississauga,Mississauga,ON,43.70525,-79.66332,332810,3328,"Coating, Engraving, Cold and Heat Treating and All",1,20-49,City of Mississauga,StatCan ODBus v1 (OGL)
3f12d81ef09baa708354,Purified H2O Inc,Mississauga,Mississauga,ON,43.57705,-79.64560,333310,3333,Commercial and Service Industry Machinery Manufact,1,1-4,City of Mississauga,StatCan ODBus v1 (OGL)
f1b0ad87b39be2730bf3,Pylon Electronics Inc.,Mississauga,Mississauga,ON,43.64519,-79.67603,335920,3359,Communication and Energy Wire and Cable Manufactur,1,10-19,City of Mississauga,StatCan ODBus v1 (OGL)
87f944e022a06c12228a,Q S D M Inc.,Mississauga,Mississauga,ON,43.65292,-79.67278,334410,3344,Semiconductor and Other Electronic Component Manuf,1,20-49,City of Mississauga,StatCan ODBus v1 (OGL)
564146be30cf961d0425,Qone Metal Inc.,Mississauga,Mississauga,ON,43.63888,-79.64282,332999,3329,All Other Miscellaneous Fabricated Metal Product M,1,5-9,City of Mississauga,StatCan ODBus v1 (OGL)
5ea787f8c52f9b135539,Qualitex Custom Machining,Mississauga,Mississauga,ON,43.60742,-79.73595,332710,3327,Machine Shops,1,1-4,City of Mississauga,StatCan ODBus v1 (OGL)
3db6ad7ff96087ae0ae0,Quality Chrome & Nickel Plating Ltd.,Mississauga,Mississauga,ON,43.69829,-79.65652,332329,3323,Other Ornamental and Architectural Metal Product M,1,10-19,City of Mississauga,StatCan ODBus v1 (OGL)
24366b501a7ed868c325,Quality Machining and Metalworks Inc.,Mississauga,Mississauga,ON,43.63273,-79.64473,332910,3329,Metal Valve Manufacturing,1,10-19,City of Mississauga,StatCan ODBus v1 (OGL)
f425b64dca0791591a99,Quality Mould Benching and Polishing Ltd.,Mississauga,Mississauga,ON,43.67979,-79.67344,333511,3335,Industrial Mould Manufacturing,0,5-9,City of Mississauga,StatCan ODBus v1 (OGL)
ed4532ed23eeb4136df0,Quality Performance Tooling & Machining Inc.,Mississauga,Mississauga,ON,43.67944,-79.67271,332710,3327,Machine Shops,1,1-4,City of Mississauga,StatCan ODBus v1 (OGL)
d049a0d5e7fb3f7e9c35,Quality Rivets & Fasteners Ltd.,Mississauga,Mississauga,ON,43.63880,-79.62782,332510,3325,Hardware Manufacturing,0,1-4,City of Mississauga,StatCan ODBus v1 (OGL)
8a302602dc28681ddafe,Quantum Dynamics Inc.,Mississauga,Mississauga,ON,43.65918,-79.63732,331221,3312,Cold-Rolled Steel Shape Manufacturing,0,,City of Mississauga,StatCan ODBus v1 (OGL)
d62e32fbb50684149de8,Quantum Packaging Systems Inc.,Mississauga,Mississauga,ON,43.65577,-79.66067,333990,3339,All Other General-Purpose Machinery Manufacturing,1,1-4,City of Mississauga,StatCan ODBus v1 (OGL)
6d9e19a261fd034c8844,Quest Steel,Mississauga,Mississauga,ON,43.65071,-79.65688,332999,3329,All Other Miscellaneous Fabricated Metal Product M,1,10-19,City of Mississauga,StatCan ODBus v1 (OGL)
0ec3ab1ade5c77979ec0,Questron Technology Group,Mississauga,Mississauga,ON,43.64877,-79.68722,334110,3341,Computer and Peripheral Equipment Manufacturing,0,10-19,City of Mississauga,StatCan ODBus v1 (OGL)
6a91d5de104f8fbd8e3b,Quick Cable Canada Ltd,Mississauga,Mississauga,ON,43.65102,-79.67123,335910,3359,Battery Manufacturing,1,20-49,City of Mississauga,StatCan ODBus v1 (OGL)
9f269f512dc6fa5714e3,R D Turning,Mississauga,Mississauga,ON,43.66159,-79.64199,332710,3327,Machine Shops,1,1-4,City of Mississauga,StatCan ODBus v1 (OGL)
a19911fac221ef9b7064,R M C Waterjet Cutting Services Inc.,Mississauga,Mississauga,ON,43.66498,-79.66590,332329,3323,Other Ornamental and Architectural Metal Product M,1,5-9,City of Mississauga,StatCan ODBus v1 (OGL)
594913ec70f5917f8955,R M S Instruments Ltd.,Mississauga,Mississauga,ON,43.71218,-79.62710,334290,3342,Other Communications Equipment Manufacturing,0,5-9,City of Mississauga,StatCan ODBus v1 (OGL)
455fb693016bcece8264,R O M Tool & Machine Shop Ltd.,Mississauga,Mississauga,ON,43.62736,-79.63435,333519,3335,Other Metalworking Machinery Manufacturing,0,1-4,City of Mississauga,StatCan ODBus v1 (OGL)
710754f44f31fdb4c390,R W Coomber 1998 Inc.,Mississauga,Mississauga,ON,43.63545,-79.62554,331313,3313,Primary Production of Alumina and Aluminum,0,10-19,City of Mississauga,StatCan ODBus v1 (OGL)
1ab44454cb3318abbc2e,Rainbow Electronics Spot Welding Inc.,Mississauga,Mississauga,ON,43.66537,-79.64941,334110,3341,Computer and Peripheral Equipment Manufacturing,0,,City of Mississauga,StatCan ODBus v1 (OGL)
bfdd78caa26ada522625,Rakmill Tools & Machines (2202523 Ontario Inc),Mississauga,Mississauga,ON,43.63626,-79.60949,332710,3327,Machine Shops,1,1-4,City of Mississauga,StatCan ODBus v1 (OGL)
54c2fa8c3cc2f4a69095,RanMar C N C Machining Corp.,Mississauga,Mississauga,ON,43.66884,-79.68532,333990,3339,All Other General-Purpose Machinery Manufacturing,1,1-4,City of Mississauga,StatCan ODBus v1 (OGL)
c40adcf778428436e8a9,Real Alloy,Mississauga,Mississauga,ON,43.70146,-79.66777,331317,3313,"Aluminum Rolling, Drawing, Extruding and Alloying",0,50-99,City of Mississauga,StatCan ODBus v1 (OGL)
f8a09ded607149bb0c77,Reale and Born Inc.,Mississauga,Mississauga,ON,43.52701,-79.71652,332329,3323,Other Ornamental and Architectural Metal Product M,1,20-49,City of Mississauga,StatCan ODBus v1 (OGL)
bdd7165339392b42e3ee,Reptech Enterprises Ltd.,Mississauga,Mississauga,ON,43.64767,-79.65923,334410,3344,Semiconductor and Other Electronic Component Manuf,1,10-19,City of Mississauga,StatCan ODBus v1 (OGL)
3b17cb577f1f7369d8a1,Ric's Recollections,Mississauga,Mississauga,ON,,,334610,3346,Manufacturing and Reproducing Magnetic and Optical,0,1-4,City of Mississauga,StatCan ODBus v1 (OGL)
85b86f0c52f9fb34e240,Richards-Wilcox Canada Inc.,Mississauga,Mississauga,ON,43.62400,-79.63675,332321,3323,Metal Window and Door Manufacturing,1,100-499,City of Mississauga,StatCan ODBus v1 (OGL)
cfae39b9cd7da75523a5,Rico Lighting & Electrical Services,Mississauga,Mississauga,ON,43.62626,-79.67318,335120,3351,Lighting Fixture Manufacturing,0,20-49,City of Mississauga,StatCan ODBus v1 (OGL)
23f22e510130c8836cf6,Riello Burners Canada Inc.,Mississauga,Mississauga,ON,43.60682,-79.76586,333416,3334,Heating Equipment and Commercial Refrigeration Equ,0,20-49,City of Mississauga,StatCan ODBus v1 (OGL)
a97157776fb918353110,Rital,Mississauga,Mississauga,ON,43.66348,-79.66236,333990,3339,All Other General-Purpose Machinery Manufacturing,1,20-49,City of Mississauga,StatCan ODBus v1 (OGL)
1f5356840ba3c2c7dc8a,Road Equipment Service Co. Ltd.,Mississauga,Mississauga,ON,43.68392,-79.66852,333120,3331,Construction Machinery Manufacturing,0,5-9,City of Mississauga,StatCan ODBus v1 (OGL)
a2d2bfb44d43d2db014b,Roben Industrial Inc.,Mississauga,Mississauga,ON,43.52740,-79.68176,336390,3363,Other Motor Vehicle Parts Manufacturing,1,1-4,City of Mississauga,StatCan ODBus v1 (OGL)
453ae6e2001ecf8277ab,Robic Group International Inc.,Mississauga,Mississauga,ON,43.68414,-79.66827,336390,3363,Other Motor Vehicle Parts Manufacturing,1,20-49,City of Mississauga,StatCan ODBus v1 (OGL)
90e674de299b6d37a087,Rocca Steel,Mississauga,Mississauga,ON,43.65770,-79.64734,331110,3311,Iron and Steel Mills and Ferro-Alloy Manufacturing,0,5-9,City of Mississauga,StatCan ODBus v1 (OGL)
6123fa64f82f05d2279c,Rollcut Inc.,Mississauga,Mississauga,ON,43.60748,-79.73674,332210,3322,Cutlery and Hand Tool Manufacturing,0,5-9,City of Mississauga,StatCan ODBus v1 (OGL)
885815b1532c7678110b,Rolled Alloys Canada Inc.,Mississauga,Mississauga,ON,43.60671,-79.75625,331514,3315,Steel Foundries,0,5-9,City of Mississauga,StatCan ODBus v1 (OGL)
c66c9ae426e25f8c23fa,Rolling Solutions,Mississauga,Mississauga,ON,43.66280,-79.64131,332991,3329,Ball and Roller Bearing Manufacturing,1,1-4,City of Mississauga,StatCan ODBus v1 (OGL)
47fe867c8564b632ba7c,Romet Limited,Mississauga,Mississauga,ON,43.63537,-79.63957,334512,3345,"Measuring, Medical and Controlling Devices Manufac",1,100-499,City of Mississauga,StatCan ODBus v1 (OGL)
b001facc3dc6a301bfcb,Roto Fasco Canada Inc.,Mississauga,Mississauga,ON,43.66270,-79.66566,331523,3315,Non-Ferrous Die-Casting Foundries,0,20-49,City of Mississauga,StatCan ODBus v1 (OGL)
99e3c20fe952ca9614bc,Russel Metals Inc.,Mississauga,Mississauga,ON,43.61259,-79.73821,332619,3326,Other Fabricated Wire Product Manufacturing,0,100-499,City of Mississauga,StatCan ODBus v1 (OGL)
caf6e09188eca40c9ae4,S A I Fluid Power Ltd.,Mississauga,Mississauga,ON,43.66667,-79.66740,333910,3339,Pump and Compressor Manufacturing,1,1-4,City of Mississauga,StatCan ODBus v1 (OGL)
8208d2bad22eb30d5879,S B Tool & Machine Co.,Mississauga,Mississauga,ON,43.53881,-79.71207,332710,3327,Machine Shops,1,1-4,City of Mississauga,StatCan ODBus v1 (OGL)
2f92a717750f531c42cd,S F Industries,Mississauga,Mississauga,ON,43.61476,-79.57177,332710,3327,Machine Shops,1,5-9,City of Mississauga,StatCan ODBus v1 (OGL)
15faf4b27ee8deadf103,S G N Machine Tools Inc,Mississauga,Mississauga,ON,43.66022,-79.65247,333519,3335,Other Metalworking Machinery Manufacturing,0,1-4,City of Mississauga,StatCan ODBus v1 (OGL)
ddcb1218c42b1fa6f55a,S M L Stainless Steel Group,Mississauga,Mississauga,ON,43.51540,-79.69678,332999,3329,All Other Miscellaneous Fabricated Metal Product M,1,1-4,City of Mississauga,StatCan ODBus v1 (OGL)
f484c284870034e8c7b0,S O S Customer Services Inc.,Mississauga,Mississauga,ON,43.66954,-79.68578,333120,3331,Construction Machinery Manufacturing,0,10-19,City of Mississauga,StatCan ODBus v1 (OGL)
95927ffce7b2735f5c36,S P P Canada Aircraft Inc.,Mississauga,Mississauga,ON,43.61230,-79.75720,332999,3329,All Other Miscellaneous Fabricated Metal Product M,1,50-99,City of Mississauga,StatCan ODBus v1 (OGL)
8581796b5e17e7bcee16,S T A R Plastics Inc.,Mississauga,Mississauga,ON,43.68857,-79.67015,333511,3335,Industrial Mould Manufacturing,0,100-499,City of Mississauga,StatCan ODBus v1 (OGL)
43b923e409d6a48c6548,S T Microelectronics Canada Inc.,Mississauga,Mississauga,ON,43.58546,-79.64385,334410,3344,Semiconductor and Other Electronic Component Manuf,1,5-9,City of Mississauga,StatCan ODBus v1 (OGL)
75c118fcc2346384f8f2,S-3 Industries Ltd.,Mississauga,Mississauga,ON,43.52655,-79.71529,332710,3327,Machine Shops,1,5-9,City of Mississauga,StatCan ODBus v1 (OGL)
0de3f6080979d9fe51f6,Salice,Mississauga,Mississauga,ON,43.52440,-79.70914,332510,3325,Hardware Manufacturing,0,5-9,City of Mississauga,StatCan ODBus v1 (OGL)
4d97d319f53504a92760,Salvagnini Canada Ulc,Mississauga,Mississauga,ON,43.53123,-79.71738,333519,3335,Other Metalworking Machinery Manufacturing,0,5-9,City of Mississauga,StatCan ODBus v1 (OGL)
416c91edc061973a47f7,Sapa Canada Inc.,Mississauga,Mississauga,ON,43.63046,-79.65833,331317,3313,"Aluminum Rolling, Drawing, Extruding and Alloying",0,100-499,City of Mississauga,StatCan ODBus v1 (OGL)
230fbae5b051211c0d4d,Sarong North America,Mississauga,Mississauga,ON,43.59288,-79.59549,333248,3332,All other industrial machinery manufacturing,1,5-9,City of Mississauga,StatCan ODBus v1 (OGL)
537f293973a14d2a8c9a,Schneider Electric Cda Inc.,Mississauga,Mississauga,ON,43.61714,-79.68897,335315,3353,"Switchgear and Switchboard, and Relay and Industri",1,100-499,City of Mississauga,StatCan ODBus v1 (OGL)
c3b6c1152e7c7692c6c9,Schunk Intec Corp.,Mississauga,Mississauga,ON,43.63238,-79.66812,336390,3363,Other Motor Vehicle Parts Manufacturing,1,5-9,City of Mississauga,StatCan ODBus v1 (OGL)
c295768a1352b28c54e5,Schwank Ltd.,Mississauga,Mississauga,ON,43.63806,-79.63218,333413,3334,Industrial and Commercial Fan and Blower and Air P,0,20-49,City of Mississauga,StatCan ODBus v1 (OGL)
98b00cd3e637a89ec7ca,Scientific Systems Design Inc.,Mississauga,Mississauga,ON,43.66667,-79.66740,333990,3339,All Other General-Purpose Machinery Manufacturing,1,1-4,City of Mississauga,StatCan ODBus v1 (OGL)
5804efd458bd3e334094,Seats Canada Inc.,Mississauga,Mississauga,ON,43.66810,-79.64859,336990,3369,Other Transportation Equipment Manufacturing,1,10-19,City of Mississauga,StatCan ODBus v1 (OGL)
edcf609feeba4bb17b1b,Segmental Saw Sales Inc.,Mississauga,Mississauga,ON,43.64348,-79.62270,332210,3322,Cutlery and Hand Tool Manufacturing,0,1-4,City of Mississauga,StatCan ODBus v1 (OGL)
4c9fe2e4efdb82fde443,Sensors & Software Inc.,Mississauga,Mississauga,ON,43.63250,-79.63769,334512,3345,"Measuring, Medical and Controlling Devices Manufac",1,50-99,City of Mississauga,StatCan ODBus v1 (OGL)
a1e6deff297b4e8d84b1,Service Door Industries Ltd.,Mississauga,Mississauga,ON,43.66619,-79.66658,331110,3311,Iron and Steel Mills and Ferro-Alloy Manufacturing,0,,City of Mississauga,StatCan ODBus v1 (OGL)
3421617835c55c713aac,Service Filtration of Canada Ltd.,Mississauga,Mississauga,ON,43.52922,-79.71831,333990,3339,All Other General-Purpose Machinery Manufacturing,1,5-9,City of Mississauga,StatCan ODBus v1 (OGL)
601eb9f9cb651a13d045,Sheldons Engineering Ltd.,Mississauga,Mississauga,ON,43.66146,-79.66615,333248,3332,All other industrial machinery manufacturing,1,20-49,City of Mississauga,StatCan ODBus v1 (OGL)
0b825bf16ae8c82d7271,Sheridan Metal Products Ltd.,Mississauga,Mississauga,ON,43.61564,-79.56966,332999,3329,All Other Miscellaneous Fabricated Metal Product M,1,5-9,City of Mississauga,StatCan ODBus v1 (OGL)
7fe557e429da630a2593,Sherwood Digital Copy & Print Inc.,Mississauga,Mississauga,ON,43.60157,-79.64115,332999,3329,All Other Miscellaneous Fabricated Metal Product M,1,1-4,City of Mississauga,StatCan ODBus v1 (OGL)
650aef242afe7b45f9b9,Sigma Corporation,Mississauga,Mississauga,ON,43.70209,-79.62362,332710,3327,Machine Shops,1,50-99,City of Mississauga,StatCan ODBus v1 (OGL)
80bc8f10366753f1ab15,Signalex Inc.,Mississauga,Mississauga,ON,43.62616,-79.66251,332439,3324,Other Metal Container Manufacturing,0,10-19,City of Mississauga,StatCan ODBus v1 (OGL)
05f110d9c9e8487cb964,Silfab Ontario Inc.,Mississauga,Mississauga,ON,43.64111,-79.68859,332999,3329,All Other Miscellaneous Fabricated Metal Product M,1,100-499,City of Mississauga,StatCan ODBus v1 (OGL)
401d356cda055cb347bd,Silver Star Metal Fabricating Inc.,Mississauga,Mississauga,ON,43.68414,-79.67096,332999,3329,All Other Miscellaneous Fabricated Metal Product M,1,10-19,City of Mississauga,StatCan ODBus v1 (OGL)
e2f8a916182ebf220f03,Simba Coatings Ltd.,Mississauga,Mississauga,ON,43.65920,-79.64190,332810,3328,"Coating, Engraving, Cold and Heat Treating and All",1,1-4,City of Mississauga,StatCan ODBus v1 (OGL)
bfe592e9ecc51b3b5dda,Simple Folds Inc.,Mississauga,Mississauga,ON,43.66022,-79.65247,332999,3329,All Other Miscellaneous Fabricated Metal Product M,1,1-4,City of Mississauga,StatCan ODBus v1 (OGL)
97590716c44f081a874c,Skara Metal Foundry Ltd.,Mississauga,Mississauga,ON,43.63498,-79.64742,331529,3315,Non-Ferrous Foundries (except Die-Casting),0,10-19,City of Mississauga,StatCan ODBus v1 (OGL)
f6619912a666c752dfc4,Skyhawk Group Ltd.,Mississauga,Mississauga,ON,43.67342,-79.68206,331110,3311,Iron and Steel Mills and Ferro-Alloy Manufacturing,0,10-19,City of Mississauga,StatCan ODBus v1 (OGL)
c87bb42e6807db76a71b,Skyline Metal Fabrications Inc,Mississauga,Mississauga,ON,43.62840,-79.62488,332999,3329,All Other Miscellaneous Fabricated Metal Product M,1,1-4,City of Mississauga,StatCan ODBus v1 (OGL)
95d9cc7ee8818faa0a12,Slew Master,Mississauga,Mississauga,ON,43.53012,-79.68105,336320,3363,Motor Vehicle Electrical and Electronic Equipment,1,5-9,City of Mississauga,StatCan ODBus v1 (OGL)
b912894cc8003d4a0d9d,Smith Metal Works Ltd.,Mississauga,Mississauga,ON,43.66637,-79.64383,332710,3327,Machine Shops,1,1-4,City of Mississauga,StatCan ODBus v1 (OGL)
ca09d6360d8d3575f784,Snap-on Tools of Canada Ltd.,Mississauga,Mississauga,ON,43.59072,-79.74467,332910,3329,Metal Valve Manufacturing,1,20-49,City of Mississauga,StatCan ODBus v1 (OGL)
8280e537f892c66c7d3b,SNC Lavalin Nuclear Inc.,Mississauga,Mississauga,ON,43.52334,-79.65938,332410,3324,Power Boiler and Heat Exchanger Manufacturing,0,,City of Mississauga,StatCan ODBus v1 (OGL)
d92ed1ef60fe7a61da65,SNC Lavalin Nuclear/Candu Energy Inc.,Mississauga,Mississauga,ON,43.52157,-79.65943,332410,3324,Power Boiler and Heat Exchanger Manufacturing,0,500+,City of Mississauga,StatCan ODBus v1 (OGL)
2787fb4d1284d4621fbd,Sokkia Corp.,Mississauga,Mississauga,ON,43.63276,-79.63735,334512,3345,"Measuring, Medical and Controlling Devices Manufac",1,10-19,City of Mississauga,StatCan ODBus v1 (OGL)
9037c8c466ac1d279252,Solera Corp.,Mississauga,Mississauga,ON,43.64236,-79.62397,335120,3351,Lighting Fixture Manufacturing,0,20-49,City of Mississauga,StatCan ODBus v1 (OGL)
96bf030dbf46b8db6cd8,Solutions Custom Fabricating Inc.,Mississauga,Mississauga,ON,43.65102,-79.65853,332999,3329,All Other Miscellaneous Fabricated Metal Product M,1,10-19,City of Mississauga,StatCan ODBus v1 (OGL)
684e6dfc164a4d9f4b5c,Somfy Canada,Mississauga,Mississauga,ON,43.62819,-79.63815,335315,3353,"Switchgear and Switchboard, and Relay and Industri",1,10-19,City of Mississauga,StatCan ODBus v1 (OGL)
456990140f86837395d1,Soren Holm Incorporated,Mississauga,Mississauga,ON,43.65920,-79.64190,331221,3312,Cold-Rolled Steel Shape Manufacturing,0,10-19,City of Mississauga,StatCan ODBus v1 (OGL)
2e2f3d7d71277f79f274,Southern Graphic Systems (Canada) Ltd.,Mississauga,Mississauga,ON,43.71097,-79.66338,333248,3332,All other industrial machinery manufacturing,1,20-49,City of Mississauga,StatCan ODBus v1 (OGL)
64daa3cc66fd2c1b46d5,Southwire Canada Co.,Mississauga,Mississauga,ON,43.61572,-79.67432,335920,3359,Communication and Energy Wire and Cable Manufactur,1,20-49,City of Mississauga,StatCan ODBus v1 (OGL)
af694d41f56b4e0410af,Space Hydraulics & Machining Co. Ltd.,Mississauga,Mississauga,ON,43.66037,-79.68352,333990,3339,All Other General-Purpose Machinery Manufacturing,1,10-19,City of Mississauga,StatCan ODBus v1 (OGL)
6f63aa6272af76b82968,Specialty Gaskets Inc,Mississauga,Mississauga,ON,43.64771,-79.69329,331490,3314,Non-Ferrous Metal (except Copper and Aluminum) Rol,0,1-4,City of Mississauga,StatCan ODBus v1 (OGL)
d5c500c87a4518fa2c27,Specialty Tools & Moulds Inc.,Mississauga,Mississauga,ON,43.62944,-79.61820,332710,3327,Machine Shops,1,10-19,City of Mississauga,StatCan ODBus v1 (OGL)
9426df8bb6698d67ab7d,Spiral Master Corp,Mississauga,Mississauga,ON,43.64570,-79.68782,332999,3329,All Other Miscellaneous Fabricated Metal Product M,1,1-4,City of Mississauga,StatCan ODBus v1 (OGL)
bd59488b039f4afb88ad,Spraying Systems Co.Canada Ltd.,Mississauga,Mississauga,ON,43.63787,-79.61116,332619,3326,Other Fabricated Wire Product Manufacturing,0,5-9,City of Mississauga,StatCan ODBus v1 (OGL)
e862700ee964310cdda2,Springs & Things Inc.,Mississauga,Mississauga,ON,43.65770,-79.64734,332619,3326,Other Fabricated Wire Product Manufacturing,0,5-9,City of Mississauga,StatCan ODBus v1 (OGL)
1fab3f1f8cee10f986d2,SSB Hose Ltd.,Mississauga,Mississauga,ON,43.63556,-79.62922,331210,3312,Iron and Steel Pipes and Tubes Manufacturing from,0,5-9,City of Mississauga,StatCan ODBus v1 (OGL)
76466be356fd4db2dce9,Stackpole International,Mississauga,Mississauga,ON,43.50286,-79.63727,336350,3363,Motor Vehicle Transmission and Power Train Parts M,1,500+,City of Mississauga,StatCan ODBus v1 (OGL)
870ab2bb379c0ed73f51,Stackpole International,Mississauga,Mississauga,ON,43.49702,-79.64176,336350,3363,Motor Vehicle Transmission and Power Train Parts M,1,,City of Mississauga,StatCan ODBus v1 (OGL)
1a59c62486f6ee428bc3,Stainless Process Equipment Inc.,Mississauga,Mississauga,ON,43.67383,-79.67994,332410,3324,Power Boiler and Heat Exchanger Manufacturing,0,20-49,City of Mississauga,StatCan ODBus v1 (OGL)
55e924b7bf419bdee120,Stanfab Custom Metal Fabrication,Mississauga,Mississauga,ON,43.66048,-79.65288,332710,3327,Machine Shops,1,5-9,City of Mississauga,StatCan ODBus v1 (OGL)
817d24028ff1aab55144,Stanley Black & Decker,Mississauga,Mississauga,ON,43.58953,-79.73440,333990,3339,All Other General-Purpose Machinery Manufacturing,1,100-499,City of Mississauga,StatCan ODBus v1 (OGL)
49b89cd4ee991ad8f6cd,Star Mill Manufacturing Ltd.,Mississauga,Mississauga,ON,43.65103,-79.60992,332710,3327,Machine Shops,1,10-19,City of Mississauga,StatCan ODBus v1 (OGL)
b96315dbe0d04cfe8bf3,Ste-alco Ltd.,Mississauga,Mississauga,ON,43.58874,-79.59517,332329,3323,Other Ornamental and Architectural Metal Product M,1,5-9,City of Mississauga,StatCan ODBus v1 (OGL)
705a0769155a361d51e3,Steck Connections Inc.,Mississauga,Mississauga,ON,43.52720,-79.71483,335920,3359,Communication and Energy Wire and Cable Manufactur,1,1-4,City of Mississauga,StatCan ODBus v1 (OGL)
89a2ec17803199499d63,Steel Centres Machinery & Service Ltd.,Mississauga,Mississauga,ON,43.69734,-79.65315,332710,3327,Machine Shops,1,1-4,City of Mississauga,StatCan ODBus v1 (OGL)
f455a90712098db203f6,Steel Fire Equipment Limited,Mississauga,Mississauga,ON,43.64358,-79.69595,332910,3329,Metal Valve Manufacturing,1,20-49,City of Mississauga,StatCan ODBus v1 (OGL)
addf71f4647f1c87f23a,Steelmaster Industries Inc.,Mississauga,Mississauga,ON,43.62204,-79.57560,333120,3331,Construction Machinery Manufacturing,0,1-4,City of Mississauga,StatCan ODBus v1 (OGL)
2954e337729e46eb9d11,StenTech,Mississauga,Mississauga,ON,43.64379,-79.63013,334110,3341,Computer and Peripheral Equipment Manufacturing,0,10-19,City of Mississauga,StatCan ODBus v1 (OGL)
6439c758bc1e3f42aa41,STOROpack Inc.,Mississauga,Mississauga,ON,43.52354,-79.70969,333990,3339,All Other General-Purpose Machinery Manufacturing,1,5-9,City of Mississauga,StatCan ODBus v1 (OGL)
fae23eb48fd1fa0c1c9f,Stratejm,Mississauga,Mississauga,ON,43.65566,-79.61241,334110,3341,Computer and Peripheral Equipment Manufacturing,0,10-19,City of Mississauga,StatCan ODBus v1 (OGL)
c1713e3bbbce0ad178af,Strath Elgin Inc.,Mississauga,Mississauga,ON,43.65103,-79.60992,334110,3341,Computer and Peripheral Equipment Manufacturing,0,1-4,City of Mississauga,StatCan ODBus v1 (OGL)
4d554917cfc48871b838,Straub Tadco Inc.,Mississauga,Mississauga,ON,43.64073,-79.63868,332910,3329,Metal Valve Manufacturing,1,5-9,City of Mississauga,StatCan ODBus v1 (OGL)
86a2f3501c3bc88998c3,Striko CNC Precision Machining Ltd.,Mississauga,Mississauga,ON,43.66781,-79.66862,332710,3327,Machine Shops,1,1-4,City of Mississauga,StatCan ODBus v1 (OGL)
b94176ef14dc01fd8b0b,Styro Patterns Inc.,Mississauga,Mississauga,ON,43.66745,-79.66806,332113,3321,Forging,1,1-4,City of Mississauga,StatCan ODBus v1 (OGL)
f9251ecef6779ae6743c,Sulzer Pumps (Canada) Inc.,Mississauga,Mississauga,ON,43.65947,-79.65592,333910,3339,Pump and Compressor Manufacturing,1,10-19,City of Mississauga,StatCan ODBus v1 (OGL)
f8aed750915d70880d80,Sunrise Renovation Inc,Mississauga,Mississauga,ON,43.64410,-79.62463,335229,3352,Other Major Appliance Manufacturing,0,5-9,City of Mississauga,StatCan ODBus v1 (OGL)
6bf486a81fa64501a745,Super Power Inc.,Mississauga,Mississauga,ON,43.51193,-79.64884,331490,3314,Non-Ferrous Metal (except Copper and Aluminum) Rol,0,1-4,City of Mississauga,StatCan ODBus v1 (OGL)
1220a1cec2200d3bdc8c,Superior Metal Fabricator Inc.,Mississauga,Mississauga,ON,43.64867,-79.62024,332999,3329,All Other Miscellaneous Fabricated Metal Product M,1,1-4,City of Mississauga,StatCan ODBus v1 (OGL)
6faf0d6ee5fe2ee6a39b,Supreme Saw & Services Ltd.,Mississauga,Mississauga,ON,43.62896,-79.63921,334410,3344,Semiconductor and Other Electronic Component Manuf,1,1-4,City of Mississauga,StatCan ODBus v1 (OGL)
4f20f8651d59e7c9acda,Surface Spectrum Inc.,Mississauga,Mississauga,ON,43.52701,-79.71652,334410,3344,Semiconductor and Other Electronic Component Manuf,1,1-4,City of Mississauga,StatCan ODBus v1 (OGL)
f45a618fa985c8e1bbc2,Sycor,Mississauga,Mississauga,ON,43.59675,-79.74638,333248,3332,All other industrial machinery manufacturing,1,10-19,City of Mississauga,StatCan ODBus v1 (OGL)
31a870807948da8de9e6,Systems with Intelligence,Mississauga,Mississauga,ON,43.71455,-79.62527,334310,3343,Audio and Video Equipment Manufacturing,0,10-19,City of Mississauga,StatCan ODBus v1 (OGL)
160cd030b4be2d1f6aec,T B S Canada Inc.,Mississauga,Mississauga,ON,43.64931,-79.70653,335312,3353,Motor and Generator Manufacturing,1,10-19,City of Mississauga,StatCan ODBus v1 (OGL)
947345655459398167f6,T D G Transit Design Group Inc.,Mississauga,Mississauga,ON,,,335120,3351,Lighting Fixture Manufacturing,0,100-499,City of Mississauga,StatCan ODBus v1 (OGL)
7049d70a6ce47e1a07ca,T D M Industrial Corp.,Mississauga,Mississauga,ON,43.66364,-79.64241,333519,3335,Other Metalworking Machinery Manufacturing,0,1-4,City of Mississauga,StatCan ODBus v1 (OGL)
b2b5028a98f0c8834053,T H K Canada,Mississauga,Mississauga,ON,43.51949,-79.70425,332991,3329,Ball and Roller Bearing Manufacturing,1,10-19,City of Mississauga,StatCan ODBus v1 (OGL)
3a4df828c31352c4fae7,T I S Technologies Inc.,Mississauga,Mississauga,ON,43.62879,-79.66888,333248,3332,All other industrial machinery manufacturing,1,1-4,City of Mississauga,StatCan ODBus v1 (OGL)
d3d424edb64bb23df12a,T L Tooling Ltd.,Mississauga,Mississauga,ON,43.67979,-79.67344,332210,3322,Cutlery and Hand Tool Manufacturing,0,1-4,City of Mississauga,StatCan ODBus v1 (OGL)
d22916b0c9742b510ed4,Taff-Guard Filtration,Mississauga,Mississauga,ON,43.66537,-79.64941,333413,3334,Industrial and Commercial Fan and Blower and Air P,0,10-19,City of Mississauga,StatCan ODBus v1 (OGL)
9d600b7eb5857d0a680e,Technilite Inc.,Mississauga,Mississauga,ON,43.63815,-79.63845,335120,3351,Lighting Fixture Manufacturing,0,1-4,City of Mississauga,StatCan ODBus v1 (OGL)
cf3a927649476da47ada,Technisonic Industries Ltd.,Mississauga,Mississauga,ON,43.62761,-79.66845,336410,3364,Aerospace Product and Parts Manufacturing,1,50-99,City of Mississauga,StatCan ODBus v1 (OGL)
79e1186ccc2917f4221e,Technistrut International,Mississauga,Mississauga,ON,43.62944,-79.61820,332999,3329,All Other Miscellaneous Fabricated Metal Product M,1,1-4,City of Mississauga,StatCan ODBus v1 (OGL)
c63739b44a79ef7fe02e,Techno-Metal Mfg Inc.,Mississauga,Mississauga,ON,43.64268,-79.62611,331110,3311,Iron and Steel Mills and Ferro-Alloy Manufacturing,0,1-4,City of Mississauga,StatCan ODBus v1 (OGL)
78ffadf5e7067526d948,Techpro Industries Inc.,Mississauga,Mississauga,ON,43.65160,-79.66256,332710,3327,Machine Shops,1,10-19,City of Mississauga,StatCan ODBus v1 (OGL)
573fe0e754d11c4ba5b0,TecSaw International Ltd.,Mississauga,Mississauga,ON,43.64704,-79.65412,333519,3335,Other Metalworking Machinery Manufacturing,0,20-49,City of Mississauga,StatCan ODBus v1 (OGL)
d93b332e1364fb2a83bf,Tectran Company,Mississauga,Mississauga,ON,43.69526,-79.65904,335920,3359,Communication and Energy Wire and Cable Manufactur,1,20-49,City of Mississauga,StatCan ODBus v1 (OGL)
e08da00e72796c14ac6e,Templeton & Sons Metal Products Ltd.,Mississauga,Mississauga,ON,43.64375,-79.69032,332329,3323,Other Ornamental and Architectural Metal Product M,1,20-49,City of Mississauga,StatCan ODBus v1 (OGL)
c9d0f4c3c4db2b108ac0,Tempotech Ltd.,Mississauga,Mississauga,ON,43.62736,-79.63435,332710,3327,Machine Shops,1,10-19,City of Mississauga,StatCan ODBus v1 (OGL)
fca97a0588cb09948a5b,Temspec Inc.,Mississauga,Mississauga,ON,43.59290,-79.74507,335311,3353,"Power, Distribution and Specialty Transformers Man",1,50-99,City of Mississauga,StatCan ODBus v1 (OGL)
5777df674e9be090d37f,Ten Plus Architectural Products Ltd.,Mississauga,Mississauga,ON,43.59446,-79.74542,332999,3329,All Other Miscellaneous Fabricated Metal Product M,1,20-49,City of Mississauga,StatCan ODBus v1 (OGL)
70d0623e84d9dbc39290,Thaler Metal Industries Ltd.,Mississauga,Mississauga,ON,43.71539,-79.62009,332329,3323,Other Ornamental and Architectural Metal Product M,1,20-49,City of Mississauga,StatCan ODBus v1 (OGL)
368b88a8734ec94cf4fc,The Fix Cupholder,Mississauga,Mississauga,ON,43.56709,-79.63992,332999,3329,All Other Miscellaneous Fabricated Metal Product M,1,1-4,City of Mississauga,StatCan ODBus v1 (OGL)
c53f77fdc2c800661231,Thermo Electric Canada Ltd,Mississauga,Mississauga,ON,43.63888,-79.61300,334512,3345,"Measuring, Medical and Controlling Devices Manufac",1,5-9,City of Mississauga,StatCan ODBus v1 (OGL)
f786bb0789d860d0cd6d,Thermo-Bond Flame Induction Hardening Inc.,Mississauga,Mississauga,ON,43.63212,-79.63822,332810,3328,"Coating, Engraving, Cold and Heat Treating and All",1,5-9,City of Mississauga,StatCan ODBus v1 (OGL)
309c05c5147e09f3f723,Thermo-Kinetics Co. Ltd.,Mississauga,Mississauga,ON,43.66212,-79.67587,334512,3345,"Measuring, Medical and Controlling Devices Manufac",1,20-49,City of Mississauga,StatCan ODBus v1 (OGL)
78438126c7df34d6ee58,Thermould Inc.,Mississauga,Mississauga,ON,43.69957,-79.66061,333511,3335,Industrial Mould Manufacturing,0,1-4,City of Mississauga,StatCan ODBus v1 (OGL)
a7e40ec518bccb89add0,Thompson Sheet Metal Ltd.,Mississauga,Mississauga,ON,43.53123,-79.71738,332329,3323,Other Ornamental and Architectural Metal Product M,1,1-4,City of Mississauga,StatCan ODBus v1 (OGL)
aac6658891681d3af872,Thor Global Enterprises Ltd.,Mississauga,Mississauga,ON,43.65156,-79.65556,333120,3331,Construction Machinery Manufacturing,0,20-49,City of Mississauga,StatCan ODBus v1 (OGL)
9355b34c7754620810c6,Titus Steel Co. Ltd.,Mississauga,Mississauga,ON,43.66294,-79.67732,331110,3311,Iron and Steel Mills and Ferro-Alloy Manufacturing,0,10-19,City of Mississauga,StatCan ODBus v1 (OGL)
97a5017dbbba5dee7d5a,Tonolli Canada Limited,Mississauga,Mississauga,ON,43.60394,-79.57946,331490,3314,Non-Ferrous Metal (except Copper and Aluminum) Rol,0,50-99,City of Mississauga,StatCan ODBus v1 (OGL)
fc9bd7bab34c6dc24fec,Top Grade Molds Ltd. (TGM),Mississauga,Mississauga,ON,43.62997,-79.64085,333511,3335,Industrial Mould Manufacturing,0,,City of Mississauga,StatCan ODBus v1 (OGL)
04e90c2efe58c6697d61,Top Grade Molds Ltd. (TGM),Mississauga,Mississauga,ON,43.63012,-79.64053,333511,3335,Industrial Mould Manufacturing,0,100-499,City of Mississauga,StatCan ODBus v1 (OGL)
c7fc0580b549179e00f1,Toro Hydraulic & Machinery Inc.,Mississauga,Mississauga,ON,43.65983,-79.65188,333248,3332,All other industrial machinery manufacturing,1,1-4,City of Mississauga,StatCan ODBus v1 (OGL)
d0a5e078afb1c35d751b,Toronto Industrial Vacuum,Mississauga,Mississauga,ON,43.64282,-79.62348,333248,3332,All other industrial machinery manufacturing,1,1-4,City of Mississauga,StatCan ODBus v1 (OGL)
f20ff7dc84483027459c,Toronto MicroElectronics Inc.,Mississauga,Mississauga,ON,43.64190,-79.67159,334310,3343,Audio and Video Equipment Manufacturing,0,20-49,City of Mississauga,StatCan ODBus v1 (OGL)
f04faaca607c6180a267,Transduction Inc.,Mississauga,Mississauga,ON,43.65103,-79.60992,334110,3341,Computer and Peripheral Equipment Manufacturing,0,10-19,City of Mississauga,StatCan ODBus v1 (OGL)
3b0d10db400a1cbdebb5,Transglobal Systems of Canada Inc.,Mississauga,Mississauga,ON,43.60311,-79.73296,334290,3342,Other Communications Equipment Manufacturing,0,5-9,City of Mississauga,StatCan ODBus v1 (OGL)
114440c2a6c6211cccf7,Treblex Ltd.,Mississauga,Mississauga,ON,43.59044,-79.59280,332319,3323,Other Plate Work and Fabricated Structural Product,1,10-19,City of Mississauga,StatCan ODBus v1 (OGL)
24cf51af0366b62e141f,Trelster Ltd.,Mississauga,Mississauga,ON,43.60742,-79.73595,332710,3327,Machine Shops,1,1-4,City of Mississauga,StatCan ODBus v1 (OGL)
d98227311b97e1df1631,Tresman Steel Industries Ltd.,Mississauga,Mississauga,ON,43.65366,-79.70458,332319,3323,Other Plate Work and Fabricated Structural Product,1,20-49,City of Mississauga,StatCan ODBus v1 (OGL)
6e315275b7ddbd39c78c,Tri-Lite TV Inc,Mississauga,Mississauga,ON,43.52620,-79.71772,334220,3342,Radio and Television Broadcasting and Wireless Com,0,5-9,City of Mississauga,StatCan ODBus v1 (OGL)
4759119ec431e3d27b72,Tri-Star Plastics,Mississauga,Mississauga,ON,43.68857,-79.67015,336390,3363,Other Motor Vehicle Parts Manufacturing,1,100-499,City of Mississauga,StatCan ODBus v1 (OGL)
28f6a14a5c6bc8ac17ab,Trident Stainless Manufacturing Ltd.,Mississauga,Mississauga,ON,43.63233,-79.62231,331210,3312,Iron and Steel Pipes and Tubes Manufacturing from,0,10-19,City of Mississauga,StatCan ODBus v1 (OGL)
aadae5edfb771b479e1c,Trinity Aerospace,Mississauga,Mississauga,ON,43.69028,-79.65847,336410,3364,Aerospace Product and Parts Manufacturing.,1,50-99,City of Mississauga,StatCan ODBus v1 (OGL)
46a6444f7eac8adf4e0b,Tru-Tech Precision Inc.,Mississauga,Mississauga,ON,43.63825,-79.63079,332720,3327,"Turned Product and Screw, Nut and Bolt Manufacturi",1,1-4,City of Mississauga,StatCan ODBus v1 (OGL)
044313115ad6206b146f,Trumpf Canada Inc.,Mississauga,Mississauga,ON,43.52354,-79.70969,333519,3335,Other Metalworking Machinery Manufacturing,0,10-19,City of Mississauga,StatCan ODBus v1 (OGL)
d15b77d986731ce85d51,Truvaform Technologies,Mississauga,Mississauga,ON,43.68669,-79.66839,332710,3327,Machine Shops,1,1-4,City of Mississauga,StatCan ODBus v1 (OGL)
fc4749596816a76ccaa7,Tsubaki of Canada Limited,Mississauga,Mississauga,ON,43.68270,-79.67706,333619,3336,Other Engine and Power Transmission Equipment Manu,1,100-499,City of Mississauga,StatCan ODBus v1 (OGL)
b0704523d4467f8a2ec5,Turn-O-Matic,Mississauga,Mississauga,ON,43.71412,-79.62304,333990,3339,All Other General-Purpose Machinery Manufacturing,1,10-19,City of Mississauga,StatCan ODBus v1 (OGL)
c418e513e6a3f7f843ca,Turning Solutions Inc.,Mississauga,Mississauga,ON,43.67944,-79.67271,332329,3323,Other Ornamental and Architectural Metal Product M,1,1-4,City of Mississauga,StatCan ODBus v1 (OGL)
ed5a58807497fa953d7a,Txt Machining Inc.,Mississauga,Mississauga,ON,43.62429,-79.57507,332710,3327,Machine Shops,1,1-4,City of Mississauga,StatCan ODBus v1 (OGL)
c6c4d4db0600623a7e14,U R G Graphics Inc.,Mississauga,Mississauga,ON,43.68530,-79.66803,332329,3323,Other Ornamental and Architectural Metal Product M,1,10-19,City of Mississauga,StatCan ODBus v1 (OGL)
e20adb16d371e617fce9,U T E X Scientific Instruments Inc.,Mississauga,Mississauga,ON,43.53427,-79.67713,334512,3345,"Measuring, Medical and Controlling Devices Manufac",1,20-49,City of Mississauga,StatCan ODBus v1 (OGL)
b9db70169decea1d97b5,Ultrafit Manufacturing,Mississauga,Mississauga,ON,43.66990,-79.64925,336390,3363,Other Motor Vehicle Parts Manufacturing,1,100-499,City of Mississauga,StatCan ODBus v1 (OGL)
1bfb4f2323ce3e86fd53,Unipol Design & Machinery Inc.,Mississauga,Mississauga,ON,43.63880,-79.62782,332720,3327,"Turned Product and Screw, Nut and Bolt Manufacturi",1,1-4,City of Mississauga,StatCan ODBus v1 (OGL)
5efb2b3e73d8eb2b13a0,Unique Electronics Inc.,Mississauga,Mississauga,ON,43.63093,-79.66597,335229,3352,Other Major Appliance Manufacturing,0,20-49,City of Mississauga,StatCan ODBus v1 (OGL)
5069eadc57ddb700a8a0,Unique Sand Casting LTD,Mississauga,Mississauga,ON,43.69763,-79.66484,332999,3329,All Other Miscellaneous Fabricated Metal Product M,1,1-4,City of Mississauga,StatCan ODBus v1 (OGL)
e1ee91fa76977d011095,Unique Welding & Fabricating Ltd.,Mississauga,Mississauga,ON,43.65739,-79.64794,333990,3339,All Other General-Purpose Machinery Manufacturing,1,10-19,City of Mississauga,StatCan ODBus v1 (OGL)
a51862908c9750d58256,Unirope Ltd.,Mississauga,Mississauga,ON,43.62322,-79.57244,332210,3322,Cutlery and Hand Tool Manufacturing,0,50-99,City of Mississauga,StatCan ODBus v1 (OGL)
43e73393cca2158f8ebb,United Hose Ltd.,Mississauga,Mississauga,ON,43.66523,-79.66473,336990,3369,Other Transportation Equipment Manufacturing,1,1-4,City of Mississauga,StatCan ODBus v1 (OGL)
b99faa790e4ea52856cd,United Steam,Mississauga,Mississauga,ON,43.62800,-79.63787,332999,3329,All Other Miscellaneous Fabricated Metal Product M,1,10-19,City of Mississauga,StatCan ODBus v1 (OGL)
afd105ba9299d0e7650a,United Technologies Pratt & Whitney Canada Inc.,Mississauga,Mississauga,ON,43.67073,-79.65077,336410,3364,Aerospace Product and Parts Manufacturing,1,,City of Mississauga,StatCan ODBus v1 (OGL)
ea7b32babe734a3a4106,Valmar Machinery Inc.,Mississauga,Mississauga,ON,43.64564,-79.62030,332710,3327,Machine Shops,1,5-9,City of Mississauga,StatCan ODBus v1 (OGL)
79930ea41f80bf254c30,Vanguard Steel Ltd.,Mississauga,Mississauga,ON,43.60806,-79.76699,332619,3326,Other Fabricated Wire Product Manufacturing,0,50-99,City of Mississauga,StatCan ODBus v1 (OGL)
e61cd38fa6e8b27dac36,Vanguard Steel Ltd.,Mississauga,Mississauga,ON,43.60768,-79.76786,332619,3326,Other Fabricated Wire Product Manufacturing,0,,City of Mississauga,StatCan ODBus v1 (OGL)
0c3c09f0365e3897530a,Vantage Machine Shop Ltd.,Mississauga,Mississauga,ON,43.65651,-79.65409,332710,3327,Machine Shops,1,10-19,City of Mississauga,StatCan ODBus v1 (OGL)
cc0e4159cac57fa2b80d,Vee Tech Machining & Fabrication Inc.,Mississauga,Mississauga,ON,43.65099,-79.69414,332710,3327,Machine Shops,1,1-4,City of Mississauga,StatCan ODBus v1 (OGL)
593ffef09aa264d95013,Venetian Iron Art,Mississauga,Mississauga,ON,43.64954,-79.61881,332999,3329,All Other Miscellaneous Fabricated Metal Product M,1,1-4,City of Mississauga,StatCan ODBus v1 (OGL)
67dfbd3a449c77515398,Venture Aviation Inc.,Mississauga,Mississauga,ON,43.66531,-79.66540,336410,3364,Aerospace Product and Parts Manufacturing,1,10-19,City of Mississauga,StatCan ODBus v1 (OGL)
6ed2a7f91766acaa7c33,Veracious Canada,Mississauga,Mississauga,ON,43.64833,-79.65607,333310,3333,Commercial and Service Industry Machinery Manufact,1,5-9,City of Mississauga,StatCan ODBus v1 (OGL)
4427c669a98eb8b3704f,Vidpro Inc.,Mississauga,Mississauga,ON,43.63246,-79.64123,334310,3343,Audio and Video Equipment Manufacturing,0,5-9,City of Mississauga,StatCan ODBus v1 (OGL)
fe78e5401cc7d6f09443,Vision-Tech Metal Fabrication Inc.,Mississauga,Mississauga,ON,43.68136,-79.68055,332999,3329,All Other Miscellaneous Fabricated Metal Product M,1,5-9,City of Mississauga,StatCan ODBus v1 (OGL)
5a2aae93b4eb9cd45268,Vista Precision Inc.,Mississauga,Mississauga,ON,43.59866,-79.74767,333519,3335,Other Metalworking Machinery Manufacturing,0,1-4,City of Mississauga,StatCan ODBus v1 (OGL)
8a25bc7578f328f90b0f,Vista Solutions Inc.,Mississauga,Mississauga,ON,43.63825,-79.63079,333990,3339,All Other General-Purpose Machinery Manufacturing,1,1-4,City of Mississauga,StatCan ODBus v1 (OGL)
3aa5862135aefb173455,Voith Hydro Inc.,Mississauga,Mississauga,ON,43.52180,-79.65258,332999,3329,All Other Miscellaneous Fabricated Metal Product M,1,100-499,City of Mississauga,StatCan ODBus v1 (OGL)
30500f0f8d9e9f6ca69f,VR Metal Art,Mississauga,Mississauga,ON,43.64326,-79.62555,332999,3329,All Other Miscellaneous Fabricated Metal Product M,1,1-4,City of Mississauga,StatCan ODBus v1 (OGL)
302db0b8cdb95dc6596f,VSM Precision Machning Inc.,Mississauga,Mississauga,ON,43.63080,-79.64249,332710,3327,Machine Shops,1,5-9,City of Mississauga,StatCan ODBus v1 (OGL)
9150149be86f35a75097,W & M Wire and Metal Products Ltd.,Mississauga,Mississauga,ON,,,332319,3323,Other Plate Work and Fabricated Structural Product,1,20-49,City of Mississauga,StatCan ODBus v1 (OGL)
56cbfca3429c6c4eea8e,Waterra,Mississauga,Mississauga,ON,43.63880,-79.62782,332999,3329,All Other Miscellaneous Fabricated Metal Product M,1,1-4,City of Mississauga,StatCan ODBus v1 (OGL)
2c980532aa495106f294,Watson Process Systems,Mississauga,Mississauga,ON,43.63665,-79.64462,333248,3332,All other industrial machinery manufacturing,1,1-4,City of Mississauga,StatCan ODBus v1 (OGL)
60dbe9e2c3a159e7e939,WDC WD Celledge Co. Ltd.,Mississauga,Mississauga,ON,43.69962,-79.62455,333248,3332,All other industrial machinery manufacturing,1,10-19,City of Mississauga,StatCan ODBus v1 (OGL)
49c216fd0d7eac160cd6,Wecon Systems Ltd.,Mississauga,Mississauga,ON,43.63233,-79.62231,333920,3339,Material Handling Equipment Manufacturing,1,20-49,City of Mississauga,StatCan ODBus v1 (OGL)
d0f9eb226a56b4190da3,Weishaupt Corp.,Mississauga,Mississauga,ON,43.59972,-79.78196,333416,3334,Heating Equipment and Commercial Refrigeration Equ,0,20-49,City of Mississauga,StatCan ODBus v1 (OGL)
c3cc0532eb241a86316c,Welbilt,Mississauga,Mississauga,ON,43.64125,-79.64267,333310,3333,Commercial and Service Industry Machinery Manufact,1,100-499,City of Mississauga,StatCan ODBus v1 (OGL)
70b001514d36c25cae3b,Weld'O Canada,Mississauga,Mississauga,ON,43.63854,-79.64319,332999,3329,All Other Miscellaneous Fabricated Metal Product M,1,5-9,City of Mississauga,StatCan ODBus v1 (OGL)
de75814bbc9d150e413f,Weldflow Metal Products Limited,Mississauga,Mississauga,ON,43.56810,-79.65139,332999,3329,All Other Miscellaneous Fabricated Metal Product M,1,5-9,City of Mississauga,StatCan ODBus v1 (OGL)
b9c4fe5063a748bb739f,Weldon Automation Inc.,Mississauga,Mississauga,ON,43.65183,-79.66433,333990,3339,All Other General-Purpose Machinery Manufacturing,1,1-4,City of Mississauga,StatCan ODBus v1 (OGL)
02acbc1be867acab4041,Wesko Locks Ltd.,Mississauga,Mississauga,ON,43.63877,-79.61221,332510,3325,Hardware Manufacturing,0,50-99,City of Mississauga,StatCan ODBus v1 (OGL)
7c5b678bf5e0fad1a74c,Wesko Locks Ltd.,Mississauga,Mississauga,ON,43.63888,-79.61300,332510,3325,Hardware Manufacturing,0,,City of Mississauga,StatCan ODBus v1 (OGL)
f015dae363d17c05a5b4,West Hill Die Inc.,Mississauga,Mississauga,ON,43.66203,-79.64299,332118,3321,Stamping,1,1-4,City of Mississauga,StatCan ODBus v1 (OGL)
6aefa6416b8e3aff17fc,Western Digital Canada,Mississauga,Mississauga,ON,43.59907,-79.74081,334110,3341,Computer and Peripheral Equipment Manufacturing,0,1-4,City of Mississauga,StatCan ODBus v1 (OGL)
502342a4f8bc399c1c2c,Westpro Machinery Inc.,Mississauga,Mississauga,ON,43.64040,-79.67349,333519,3335,Other Metalworking Machinery Manufacturing,0,20-49,City of Mississauga,StatCan ODBus v1 (OGL)
08839a38a5edab8101f8,Wilrep Ltd.,Mississauga,Mississauga,ON,43.64379,-79.63013,333990,3339,All Other General-Purpose Machinery Manufacturing,1,10-19,City of Mississauga,StatCan ODBus v1 (OGL)
f3d4d83e193504ef733c,Wilson Tool & Die Inc.,Mississauga,Mississauga,ON,43.65174,-79.69552,333519,3335,Other Metalworking Machinery Manufacturing,0,1-4,City of Mississauga,StatCan ODBus v1 (OGL)
62408b2565bea35fb16e,Wilson Trophy Co. Inc.,Mississauga,Mississauga,ON,43.65163,-79.65058,332999,3329,All Other Miscellaneous Fabricated Metal Product M,1,10-19,City of Mississauga,StatCan ODBus v1 (OGL)
50aac63454d113d1575f,WindowPro Designs Ltd.,Mississauga,Mississauga,ON,43.66077,-79.64728,333246,3332,Rubber and plastics industry machinery manufacturi,1,5-9,City of Mississauga,StatCan ODBus v1 (OGL)
b851a65bfa371e966f20,Winsome Inc.,Mississauga,Mississauga,ON,43.62682,-79.63433,331110,3311,Iron and Steel Mills and Ferro-Alloy Manufacturing,0,5-9,City of Mississauga,StatCan ODBus v1 (OGL)
ddd28d08ef69260fae9b,Wire E D M Inc.,Mississauga,Mississauga,ON,43.64184,-79.63231,333519,3335,Other Metalworking Machinery Manufacturing,0,5-9,City of Mississauga,StatCan ODBus v1 (OGL)
672331b662fc223d253e,Wolfedale Tool and Stamping Inc.,Mississauga,Mississauga,ON,43.56688,-79.63962,333519,3335,Other Metalworking Machinery Manufacturing,0,20-49,City of Mississauga,StatCan ODBus v1 (OGL)
73257ee70f511d71b2e1,Wood Miller Saw & Knife Ltd.,Mississauga,Mississauga,ON,43.64383,-79.63892,332210,3322,Cutlery and Hand Tool Manufacturing,0,5-9,City of Mississauga,StatCan ODBus v1 (OGL)
25ce16db3aa3080009ba,Woodbridge Fireplace Inc,Mississauga,Mississauga,ON,43.65704,-79.65857,332999,3329,All Other Miscellaneous Fabricated Metal Product M,1,10-19,City of Mississauga,StatCan ODBus v1 (OGL)
13c6edd089d118075f5f,Woodbridge Foam Parts Depot,Mississauga,Mississauga,ON,43.56750,-79.65265,336390,3363,Other Motor Vehicle Parts Manufacturing,1,1-4,City of Mississauga,StatCan ODBus v1 (OGL)
0245257dadf118d5a95d,Wylie Systems Custom Metals,Mississauga,Mississauga,ON,43.62787,-79.61981,331317,3313,"Aluminum Rolling, Drawing, Extruding and Alloying",0,5-9,City of Mississauga,StatCan ODBus v1 (OGL)
db3b2d34f3da64beb868,Xemodex Inc.,Mississauga,Mississauga,ON,43.63817,-79.67267,335990,3359,All Other Electrical Equipment and Component Manuf,1,20-49,City of Mississauga,StatCan ODBus v1 (OGL)
e8f1a26758e3e6942330,Xerox Research Center of Canada,Mississauga,Mississauga,ON,43.51319,-79.66667,334410,3344,Semiconductor and Other Electronic Component Manuf,1,50-99,City of Mississauga,StatCan ODBus v1 (OGL)
ac4c534c3f36269e1512,Y Y Z Lighting Inc.,Mississauga,Mississauga,ON,43.66879,-79.64516,335315,3353,"Switchgear and Switchboard, and Relay and Industri",1,1-4,City of Mississauga,StatCan ODBus v1 (OGL)
f7a8ec5440a50e378c95,Zamco System Inc.,Mississauga,Mississauga,ON,43.63159,-79.63749,332999,3329,All Other Miscellaneous Fabricated Metal Product M,1,5-9,City of Mississauga,StatCan ODBus v1 (OGL)
2542a929f9eb4658efce,Zesta Engineering Ltd.,Mississauga,Mississauga,ON,43.62544,-79.66672,335210,3352,Small Electrical Appliance Manufacturing,0,20-49,City of Mississauga,StatCan ODBus v1 (OGL)
ca4d66a7525c057adf6b,Zincaloy Inc.,Mississauga,Mississauga,ON,43.65968,-79.65099,331529,3315,Non-Ferrous Foundries (except Die-Casting),0,1-4,City of Mississauga,StatCan ODBus v1 (OGL)
03261f520f0e6ea66cb4,Zoller Canada,Mississauga,Mississauga,ON,43.62517,-79.66517,333519,3335,Other Metalworking Machinery Manufacturing,0,1-4,City of Mississauga,StatCan ODBus v1 (OGL)
3ee438bcfc4bf2361d71,Zygpol Precision Grinding Inc.,Mississauga,Mississauga,ON,43.64282,-79.62348,332710,3327,Machine Shops,1,1-4,City of Mississauga,StatCan ODBus v1 (OGL)
670df012657e9592c369,2201692 ONTARIO INC,Newmarket,Newmarket,ON,,,33441,3344,Semiconductor and other electronic component manufacturing,1,,Regional Municipality of York,StatCan ODBus v1 (OGL)
33132bfd99632630791b,3 D STORAGE SYSTEMS LTD.,Newmarket,Newmarket,ON,,,33299,3329,All other fabricated metal product manufacturing,1,50-99,Regional Municipality of York,StatCan ODBus v1 (OGL)
ffa77a4dc3d86e661417,AGILITY TOOLING INC.,Newmarket,Newmarket,ON,,,33639,3363,Other motor vehicle parts manufacturing,1,20-49,Regional Municipality of York,StatCan ODBus v1 (OGL)
67ffa317d782ed789603,ALAN CLARK TROPHIES/RECOGNITION PLUS,Newmarket,Newmarket,ON,,,33281,3328,"Coating, engraving, cold and heat treating and allied activities",1,1-4,Regional Municipality of York,StatCan ODBus v1 (OGL)
7a849ad915f8bb5cd057,ALBANY PUMP CO. LTD.,Newmarket,Newmarket,ON,,,33391,3339,Pump and compressor manufacturing,1,10-19,Regional Municipality of York,StatCan ODBus v1 (OGL)
8940f620a698d3fa1f34,ALCOS MACHINERY INC.,Newmarket,Newmarket,ON,,,33351,3335,Metalworking machinery manufacturing,0,20-49,Regional Municipality of York,StatCan ODBus v1 (OGL)
e9fbc0ab92941b45b040,ALMAT METAL LTD.,Newmarket,Newmarket,ON,,,33593,3359,Wiring device manufacturing,1,10-19,Regional Municipality of York,StatCan ODBus v1 (OGL)
4ca4d8978a151c2b4bca,ALWAYS ACCURATE MACHINE AND TOOL,Newmarket,Newmarket,ON,,,33271,3327,Machine shops,1,1-4,Regional Municipality of York,StatCan ODBus v1 (OGL)
13860482e5984884f9ae,ARIEL TECHNOLOGY INC.,Newmarket,Newmarket,ON,,,33599,3359,All other electrical equipment and component manufacturing,1,5-9,Regional Municipality of York,StatCan ODBus v1 (OGL)
318708ad4befd3b66ee7,AURORA GENERATORS INC.,Newmarket,Newmarket,ON,,,33531,3353,Electrical equipment manufacturing,1,5-9,Regional Municipality of York,StatCan ODBus v1 (OGL)
03c2d90a095f6184e41e,BEAVER MACHINE CORPORATION,Newmarket,Newmarket,ON,,,33331,3333,Commercial and service industry machinery manufacturing,1,20-49,Regional Municipality of York,StatCan ODBus v1 (OGL)
dc22cd226923c40a6b19,BRADFORD HEATING AND AIR INC.,Newmarket,Newmarket,ON,,,33324,3332,Industrial machinery manufacturing,1,5-9,Regional Municipality of York,StatCan ODBus v1 (OGL)
e3120cc5f0eebc64cae7,BRAMDEN PRECISION LIMITED,Newmarket,Newmarket,ON,,,33641,3364,Aerospace product and parts manufacturing,1,20-49,Regional Municipality of York,StatCan ODBus v1 (OGL)
b6902f7870d1aaf369ea,BUCHNER MANUFACTURING INC.,Newmarket,Newmarket,ON,,,33299,3329,All other fabricated metal product manufacturing,1,20-49,Regional Municipality of York,StatCan ODBus v1 (OGL)
814f33612d1b08e03cef,CAM-SLIDE MANUFACTURING EAST,Newmarket,Newmarket,ON,,,33636,3363,Motor vehicle seating and interior trim manufacturing,1,500+,Regional Municipality of York,StatCan ODBus v1 (OGL)
05ab69c44b108e09b8e5,CAM-SLIDE MANUFACTURING WEST,Newmarket,Newmarket,ON,,,33636,3363,Motor vehicle seating and interior trim manufacturing,1,100-499,Regional Municipality of York,StatCan ODBus v1 (OGL)
c007566a407d62903e33,CANACO INDUSTRIES LTD.,Newmarket,Newmarket,ON,,,33399,3339,All other general-purpose machinery manufacturing,1,5-9,Regional Municipality of York,StatCan ODBus v1 (OGL)
be42bc8a140b8cb96ef3,CANSTAMP PRECISION / MIRCO GRAENERT CONSULTING INC.,Newmarket,Newmarket,ON,,,33271,3327,Machine shops,1,1-4,Regional Municipality of York,StatCan ODBus v1 (OGL)
d65c29262d8579fd4553,CELESTICA,Newmarket,Newmarket,ON,,,33411,3341,Computer and peripheral equipment manufacturing,0,500+,Regional Municipality of York,StatCan ODBus v1 (OGL)
0eba9fa59619f1ceea41,CONCORD SCREEN INC.,Newmarket,Newmarket,ON,,,33232,3323,Ornamental and architectural metal product manufacturing,1,20-49,Regional Municipality of York,StatCan ODBus v1 (OGL)
d2279d0c49a1d9d14588,COOPER PLATING INC.,Newmarket,Newmarket,ON,,,33281,3328,"Coating, engraving, heat treating and allied activities",1,20-49,Regional Municipality of York,StatCan ODBus v1 (OGL)
a0ee9133264c88ba84a4,CORPTEC INDUSTRIES LTD.,Newmarket,Newmarket,ON,,,33232,3323,Ornamental and architectural metal product manufacturing,1,5-9,Regional Municipality of York,StatCan ODBus v1 (OGL)
ac514b177e47da74abd3,CPG AEROSPACE,Newmarket,Newmarket,ON,,,33641,3364,Aerospace product and parts manufacturing,1,20-49,Regional Municipality of York,StatCan ODBus v1 (OGL)
2a810f3aa5b7bfc18c30,D & M STEEL LTD.,Newmarket,Newmarket,ON,,,33231,3323,Plate work and fabricated structural product manufacturing,1,5-9,Regional Municipality of York,StatCan ODBus v1 (OGL)
e9d64a548dc7fb76f335,DEMA INDUSTRIES LTD.,Newmarket,Newmarket,ON,,,33232,3323,Ornamental and architectural metal product manufacturing,1,20-49,Regional Municipality of York,StatCan ODBus v1 (OGL)
53066dab66f466c4eee3,DESCON CONVEYOR SYSTEMS AND CONSULTANTS INC.,Newmarket,Newmarket,ON,,,33392,3339,Material handling equipment manufacturing,1,100-499,Regional Municipality of York,StatCan ODBus v1 (OGL)
07a4f6702bc85ea5d718,DETECTAG INC.,Newmarket,Newmarket,ON,,,33429,3342,Other communications equipment manufacturing,0,,Regional Municipality of York,StatCan ODBus v1 (OGL)
b35357390437d838ee72,DORTEC INDUSTRIES: A DIVISION OF MAGNA,Newmarket,Newmarket,ON,,,33632,3363,Motor vehicle electrical and electronic equipment manufacturing,1,500+,Regional Municipality of York,StatCan ODBus v1 (OGL)
a495e3d8637194ae0fd3,DUAL DESIGN & MACHINE INC.,Newmarket,Newmarket,ON,,,33351,3335,Metalworking machinery manufacturing,0,5-9,Regional Municipality of York,StatCan ODBus v1 (OGL)
2f7d2b903c3a0b4af1c2,EDISON LIGHTING GROUP LTD.,Newmarket,Newmarket,ON,,,33512,3351,Lighting fixture manufacturing,0,5-9,Regional Municipality of York,StatCan ODBus v1 (OGL)
4ccbbf6bb45a54dcf27f,ELITE EMISSION PRODUCTS,Newmarket,Newmarket,ON,,,33639,3363,Other motor vehicle parts manufacturing,1,10-19,Regional Municipality of York,StatCan ODBus v1 (OGL)
3f90f12684383e9b2058,ENGINEERED AIR,Newmarket,Newmarket,ON,,,33341,3334,"Ventilation, heating, air-conditioning and commercial refrigeration equipment manufacturing",0,100-499,Regional Municipality of York,StatCan ODBus v1 (OGL)
e4854d930d9b30e9a270,ESTATE ADVANCEMENTS INC.,Newmarket,Newmarket,ON,,,33232,3323,Ornamental and architectural metal product manufacturing,1,1-4,Regional Municipality of York,StatCan ODBus v1 (OGL)
ad01619c4683a7d88f32,EUROSPEC TOOLING INC.,Newmarket,Newmarket,ON,,,33351,3335,Metalworking machinery manufacturing,0,100-499,Regional Municipality of York,StatCan ODBus v1 (OGL)
6ec399c9bcfe2c23a492,EXCO ENGINEERING,Newmarket,Newmarket,ON,,,33152,3315,Non-ferrous metal foundries,0,100-499,Regional Municipality of York,StatCan ODBus v1 (OGL)
d3627c3a59d53c885ec5,FLIGHTDECK SOLUTIONS LTD.,Newmarket,Newmarket,ON,,,33451,3345,"Navigational, measuring, medical and control instruments manufacturing",1,20-49,Regional Municipality of York,StatCan ODBus v1 (OGL)
a584890f0ada3deb345b,GABOURIE INC.,Newmarket,Newmarket,ON,,,33351,3335,Metalworking machinery manufacturing,0,1-4,Regional Municipality of York,StatCan ODBus v1 (OGL)
3b1d8c2f13444fd317a1,GINCOR WERX (DEL EQUIPMENT INC.),Newmarket,Newmarket,ON,,,33621,3362,Motor vehicle body and trailer manufacturing,0,100-499,Regional Municipality of York,StatCan ODBus v1 (OGL)
28e0dac338e7c960be3d,GP CUSTOM METALS INC.,Newmarket,Newmarket,ON,,,33299,3329,All other fabricated metal product manufacturing,1,100-499,Regional Municipality of York,StatCan ODBus v1 (OGL)
f443a228e3615c860127,GULLCO INTERNATIONAL LTD.,Newmarket,Newmarket,ON,,,33324,3332,Industrial machinery manufacturing,1,20-49,Regional Municipality of York,StatCan ODBus v1 (OGL)
6f8234dbad3303d2305e,HORUS TECHNOLOGIES INC.,Newmarket,Newmarket,ON,,,33451,3345,"Navigational, measuring, medical and control instruments manufacturing",1,1-4,Regional Municipality of York,StatCan ODBus v1 (OGL)
d8355d9a8332a0c3460f,INSTACHANGE DISPLAYS LTD.,Newmarket,Newmarket,ON,,,33299,3329,All other fabricated metal product manufacturing,1,20-49,Regional Municipality of York,StatCan ODBus v1 (OGL)
5d54607b21c5237c316b,INTERROLL CANADA LTD.,Newmarket,Newmarket,ON,,,33392,3339,Material handling equipment manufacturing,1,50-99,Regional Municipality of York,StatCan ODBus v1 (OGL)
4c2125cb0fabf876d01a,J K QUALITY WELDING INC.,Newmarket,Newmarket,ON,,,33521,3352,Small electrical appliance manufacturing,0,5-9,Regional Municipality of York,StatCan ODBus v1 (OGL)
c1c42a79038a2cf60c79,K.L.P MACHINING INC.,Newmarket,Newmarket,ON,,,33299,3329,All other fabricated metal product manufacturing,1,10-19,Regional Municipality of York,StatCan ODBus v1 (OGL)
a893877a14f89403fb22,KN TECHNOLOGIES,Newmarket,Newmarket,ON,,,33271,3327,Machine shops,1,1-4,Regional Municipality of York,StatCan ODBus v1 (OGL)
760a6c7934004548a715,LABEL SYSTEMS,Newmarket,Newmarket,ON,,,33324,3332,Industrial machinery manufacturing,1,1-4,Regional Municipality of York,StatCan ODBus v1 (OGL)
634475274db24efaaedf,LAKEWOOD MACHINE & TOOL,Newmarket,Newmarket,ON,,,33351,3335,Metalworking machinery manufacturing,0,5-9,Regional Municipality of York,StatCan ODBus v1 (OGL)
6790447fe6a2a77a60ea,LASERTEK PRECISION CUTTING INC.,Newmarket,Newmarket,ON,,,33231,3323,Plate work and fabricated structural product manufacturing,1,1-4,Regional Municipality of York,StatCan ODBus v1 (OGL)
d70b20900b03e491ecf9,LASERTRANZ INC.,Newmarket,Newmarket,ON,,,33299,3329,All other fabricated metal product manufacturing,1,1-4,Regional Municipality of York,StatCan ODBus v1 (OGL)
a8ab091ac13216d7366e,LOGIX CUSTOM CONTROL SYSTEMS LTD.,Newmarket,Newmarket,ON,,,33531,3353,Electrical equipment manufacturing,1,1-4,Regional Municipality of York,StatCan ODBus v1 (OGL)
091ed547d866436acaee,LOTEK WIRELESS INC.,Newmarket,Newmarket,ON,,,33451,3345,"Navigational, measuring, medical and control instruments manufacturing",1,50-99,Regional Municipality of York,StatCan ODBus v1 (OGL)
2b3331499d8467718d08,MASNEK INDUSTRIES INC.,Newmarket,Newmarket,ON,,,33232,3323,Ornamental and architectural metal product manufacturing,1,1-4,Regional Municipality of York,StatCan ODBus v1 (OGL)
af5b410836f954872b33,MECH-COMP FABRICATORS INC.,Newmarket,Newmarket,ON,,,33299,3329,All other fabricated metal product manufacturing,1,1-4,Regional Municipality of York,StatCan ODBus v1 (OGL)
9e2f440fc0ec44b7133a,MEGA STEEL INC.,Newmarket,Newmarket,ON,,,33111,3311,Iron and steel mills and ferro-alloy manufacturing,0,5-9,Regional Municipality of York,StatCan ODBus v1 (OGL)
d3603939e77f233b4f49,MEISTER TOOL & DIE INC. / ASSEMBLY & STAMPINGS INC.,Newmarket,Newmarket,ON,,,33211,3321,Forging and stamping,1,5-9,Regional Municipality of York,StatCan ODBus v1 (OGL)
8ac01a02ebaf2d43e4b1,MITILAB,Newmarket,Newmarket,ON,,,33331,3333,Commercial and service industry machinery manufacturing,1,1-4,Regional Municipality of York,StatCan ODBus v1 (OGL)
9e5c62377d1ada2c2e22,MODERN TOOL LTD,Newmarket,Newmarket,ON,,,33271,3327,Machine shops,1,1-4,Regional Municipality of York,StatCan ODBus v1 (OGL)
0c00b86d385513106e79,MOMENTUM,Newmarket,Newmarket,ON,,,33392,3339,Material handling equipment manufacturing,1,1-4,Regional Municipality of York,StatCan ODBus v1 (OGL)
c295503df7c272a8bf9c,MRAZCO METALWORKS INC.,Newmarket,Newmarket,ON,,,33232,3323,Ornamental and architectural metal product manufacturing,1,10-19,Regional Municipality of York,StatCan ODBus v1 (OGL)
bf4ed085f7d4d68d9016,MULTIMATIC STRUCTURES AND SUSPENSION,Newmarket,Newmarket,ON,,,33633,3363,Motor vehicle steering and suspension components (except spring) manufacturing,1,20-49,Regional Municipality of York,StatCan ODBus v1 (OGL)
0d7c2761d91fb5379c64,NETVERSITY SOLUTIONS,Newmarket,Newmarket,ON,,,33592,3359,Office furniture (including fixtures) manufacturing,1,5-9,Regional Municipality of York,StatCan ODBus v1 (OGL)
f002f89369bfc41e7de7,NEWMARKET MACHINE WORKS INC.,Newmarket,Newmarket,ON,,,33271,3327,Machine shops,1,5-9,Regional Municipality of York,StatCan ODBus v1 (OGL)
65d567ff62f9e8ea4552,NOOELEC,Newmarket,Newmarket,ON,,,33411,3341,Computer and peripheral equipment manufacturing,0,10-19,Regional Municipality of York,StatCan ODBus v1 (OGL)
153fcfd1486564d9e058,NSK MACHINE,Newmarket,Newmarket,ON,,,33271,3327,Machine shops,1,1-4,Regional Municipality of York,StatCan ODBus v1 (OGL)
9946a633b3930fd99a5e,NUTRIMATICS INC,Newmarket,Newmarket,ON,,,33392,3339,Material handling equipment manufacturing,1,5-9,Regional Municipality of York,StatCan ODBus v1 (OGL)
d629a7e0590a73f32541,OLIVER WOODS METAL SPINNING COMPANY LTD.,Newmarket,Newmarket,ON,,,33281,3328,"Coating, engraving, cold and heat treating and allied activities",1,1-4,Regional Municipality of York,StatCan ODBus v1 (OGL)
8930b479a985b5bb3ece,ONTARIO JIG GRINDING MANUFACTURING INC.,Newmarket,Newmarket,ON,,,33639,3363,Other motor vehicle parts manufacturing,1,1-4,Regional Municipality of York,StatCan ODBus v1 (OGL)
8a450f85a77676e822d5,PALCAM TECHNOLOGIES LTD.,Newmarket,Newmarket,ON,,,33324,3332,Industrial machinery manufacturing,1,50-99,Regional Municipality of York,StatCan ODBus v1 (OGL)
1aeaa5b0ebafc3068839,PFM PACKAGING MACHINERY CORP,Newmarket,Newmarket,ON,,,33399,3339,All other general-purpose machinery manufacturing,1,20-49,Regional Municipality of York,StatCan ODBus v1 (OGL)
250e5249357197c0fc54,PRIMEQ,Newmarket,Newmarket,ON,,,33324,3332,Industrial machinery manufacturing,1,1-4,Regional Municipality of York,StatCan ODBus v1 (OGL)
b14c4debac2d80b1366d,QUALITECH SOLUTIONS,Newmarket,Newmarket,ON,,,33351,3335,Metalworking machinery manufacturing,0,20-49,Regional Municipality of York,StatCan ODBus v1 (OGL)
991f5d68797ccacaa2e7,RIFAL MANUFACTURING INC. - TRICKED TOYS,Newmarket,Newmarket,ON,,,33611,3361,Automobile and light-duty motor vehicle manufacturing,0,1-4,Regional Municipality of York,StatCan ODBus v1 (OGL)
effd1468a58a29fe6ecb,RV METALWARE INC.,Newmarket,Newmarket,ON,,,33211,3321,Forging and stamping,1,10-19,Regional Municipality of York,StatCan ODBus v1 (OGL)
f2f4c85edc02ae06b07d,SAFTEY CORP,Newmarket,Newmarket,ON,,,33451,3345,"Navigational, measuring, medical and control instruments manufacturing",1,5-9,Regional Municipality of York,StatCan ODBus v1 (OGL)
d8e983ca350b31bb8832,SPINNAKER INDUSTRIES INC.,Newmarket,Newmarket,ON,,,33341,3334,"Ventilation, heating, air-conditioning and commercial refrigeration equipment manufacturing",0,50-99,Regional Municipality of York,StatCan ODBus v1 (OGL)
fe736ea54bf1766d5888,STEEL ROOTS FABRICATION LIMITED,Newmarket,Newmarket,ON,,,33121,3312,Iron and steel pipes and tubes manufacturing from purchased steel,0,1-4,Regional Municipality of York,StatCan ODBus v1 (OGL)
c7922ada49c2c1f23c17,TECHNICAL CONCRETE SOLUTIONS LTD.,Newmarket,Newmarket,ON,,,33232,3323,Ornamental and architectural metal product manufacturing,1,100-499,Regional Municipality of York,StatCan ODBus v1 (OGL)
9616968e7abd6d541355,TERRADYNE ARMORED VEHICLES INC.,Newmarket,Newmarket,ON,,,33699,3369,Other transportation equipment manufacturing,1,20-49,Regional Municipality of York,StatCan ODBus v1 (OGL)
04eeffeb45e00f2ff350,THE EDGE CUSTOM COATINGS,Newmarket,Newmarket,ON,,,33281,3328,"Coating, engraving, cold and heat treating and allied activities",1,5-9,Regional Municipality of York,StatCan ODBus v1 (OGL)
8fe815e691263d92de49,TILTCO ARCHITECTURAL WINDOWS,Newmarket,Newmarket,ON,,,33232,3323,Ornamental and architectural metal product manufacturing,1,1-4,Regional Municipality of York,StatCan ODBus v1 (OGL)
4435dadb4d74f688af89,TINY-BEE MACHINE WORKS INC.,Newmarket,Newmarket,ON,,,33271,3327,Machine shops,1,1-4,Regional Municipality of York,StatCan ODBus v1 (OGL)
1ee2a9a11552bb37d14f,TMR CUSTOMS,Newmarket,Newmarket,ON,,,33639,3363,Other motor vehicle parts manufacturing,1,5-9,Regional Municipality of York,StatCan ODBus v1 (OGL)
c0db11c25c8f753d2701,TOWNSEND SHEET METAL LTD.,Newmarket,Newmarket,ON,,,33232,3323,Ornamental and architectural metal product manufacturing,1,5-9,Regional Municipality of York,StatCan ODBus v1 (OGL)
5e8f788236042e2efac8,TRI STAR METAL STAMPING INC.,Newmarket,Newmarket,ON,,,33211,3321,Forging and stamping,1,50-99,Regional Municipality of York,StatCan ODBus v1 (OGL)
0742aa928b10788b4615,TS TECH CANADA INC.,Newmarket,Newmarket,ON,,,33636,3363,Motor vehicle seating and interior trim manufacturing,1,500+,Regional Municipality of York,StatCan ODBus v1 (OGL)
6c3c5775955eec6f45a8,Z.R. TOOL INC.,Newmarket,Newmarket,ON,,,33299,3329,All other fabricated metal product manufacturing,1,10-19,Regional Municipality of York,StatCan ODBus v1 (OGL)
5450b11a26669e6d69c7,A.G. Simpson Co Ltd,Oshawa,Oshawa,ON,43.87638,-78.84695,336390,3363,Other motor vehicle parts manufacturing,1,,Regional Municipality of Durham,StatCan ODBus v1 (OGL)
8daeb541e87e13bb5841,AJ Manufacturing,Oshawa,Oshawa,ON,43.87711,-78.83115,332999,3329,All other miscellaneous fabricated metal product manufacturing,1,,Regional Municipality of Durham,StatCan ODBus v1 (OGL)
1b774e9d7eed66f8cc61,Alba Railings Inc.,Oshawa,Oshawa,ON,43.85769,-78.87619,332329,3323,Other ornamental and architectural metal product manufacturing,1,,Regional Municipality of Durham,StatCan ODBus v1 (OGL)
40a826cabea535657d3b,All Prime Models,Oshawa,Oshawa,ON,43.87530,-78.82753,333249,3332,Other Industrial Machinery Manufacturing,1,,Regional Municipality of Durham,StatCan ODBus v1 (OGL)
037334f5ab3b71759b53,Antech Wire E D M Inc.,Oshawa,Oshawa,ON,43.87703,-78.83048,333519,3335,Other metalworking machinery manufacturing,0,,Regional Municipality of Durham,StatCan ODBus v1 (OGL)
73c875b75529a0996688,Brian's Precut Steel & Sheet Metal,Oshawa,Oshawa,ON,43.87792,-78.83064,332329,3323,Other ornamental and architectural metal product manufacturing,1,,Regional Municipality of Durham,StatCan ODBus v1 (OGL)
8921f1e0582652f5157f,Can Cam CNC Machines Ltd.,Oshawa,Oshawa,ON,43.86134,-78.88343,332710,3327,Machine shops,1,,Regional Municipality of Durham,StatCan ODBus v1 (OGL)
12826a6983fcab24d308,Chilton Precision Inc,Oshawa,Oshawa,ON,43.87502,-78.82865,333248,3332,All other industrial machinery manufacturing,1,,Regional Municipality of Durham,StatCan ODBus v1 (OGL)
80c66f213533751c186a,Custom Centreless Grinding Ltd,Oshawa,Oshawa,ON,43.87530,-78.82753,332999,3329,All other miscellaneous fabricated metal product manufacturing,1,,Regional Municipality of Durham,StatCan ODBus v1 (OGL)
22ed5382834b8571d056,D H Tooling,Oshawa,Oshawa,ON,43.93035,-78.88096,332710,3327,Machine shops,1,,Regional Municipality of Durham,StatCan ODBus v1 (OGL)
cb8ed1484f625d3d31c5,E.h.price,Oshawa,Oshawa,ON,43.87870,-78.83314,333413,3334,Industrial and commercial fan and blower and air purification equipment manufacturing,0,,Regional Municipality of Durham,StatCan ODBus v1 (OGL)
b26515624b879f2ec698,EHC Global,Oshawa,Oshawa,ON,43.85759,-78.88262,333920,3339,Material handling equipment manufacturing,1,,Regional Municipality of Durham,StatCan ODBus v1 (OGL)
0ef0c35aac807e127234,ER Precision,Oshawa,Oshawa,ON,43.85599,-78.87536,333999,3339,All Other Miscellaneous General Purpose Machinery Manufacturing,1,,Regional Municipality of Durham,StatCan ODBus v1 (OGL)
f9734319ddeb76f1a4a3,EV Fern Ltd.,Oshawa,Oshawa,ON,43.85679,-78.87582,335910,3359,Battery manufacturing,1,,Regional Municipality of Durham,StatCan ODBus v1 (OGL)
1d94a323444ed8a1e7f7,Flash Powder Coating,Oshawa,Oshawa,ON,43.87846,-78.82908,332810,3328,"Coating, engraving, cold and heat treating and allied activities",1,,Regional Municipality of Durham,StatCan ODBus v1 (OGL)
e46aab3d6ce9a2ed0864,Grant Steel Corp,Oshawa,Oshawa,ON,43.88114,-78.82979,331210,3312,Iron and steel pipes and tubes manufacturing from purchased steel,0,,Regional Municipality of Durham,StatCan ODBus v1 (OGL)
65fc8cba8d73804f4e16,Hydraulic House,Oshawa,Oshawa,ON,43.87429,-78.83643,333990,3339,All other general-purpose machinery manufacturing,1,,Regional Municipality of Durham,StatCan ODBus v1 (OGL)
a3c031e12d66de408e2b,Kingsmen Kustoms,Oshawa,Oshawa,ON,43.85558,-78.88211,331317,3313,"Aluminum rolling, drawing, extruding and alloying",0,,Regional Municipality of Durham,StatCan ODBus v1 (OGL)
8d8f04c86ab0c91a18cc,Lakeridge Precision Inc.,Oshawa,Oshawa,ON,43.87613,-78.83100,333990,3339,All other general-purpose machinery manufacturing,1,,Regional Municipality of Durham,StatCan ODBus v1 (OGL)
cfdc4edd59838f0d59f1,Machine & Tool Products,Oshawa,Oshawa,ON,43.88254,-78.83074,332710,3327,Machine shops,1,,Regional Municipality of Durham,StatCan ODBus v1 (OGL)
07d64cb2f6ec536490bc,Mirotech,Oshawa,Oshawa,ON,43.87377,-78.83765,333999,3339,All Other Miscellaneous General Purpose Machinery Manufacturing,1,,Regional Municipality of Durham,StatCan ODBus v1 (OGL)
19fd4501cae684960ada,Northern Exhaust,Oshawa,Oshawa,ON,43.88181,-78.83612,336390,3363,Other motor vehicle parts manufacturing,1,,Regional Municipality of Durham,StatCan ODBus v1 (OGL)
4597c4b3b384bfe22d23,Nu Look Metal,Oshawa,Oshawa,ON,43.87846,-78.82908,332810,3328,"Coating, engraving, cold and heat treating and allied activities",1,,Regional Municipality of Durham,StatCan ODBus v1 (OGL)
ce9000cac0d73f92be65,Oshawa Gear Co. Ltd.,Oshawa,Oshawa,ON,43.87927,-78.83821,333619,3336,Other engine and power transmission equipment manufacturing,1,,Regional Municipality of Durham,StatCan ODBus v1 (OGL)
677aca4637e2289e524d,P. R. Engineering Limited,Oshawa,Oshawa,ON,43.88432,-78.84768,333120,3331,Construction machinery manufacturing,0,,Regional Municipality of Durham,StatCan ODBus v1 (OGL)
d49d1a4de96e5731e413,Pac-Rac Systems,Oshawa,Oshawa,ON,43.87765,-78.83189,332323,3323,Ornamental and Architectural Metal Work Manufacturing,1,,Regional Municipality of Durham,StatCan ODBus v1 (OGL)
a9d07a55417e769a058c,PK Welding And Fabricators Inc.,Oshawa,Oshawa,ON,43.87306,-78.88258,336211,3362,Motor vehicle body manufacturing,0,,Regional Municipality of Durham,StatCan ODBus v1 (OGL)
d193a3108e36277dc3f9,Raglan Industries,Oshawa,Oshawa,ON,44.03219,-78.92057,336120,3361,Heavy-duty truck manufacturing,0,,Regional Municipality of Durham,StatCan ODBus v1 (OGL)
4ff5a3184637374040f7,Rich Metal Works,Columbus,Oshawa,ON,43.97200,-78.88841,332322,3323,Sheet Metal Work Manufacturing,1,,Regional Municipality of Durham,StatCan ODBus v1 (OGL)
9aebbc626e5ff168918a,Rider Tool And Manufacturing,Oshawa,Oshawa,ON,43.85515,-78.87520,332999,3329,All other miscellaneous fabricated metal product manufacturing,1,,Regional Municipality of Durham,StatCan ODBus v1 (OGL)
dc78835daf6d9fbecb59,RSS,Oshawa,Oshawa,ON,43.87494,-78.83665,333249,3332,Other Industrial Machinery Manufacturing,1,,Regional Municipality of Durham,StatCan ODBus v1 (OGL)
2951d22882e1273965a6,Ry-Can,Oshawa,Oshawa,ON,43.88270,-78.83302,332999,3329,All other miscellaneous fabricated metal product manufacturing,1,,Regional Municipality of Durham,StatCan ODBus v1 (OGL)
1431144e791af5a988e0,Sancor Industries Ltd.,Oshawa,Oshawa,ON,43.87594,-78.83087,332999,3329,All other miscellaneous fabricated metal product manufacturing,1,,Regional Municipality of Durham,StatCan ODBus v1 (OGL)
3acc4e48fea9dcf111a3,Sigus Heavy Machinery Mfg.,Oshawa,Oshawa,ON,43.87494,-78.83665,333999,3339,All Other Miscellaneous General Purpose Machinery Manufacturing,1,,Regional Municipality of Durham,StatCan ODBus v1 (OGL)
50f51d361b96203bb439,Steelhawk Plate & Profile Ltd,Oshawa,Oshawa,ON,43.87907,-78.83191,332710,3327,Machine shops,1,,Regional Municipality of Durham,StatCan ODBus v1 (OGL)
19e528d4a14de82150cb,Steffen Engine Machine Co. Ltd.,Oshawa,Oshawa,ON,43.89901,-78.86724,332710,3327,Machine shops,1,,Regional Municipality of Durham,StatCan ODBus v1 (OGL)
68f66dcbc77074359ab3,Trans Continental Equipment,Oshawa,Oshawa,ON,43.87641,-78.86134,332999,3329,All other miscellaneous fabricated metal product manufacturing,1,,Regional Municipality of Durham,StatCan ODBus v1 (OGL)
6261db25e6ae95eb028d,Warren Steel,Oshawa,Oshawa,ON,43.85679,-78.87582,331110,3311,Iron and steel mills and ferro-alloy manufacturing,0,,Regional Municipality of Durham,StatCan ODBus v1 (OGL)
4b83cd863423a130d792,Absolute Precision,Pickering,Pickering,ON,43.83169,-79.06464,332510,3325,Hardware manufacturing,0,,Regional Municipality of Durham,StatCan ODBus v1 (OGL)
073fd5fa2ad2a766051e,Ama Roofing And Sheet Metal Inc,Pickering,Pickering,ON,43.83026,-79.07494,332118,3321,Stamping,1,,Regional Municipality of Durham,StatCan ODBus v1 (OGL)
1ab7eee884e03f0c445a,Amara Powder Coating Inc,Pickering,Pickering,ON,43.82571,-79.05445,332810,3328,"Coating, engraving, cold and heat treating and allied activities",1,,Regional Municipality of Durham,StatCan ODBus v1 (OGL)
d48d85373b31bde8e4bd,Anderson Industrial Refridgeration Ltd,Pickering,Pickering,ON,43.83256,-79.07470,333415,3334,Air-Conditioning and Warm Air Heating Equipment and Commercial and Industrial Refrigeration Equipment Manufacturing,0,,Regional Municipality of Durham,StatCan ODBus v1 (OGL)
38d2dcffd11191fb3762,Anwer Tech Inc,Pickering,Pickering,ON,43.83157,-79.06286,332710,3327,Machine shops,1,,Regional Municipality of Durham,StatCan ODBus v1 (OGL)
0e635022cb23d840e17c,ARM Services Inc.,Pickering,Pickering,ON,43.81828,-79.05636,332999,3329,All other miscellaneous fabricated metal product manufacturing,1,,Regional Municipality of Durham,StatCan ODBus v1 (OGL)
5630006e10062855c7fd,Aviation Metal Technologies,Pickering,Pickering,ON,43.82548,-79.05545,332999,3329,All other miscellaneous fabricated metal product manufacturing,1,,Regional Municipality of Durham,StatCan ODBus v1 (OGL)
bcfdde8c9c36da33f718,B&C Plastics Ltd.,Pickering,Pickering,ON,43.81913,-79.05696,332999,3329,All other miscellaneous fabricated metal product manufacturing,1,,Regional Municipality of Durham,StatCan ODBus v1 (OGL)
8d6ec766757176840711,Canpress Metal Fabricators,Pickering,Pickering,ON,43.82250,-79.06534,332113,3321,Forging,1,,Regional Municipality of Durham,StatCan ODBus v1 (OGL)
4b6b808ef434b1b68564,Cf Millwright Services Ltd,Pickering,Pickering,ON,43.82571,-79.05445,333910,3339,Pump and compressor manufacturing,1,,Regional Municipality of Durham,StatCan ODBus v1 (OGL)
d313949b2e2509164c0b,Compressor Technology,Pickering,Pickering,ON,43.82571,-79.05445,333910,3339,Pump and compressor manufacturing,1,,Regional Municipality of Durham,StatCan ODBus v1 (OGL)
8df169a61a6959fec8de,Copperworks,Pickering,Pickering,ON,43.81807,-79.08232,331420,3314,"Copper rolling, drawing, extruding and alloying",0,,Regional Municipality of Durham,StatCan ODBus v1 (OGL)
a3b932d3d72cf2c57db8,D & R Custom Steel Fabrication,Pickering,Pickering,ON,43.82139,-79.06649,332113,3321,Forging,1,,Regional Municipality of Durham,StatCan ODBus v1 (OGL)
c826bebc5acc1e0d10cb,Dienamic Wire Inc,Pickering,Pickering,ON,43.82768,-79.06795,333519,3335,Other metalworking machinery manufacturing,0,,Regional Municipality of Durham,StatCan ODBus v1 (OGL)
ea46c3a0a735e89fbef3,Diro Metal Manufacturing,Pickering,Pickering,ON,43.83479,-79.06419,332329,3323,Other ornamental and architectural metal product manufacturing,1,,Regional Municipality of Durham,StatCan ODBus v1 (OGL)
5edd2a25a33f76037bbc,Duradie Technologies Inc,Pickering,Pickering,ON,43.82877,-79.04984,333519,3335,Other metalworking machinery manufacturing,0,,Regional Municipality of Durham,StatCan ODBus v1 (OGL)
37623bd3f4d00313fcab,Durham Instruments,Pickering,Pickering,ON,43.82209,-79.05100,334512,3345,"Measuring, medical and controlling devices manufacturing",1,,Regional Municipality of Durham,StatCan ODBus v1 (OGL)
26bfb208e6ab5db906b5,East End Moulds,Pickering,Pickering,ON,43.82749,-79.06919,332999,3329,All other miscellaneous fabricated metal product manufacturing,1,,Regional Municipality of Durham,StatCan ODBus v1 (OGL)
2618ae3d546dc5656ce3,Epcot Plastic Ltd,Pickering,Pickering,ON,43.82226,-79.05027,332999,3329,All other miscellaneous fabricated metal product manufacturing,1,,Regional Municipality of Durham,StatCan ODBus v1 (OGL)
e15c69563ee58aa74deb,Framatone,Pickering,Pickering,ON,43.82892,-79.06405,332319,3323,Other plate work and fabricated structural product manufacturing,1,,Regional Municipality of Durham,StatCan ODBus v1 (OGL)
ce339486910dc2e3b64a,Global Precision Installations Inc.,Pickering,Pickering,ON,43.82731,-79.06598,332999,3329,All other miscellaneous fabricated metal product manufacturing,1,,Regional Municipality of Durham,StatCan ODBus v1 (OGL)
883e56fce5bd1dadb84c,Goodman Distribution Inc,Pickering,Pickering,ON,43.83138,-79.06596,333413,3334,Industrial and commercial fan and blower and air purification equipment manufacturing,0,,Regional Municipality of Durham,StatCan ODBus v1 (OGL)
544d78ac41c81da02d8b,GT Customs,Pickering,Pickering,ON,43.83481,-79.06575,332999,3329,All other miscellaneous fabricated metal product manufacturing,1,,Regional Municipality of Durham,StatCan ODBus v1 (OGL)
29ea4b17dcb48974b081,H Paulin And Co Ltd,Pickering,Pickering,ON,43.83059,-79.05448,332510,3325,Hardware manufacturing,0,,Regional Municipality of Durham,StatCan ODBus v1 (OGL)
0e522658aba041573d2c,Howard Marten Company Limited,Pickering,Pickering,ON,43.82614,-79.06859,331210,3312,Iron and steel pipes and tubes manufacturing from purchased steel,0,,Regional Municipality of Durham,StatCan ODBus v1 (OGL)
c9d5932bc0fef5606ee0,Howard Marten Fluid Technologies Inc.,Pickering,Pickering,ON,43.82492,-79.06639,333249,3332,Other Industrial Machinery Manufacturing,1,,Regional Municipality of Durham,StatCan ODBus v1 (OGL)
d0fc36c9e0ea037fa0ac,Hubbell Canada Lp,Pickering,Pickering,ON,43.82354,-79.06590,335315,3353,"Switchgear and switchboard, and relay and industrial control apparatus manufacturing",1,,Regional Municipality of Durham,StatCan ODBus v1 (OGL)
d258e22c8073f9d3c0a0,Industrial Equipment Design Inc,Pickering,Pickering,ON,43.83599,-79.07033,333249,3332,Other Industrial Machinery Manufacturing,1,,Regional Municipality of Durham,StatCan ODBus v1 (OGL)
ce1bb94dfc250aadebc5,Intellimeter Canada Inc.,Pickering,Pickering,ON,43.82274,-79.05097,335315,3353,"Switchgear and switchboard, and relay and industrial control apparatus manufacturing",1,,Regional Municipality of Durham,StatCan ODBus v1 (OGL)
ce8cb4f11d18b264d27c,J.B Millwrighting Services Ltd,Pickering,Pickering,ON,43.83026,-79.07494,332319,3323,Other plate work and fabricated structural product manufacturing,1,,Regional Municipality of Durham,StatCan ODBus v1 (OGL)
f2e0b060d251c38dc74f,JD Precision Machining,Pickering,Pickering,ON,43.82749,-79.06919,332710,3327,Machine shops,1,,Regional Municipality of Durham,StatCan ODBus v1 (OGL)
203953afc37b3e1566fe,Lawrcon Electric And Machining Corporation,Pickering,Pickering,ON,43.82584,-79.05259,335312,3353,Motor and generator manufacturing,1,,Regional Municipality of Durham,StatCan ODBus v1 (OGL)
92d1c545661069351ba4,Mason Windows Ltd,Pickering,Pickering,ON,43.82770,-79.06238,332321,3323,Metal window and door manufacturing,1,,Regional Municipality of Durham,StatCan ODBus v1 (OGL)
af588d8df73ad6ff5afb,Metal Form Products Co. Ltd.,Pickering,Pickering,ON,43.83169,-79.06464,332999,3329,All other miscellaneous fabricated metal product manufacturing,1,,Regional Municipality of Durham,StatCan ODBus v1 (OGL)
dd044fd9604348b55aa1,Metro Pattern & Model Ltd,Pickering,Pickering,ON,43.82209,-79.05100,333511,3335,Industrial mould manufacturing,0,,Regional Municipality of Durham,StatCan ODBus v1 (OGL)
96b11d3712cb029bb336,Miratec Inc,Pickering,Pickering,ON,43.82571,-79.05445,335920,3359,Communication and energy wire and cable manufacturing,1,,Regional Municipality of Durham,StatCan ODBus v1 (OGL)
a85c57717be0a2d1c2e3,Morgans,Pickering,Pickering,ON,43.83099,-79.08228,333990,3339,All other general-purpose machinery manufacturing,1,,Regional Municipality of Durham,StatCan ODBus v1 (OGL)
cbdef5fbbef5521e88da,MSB Industries Inc,Pickering,Pickering,ON,43.82226,-79.05027,333511,3335,Industrial mould manufacturing,0,,Regional Municipality of Durham,StatCan ODBus v1 (OGL)
307a68218cae63d1acea,Nelson Industrial,Pickering,Pickering,ON,43.82508,-79.05228,332329,3323,Other ornamental and architectural metal product manufacturing,1,,Regional Municipality of Durham,StatCan ODBus v1 (OGL)
4f4fdcc983b48c31e074,Opi-Tech Scientific Inc,Pickering,Pickering,ON,43.82571,-79.05445,333310,3333,Commercial and service industry machinery manufacturing,1,,Regional Municipality of Durham,StatCan ODBus v1 (OGL)
c9e32892e8037572cf13,Pacific Engineer Inc,Pickering,Pickering,ON,43.82300,-79.06410,333249,3332,Other Industrial Machinery Manufacturing,1,,Regional Municipality of Durham,StatCan ODBus v1 (OGL)
b472b5e4e1d57af4d551,RBS Equipment Design Ltd,Pickering,Pickering,ON,43.83578,-79.07226,333990,3339,All other general-purpose machinery manufacturing,1,,Regional Municipality of Durham,StatCan ODBus v1 (OGL)
dce04955af1c5fb20528,Roll Forming Services,Pickering,Pickering,ON,43.81006,-79.11558,333248,3332,All other industrial machinery manufacturing,1,,Regional Municipality of Durham,StatCan ODBus v1 (OGL)
b73b446a430c54cd5cb9,SEM Powertrain - A Division Of Scarborough Engine,Pickering,Pickering,ON,43.82428,-79.06776,336310,3363,Motor vehicle gasoline engine and engine parts manufacturing,1,,Regional Municipality of Durham,StatCan ODBus v1 (OGL)
e84e8787784f44b11988,Signature Aluminum Canada Inc.,Pickering,Pickering,ON,43.82786,-79.05871,331523,3315,Non-ferrous metal die-casting foundries,0,,Regional Municipality of Durham,StatCan ODBus v1 (OGL)
bc5b1ae4aa1e00182c50,The hillman groups,Pickering,Pickering,ON,43.82830,-79.07421,332720,3327,"Turned product and screw, nut and bolt manufacturing",1,,Regional Municipality of Durham,StatCan ODBus v1 (OGL)
72aa9b19a7a5ef2a8f8f,The Steel Store,Pickering,Pickering,ON,43.81828,-79.05636,331221,3312,Cold-rolled steel shape manufacturing,0,,Regional Municipality of Durham,StatCan ODBus v1 (OGL)
22dbe8bf3bbf132f456f,Tool Die-Namics Inc,Pickering,Pickering,ON,43.83284,-79.05147,331523,3315,Non-ferrous metal die-casting foundries,0,,Regional Municipality of Durham,StatCan ODBus v1 (OGL)
c380ee2571e94d24802b,Transcanada Transformers & Switchgear Inc,Pickering,Pickering,ON,43.82987,-79.07025,335315,3353,"Switchgear and switchboard, and relay and industrial control apparatus manufacturing",1,,Regional Municipality of Durham,StatCan ODBus v1 (OGL)
2b57aec63321514ad299,Trench,Pickering,Pickering,ON,43.82524,-79.05745,335311,3353,"Power, distribution and specialty transformers manufacturing",1,,Regional Municipality of Durham,StatCan ODBus v1 (OGL)
07f2666be39f0a876ee3,Viper Metal Fabricators,Pickering,Pickering,ON,43.82511,-79.06813,333519,3335,Other metalworking machinery manufacturing,0,,Regional Municipality of Durham,StatCan ODBus v1 (OGL)
cfc79abe910ac602be1f,A-ONE GARAGE DOOR,Richmond Hill,Richmond Hill,ON,,,33232,3323,Ornamental and architectural metal product manufacturing,1,5-9,Regional Municipality of York,StatCan ODBus v1 (OGL)
02482f7c786bb06e83fe,ALCAN RAILING,Richmond Hill,Richmond Hill,ON,,,33232,3323,Ornamental and architectural metal product manufacturing,1,1-4,Regional Municipality of York,StatCan ODBus v1 (OGL)
4fbcb133fda36c8eb5af,ALMO TECHNOLOGIES INC.,Richmond Hill,Richmond Hill,ON,,,33324,3332,Industrial machinery manufacturing,1,10-19,Regional Municipality of York,StatCan ODBus v1 (OGL)
dfe3408e91d2c8e3967d,AMSTEL MANUFACTURING (1993) INC.,Richmond Hill,Richmond Hill,ON,,,33232,3323,Ornamental and architectural metal product manufacturing,1,20-49,Regional Municipality of York,StatCan ODBus v1 (OGL)
73fa62d0f1b6050d4d80,ANREN PRECISION,Richmond Hill,Richmond Hill,ON,,,33599,3359,All other electrical equipment and component manufacturing,1,5-9,Regional Municipality of York,StatCan ODBus v1 (OGL)
efb15c215025ae4abd70,APPLANIX CORPORATION,Richmond Hill,Richmond Hill,ON,,,33451,3345,"Navigational, measuring, medical and control instruments manufacturing",1,100-499,Regional Municipality of York,StatCan ODBus v1 (OGL)
d7badf160b2e55ca46a2,ARSHON TECHNOLOGY INC.,Richmond Hill,Richmond Hill,ON,,,33531,3353,Electrical equipment manufacturing,1,10-19,Regional Municipality of York,StatCan ODBus v1 (OGL)
9531fd8dbcf203ef05af,ARTAFLEX.TORONTO INC.,Richmond Hill,Richmond Hill,ON,,,33441,3344,Semiconductor and other electronic component manufacturing,1,50-99,Regional Municipality of York,StatCan ODBus v1 (OGL)
af41e0bbc2ebfd043e65,AUTO BAKE INDUSTRIES LTD.,Richmond Hill,Richmond Hill,ON,,,33324,3332,Industrial machinery manufacturing,1,50-99,Regional Municipality of York,StatCan ODBus v1 (OGL)
0653d11598298463d483,BEACON INNOVATION INTERNATIONAL INC.,Richmond Hill,Richmond Hill,ON,,,33451,3345,"Navigational, measuring, medical and control instruments manufacturing",1,5-9,Regional Municipality of York,StatCan ODBus v1 (OGL)
c4866e5c1020159d78f2,CENSUS DIGITAL INC.,Richmond Hill,Richmond Hill,ON,,,33441,3344,Semiconductor and other electronic component manufacturing,1,1-4,Regional Municipality of York,StatCan ODBus v1 (OGL)
76784a3d5171dab6c7fa,COLDFORM MANUFACTURING INC.,Richmond Hill,Richmond Hill,ON,,,33111,3311,Iron and steel mills and ferro-alloy manufacturing,0,50-99,Regional Municipality of York,StatCan ODBus v1 (OGL)
3db8f24ae254f3d02a24,CPE - APE INC.,Richmond Hill,Richmond Hill,ON,,,33331,3333,Commercial and service industry machinery manufacturing,1,5-9,Regional Municipality of York,StatCan ODBus v1 (OGL)
ddd7d3d5b0b487e8a849,DIANCO STEEL LTD.,Richmond Hill,Richmond Hill,ON,,,33231,3323,Plate work and fabricated structural product manufacturing,1,1-4,Regional Municipality of York,StatCan ODBus v1 (OGL)
b0739bde903fc57d1888,DIGITAL MULTITOOLS,Richmond Hill,Richmond Hill,ON,,,33411,3341,Computer and peripheral equipment manufacturing,0,5-9,Regional Municipality of York,StatCan ODBus v1 (OGL)
d506adc0a59a0dfc63d3,DOD TECH,Richmond Hill,Richmond Hill,ON,,,33431,3343,Audio and video equipment manufacturing,0,1-4,Regional Municipality of York,StatCan ODBus v1 (OGL)
ed283d2ca8de5e102e08,DR ROBOT,Richmond Hill,Richmond Hill,ON,,,33399,3339,All other general-purpose machinery manufacturing,1,5-9,Regional Municipality of York,StatCan ODBus v1 (OGL)
97dcd0aa9b6e27bfee8e,EMBROSS NORTH AMERICA LTD.,Richmond Hill,Richmond Hill,ON,,,33411,3341,Computer and peripheral equipment manufacturing,0,50-99,Regional Municipality of York,StatCan ODBus v1 (OGL)
7b9f515c0d1959ccb3f1,EMISZ INDUSTRY INC.,Richmond Hill,Richmond Hill,ON,,,33441,3344,Semiconductor and other electronic component manufacturing,1,5-9,Regional Municipality of York,StatCan ODBus v1 (OGL)
df1be91e72943d09cec0,ENVIROGARD PRODUCTS LTD.,Richmond Hill,Richmond Hill,ON,,,33331,3333,Commercial and service industry machinery manufacturing,1,20-49,Regional Municipality of York,StatCan ODBus v1 (OGL)
8e9fccdcb0e7244e5ee9,EUROFASE LIGHTING,Richmond Hill,Richmond Hill,ON,,,33512,3351,Lighting fixture manufacturing,0,50-99,Regional Municipality of York,StatCan ODBus v1 (OGL)
1e5f4bd2459ef91a6a23,FLEXMASTER CANADA LTD.,Richmond Hill,Richmond Hill,ON,,,33299,3329,All other fabricated metal product manufacturing,1,20-49,Regional Municipality of York,StatCan ODBus v1 (OGL)
007ec16e10f4ddbe8c7d,FLEXMASTER COMPANY LTD.,Richmond Hill,Richmond Hill,ON,,,33341,3334,"Ventilation, heating, air-conditioning and commercial refrigeration equipment manufacturing",0,5-9,Regional Municipality of York,StatCan ODBus v1 (OGL)
fad5e65e44061cd06b0b,FRANK BONIGUT ENGRAVING LTD.,Richmond Hill,Richmond Hill,ON,,,33281,3328,"Coating, engraving, heat treating and allied activities",1,1-4,Regional Municipality of York,StatCan ODBus v1 (OGL)
e6c0dbf4f6c27e4fabe7,FTI INTERNATIONAL GROUP INC.,Richmond Hill,Richmond Hill,ON,,,33391,3339,Pump and compressor manufacturing,1,5-9,Regional Municipality of York,StatCan ODBus v1 (OGL)
0635841ee63b19f0d803,GAMMA FOUNDRIES INC.,Richmond Hill,Richmond Hill,ON,,,33151,3315,Ferrous metal foundries,0,50-99,Regional Municipality of York,StatCan ODBus v1 (OGL)
4725bc9e6f6d160dcba7,GARDEL METAL PRODUCTS INC.,Richmond Hill,Richmond Hill,ON,,,33351,3335,Metalworking machinery manufacturing,0,50-99,Regional Municipality of York,StatCan ODBus v1 (OGL)
26f211f2ce6e2ff6dd25,GGI ROAD & TRAFFIC,Richmond Hill,Richmond Hill,ON,,,33429,3342,Other communications equipment manufacturing,0,,Regional Municipality of York,StatCan ODBus v1 (OGL)
9bd14c5fd587186f70d4,GOLDEN TOOL & DIE,Richmond Hill,Richmond Hill,ON,,,33299,3329,All other fabricated metal product manufacturing,1,1-4,Regional Municipality of York,StatCan ODBus v1 (OGL)
795f5506b6574af18dc3,GORMLEY CUSTOM SHEET METAL,Richmond Hill,Richmond Hill,ON,,,33111,3311,Iron and steel mills and ferro-alloy manufacturing,0,1-4,Regional Municipality of York,StatCan ODBus v1 (OGL)
2174e2d6b4a16ca22eb9,GRAPHIC ROLL COVERINGS,Richmond Hill,Richmond Hill,ON,,,33324,3332,Industrial machinery manufacturing,1,20-49,Regional Municipality of York,StatCan ODBus v1 (OGL)
cae6709dde5f769f2bad,HERMA MOTOR SERVICES INC.,Richmond Hill,Richmond Hill,ON,,,33341,3334,Commercial and industrial machinery and equipment (except automotive and electronic) repair and maintenance,0,10-19,Regional Municipality of York,StatCan ODBus v1 (OGL)
1e7ea2715317949e8e53,HIBAR SYSTEMS LTD.,Richmond Hill,Richmond Hill,ON,,,33399,3339,All other general-purpose machinery manufacturing,1,100-499,Regional Municipality of York,StatCan ODBus v1 (OGL)
8248bbbd4096cda24306,HIGH SENSE SOLUTIONS,Richmond Hill,Richmond Hill,ON,,,33451,3345,"Navigational, measuring, medical and control instruments manufacturing",1,1-4,Regional Municipality of York,StatCan ODBus v1 (OGL)
c07750927f3cb90933ac,ICONTROLS INC.,Richmond Hill,Richmond Hill,ON,,,33531,3353,Electrical equipment manufacturing,1,5-9,Regional Municipality of York,StatCan ODBus v1 (OGL)
80f04abc0afff4a3b351,IMPERIAL IRRIGATION COMPANY LIMITED,Richmond Hill,Richmond Hill,ON,,,33331,3333,Commercial and service industry machinery manufacturing,1,20-49,Regional Municipality of York,StatCan ODBus v1 (OGL)
b0a5b88c739e3c6297ee,IRPINA RAILING MANUFACTURING LTD.,Richmond Hill,Richmond Hill,ON,,,33131,3313,Millwork,0,1-4,Regional Municipality of York,StatCan ODBus v1 (OGL)
82e1ccefbc76c88e29d7,JABA SYSTEMS (CANADA) INC.,Richmond Hill,Richmond Hill,ON,,,33411,3341,Computer and peripheral equipment manufacturing,0,10-19,Regional Municipality of York,StatCan ODBus v1 (OGL)
87f1dd8f33eb1a6a46e9,KIRCHHOFF AUTOMOTIVE,Richmond Hill,Richmond Hill,ON,,,33637,3363,Motor vehicle metal stamping,1,50-99,Regional Municipality of York,StatCan ODBus v1 (OGL)
08aec81b3b8667865a5b,LINKUP TECHNOLOGY INC.,Richmond Hill,Richmond Hill,ON,,,33411,3341,Computer and peripheral equipment manufacturing,0,5-9,Regional Municipality of York,StatCan ODBus v1 (OGL)
9950ae4de76c1f93ca18,LITELINE CORPORATION,Richmond Hill,Richmond Hill,ON,,,33511,3351,Electric lamp bulb and parts manufacturing,0,100-499,Regional Municipality of York,StatCan ODBus v1 (OGL)
fdfc91139e3eb2cc9fde,LOGIKA TECHNOLOGIES INC.,Richmond Hill,Richmond Hill,ON,,,33451,3345,"Navigational, measuring, medical and control instruments manufacturing",1,10-19,Regional Municipality of York,StatCan ODBus v1 (OGL)
7427d5cb3b74ebccf655,LUMICISION INC.,Richmond Hill,Richmond Hill,ON,,,33281,3328,"Coating, engraving, heat treating and allied activities",1,1-4,Regional Municipality of York,StatCan ODBus v1 (OGL)
d3ed1795027a44a8a28a,LUMIDESIGN,Richmond Hill,Richmond Hill,ON,,,33512,3351,Glass and glass product manufacturing,0,5-9,Regional Municipality of York,StatCan ODBus v1 (OGL)
4391b128bfd87fa663f7,MAGNA - EXTERIORS & INTERIORS,Richmond Hill,Richmond Hill,ON,,,33639,3363,Other motor vehicle parts manufacturing,1,100-499,Regional Municipality of York,StatCan ODBus v1 (OGL)
163f67ab9aee0dd21228,MANSTEEL LTD.,Richmond Hill,Richmond Hill,ON,,,33111,3311,Iron and steel mills and ferro-alloy manufacturing,0,50-99,Regional Municipality of York,StatCan ODBus v1 (OGL)
024d16275509f49236c4,MANSTEEL REBAR LTD.,Richmond Hill,Richmond Hill,ON,,,33231,3323,Plate work and fabricated structural product manufacturing,1,50-99,Regional Municipality of York,StatCan ODBus v1 (OGL)
3c4a7928a10a5ef95e81,MIS ELECTRONICS INC.,Richmond Hill,Richmond Hill,ON,,,33441,3344,Semiconductor and other electronic component manufacturing,1,50-99,Regional Municipality of York,StatCan ODBus v1 (OGL)
654909cd2297fe740cbf,MT MOTORSPORTS,Richmond Hill,Richmond Hill,ON,,,33639,3363,Other motor vehicle parts manufacturing,1,1-4,Regional Municipality of York,StatCan ODBus v1 (OGL)
0bb6aa95c4a219804328,MULTIMATIC INMET,Richmond Hill,Richmond Hill,ON,,,33637,3363,Motor vehicle metal stamping,1,100-499,Regional Municipality of York,StatCan ODBus v1 (OGL)
33658b0a35f6c186baaf,O'HARA TECHNOLOGIES INC.,Richmond Hill,Richmond Hill,ON,,,33324,3332,Industrial machinery manufacturing,1,50-99,Regional Municipality of York,StatCan ODBus v1 (OGL)
6bfcb4fd3b538efd74ac,ODIS DESIGN INC.,Richmond Hill,Richmond Hill,ON,,,33521,3352,Small electrical appliance manufacturing,0,1-4,Regional Municipality of York,StatCan ODBus v1 (OGL)
1de2512b2fe660ec093a,PEPPERTREE AIR SOLUTIONS,Richmond Hill,Richmond Hill,ON,,,33341,3334,"Ventilation, heating, air-conditioning and commercial refrigeration equipment manufacturing",0,10-19,Regional Municipality of York,StatCan ODBus v1 (OGL)
a83bfece1c8a39f9a423,PRIME LIGHTBOXES,Richmond Hill,Richmond Hill,ON,,,33511,3351,Electric lamp bulb and parts manufacturing,0,5-9,Regional Municipality of York,StatCan ODBus v1 (OGL)
2aed559aa3f8637f2df7,QUALITEST INTERNATIONAL INC.,Richmond Hill,Richmond Hill,ON,,,33451,3345,"Navigational, measuring, medical and control instruments manufacturing",1,10-19,Regional Municipality of York,StatCan ODBus v1 (OGL)
b69073c124cf6d1fe8da,R. F. MOTE LTD.,Richmond Hill,Richmond Hill,ON,,,33299,3329,All other fabricated metal product manufacturing,1,20-49,Regional Municipality of York,StatCan ODBus v1 (OGL)
4ed1b72e1bfa4c8e9213,RECORD TECHNOLOGY AND DEVELOPMENT,Richmond Hill,Richmond Hill,ON,,,33351,3335,Metalworking machinery manufacturing,0,20-49,Regional Municipality of York,StatCan ODBus v1 (OGL)
48c3e0007025492f5918,SERVETRONICS MANUFACTURING LIMITED,Richmond Hill,Richmond Hill,ON,,,33441,3344,Semiconductor and other electronic component manufacturing,1,20-49,Regional Municipality of York,StatCan ODBus v1 (OGL)
6256be6638ff61af82b3,SOLUTION TOOL & GAUGE,Richmond Hill,Richmond Hill,ON,,,33351,3335,Metalworking machinery manufacturing,0,1-4,Regional Municipality of York,StatCan ODBus v1 (OGL)
47a4dc064e1e9b549c58,STEEL LETTER DEPOT,Richmond Hill,Richmond Hill,ON,,,33211,3321,Forging and stamping,1,1-4,Regional Municipality of York,StatCan ODBus v1 (OGL)
eac92deaadf6728163b8,TARGET TEK INC.,Richmond Hill,Richmond Hill,ON,,,33271,3327,Machine shops,1,1-4,Regional Municipality of York,StatCan ODBus v1 (OGL)
1f0824addb58672d727d,TORONTO ART RAILING INC.,Richmond Hill,Richmond Hill,ON,,,33232,3323,Ornamental and architectural metal product manufacturing,1,1-4,Regional Municipality of York,StatCan ODBus v1 (OGL)
3d7a65c609b38803544d,TREADOMA INDUSTRIES INC.,Richmond Hill,Richmond Hill,ON,,,33271,3327,Machine shops,1,,Regional Municipality of York,StatCan ODBus v1 (OGL)
8593686ec11f42a7d87f,VICTAULIC COMPANY OF CANADA LTD.,Richmond Hill,Richmond Hill,ON,,,33291,3329,Metal valve manufacturing,1,,Regional Municipality of York,StatCan ODBus v1 (OGL)
0d3529d052dab57af338,VICTAULIC COMPANY OF CANADA LTD.,Richmond Hill,Richmond Hill,ON,,,33291,3329,Metal valve manufacturing,1,100-499,Regional Municipality of York,StatCan ODBus v1 (OGL)
08511a44f766937e7aa5,VT ELECTRONICS INC.,Richmond Hill,Richmond Hill,ON,,,33431,3343,Audio and video equipment manufacturing,0,1-4,Regional Municipality of York,StatCan ODBus v1 (OGL)
36f7efdaf09270e622ec,WASTEQUIP CUSCO,Richmond Hill,Richmond Hill,ON,,,33331,3333,Commercial and service industry machinery manufacturing,1,20-49,Regional Municipality of York,StatCan ODBus v1 (OGL)
7e2a3730b77b03dfe032,WDI WISE DEVICE INC,Richmond Hill,Richmond Hill,ON,,,33441,3344,Semiconductor and other electronic component manufacturing,1,50-99,Regional Municipality of York,StatCan ODBus v1 (OGL)
e5797fe8a74893a7d2af,WITTMANN BATTENFELD CANADA INC.,Richmond Hill,Richmond Hill,ON,,,33399,3339,All other general-purpose machinery manufacturing,1,20-49,Regional Municipality of York,StatCan ODBus v1 (OGL)
26f393f6e76a6e610cfe,Blackstock Machine Shop,Blackstock,Scugog,ON,44.08166,-78.80881,332710,3327,Machine shops,1,,Regional Municipality of Durham,StatCan ODBus v1 (OGL)
2a2eb66e2e1e8d87c3d3,Cardinal,Port Perry,Scugog,ON,44.10527,-78.97697,333131,3331,Mining Machinery and Equipment Manufacturing,0,,Regional Municipality of Durham,StatCan ODBus v1 (OGL)
807a4d2ce30663165531,Lev-Co,Port Perry,Scugog,ON,44.10624,-78.97776,333413,3334,Industrial and commercial fan and blower and air purification equipment manufacturing,0,,Regional Municipality of Durham,StatCan ODBus v1 (OGL)
366e6b208c0b08a54d94,Matchtech Advanced Manufacturing Inc.,Port Perry,Scugog,ON,44.09445,-78.98287,332710,3327,Machine shops,1,,Regional Municipality of Durham,StatCan ODBus v1 (OGL)
2a5b75dafc16b06aef72,Metal Man Manufacturing,Port Perry,Scugog,ON,44.10009,-78.97259,332999,3329,All other miscellaneous fabricated metal product manufacturing,1,,Regional Municipality of Durham,StatCan ODBus v1 (OGL)
2f9516ee5e3b7162d22e,North Line Canada,Port Perry,Scugog,ON,44.10329,-78.94095,336990,3369,Other transportation equipment manufacturing,1,,Regional Municipality of Durham,StatCan ODBus v1 (OGL)
c776a47b01ae23b2610b,North Line Canada Ltd.,Scugog,Scugog,ON,44.10617,-78.94363,336990,3369,Other transportation equipment manufacturing,1,,Regional Municipality of Durham,StatCan ODBus v1 (OGL)
6c6fd4533df6debf6e9d,AGF Access,Uxbridge Rural,Uxbridge,ON,44.01970,-79.23561,332312,3323,Fabricated Structural Metal Manufacturing,1,,Regional Municipality of Durham,StatCan ODBus v1 (OGL)
bf5dc36aa1efca1760de,Art Forms International Inc.,Uxbridge,Uxbridge,ON,44.10535,-79.11143,332314,3323,Concrete reinforcing bar manufacturing,1,,Regional Municipality of Durham,StatCan ODBus v1 (OGL)
446238e87e0d773ad704,Atl Industries,Uxbridge,Uxbridge,ON,44.04587,-79.24093,336340,3363,Motor vehicle brake system manufacturing,1,,Regional Municipality of Durham,StatCan ODBus v1 (OGL)
ea86c79a40f89dbaa965,Brighton Woodworking Machinery,Uxbridge Rural,Uxbridge,ON,44.13561,-79.12810,333245,3332,Sawmill and woodworking machinery manufacturing,1,,Regional Municipality of Durham,StatCan ODBus v1 (OGL)
c61afe5f46d583a3b442,Cobra Metal Manufacturing Ltd.,Sanford,Uxbridge,ON,44.04875,-79.17652,333416,3334,Heating equipment and commercial refrigeration equipment manufacturing,0,,Regional Municipality of Durham,StatCan ODBus v1 (OGL)
abd0f2aa6f07263b7c53,F.J. Stamping Ltd.,Sanford,Uxbridge,ON,44.04875,-79.17652,332118,3321,Stamping,1,,Regional Municipality of Durham,StatCan ODBus v1 (OGL)
4f24b4341030b21cdd6d,Hans Steel Canada,Uxbridge,Uxbridge,ON,44.01866,-79.23909,331210,3312,Iron and steel pipes and tubes manufacturing from purchased steel,0,,Regional Municipality of Durham,StatCan ODBus v1 (OGL)
0a91766bf47da29fa32c,Hyper Cnc Machining,Sanford,Uxbridge,ON,44.04875,-79.17652,332710,3327,Machine shops,1,,Regional Municipality of Durham,StatCan ODBus v1 (OGL)
a48a6679f1024b47f8de,Koch-Glitsch Canada Ltd,Uxbridge,Uxbridge,ON,44.11482,-79.12489,333413,3334,Industrial and commercial fan and blower and air purification equipment manufacturing,0,,Regional Municipality of Durham,StatCan ODBus v1 (OGL)
b4b81ad5f4da0301cad9,Load Lifter Manufacturing Ltd.,Uxbridge Rural,Uxbridge,ON,44.01645,-79.23617,333920,3339,Material handling equipment manufacturing,1,,Regional Municipality of Durham,StatCan ODBus v1 (OGL)
b79bbc64daca355bb39e,OC Welding,Uxbridge,Uxbridge,ON,44.09407,-79.12900,333992,3339,Welding and Soldering Equipment Manufacturing,1,,Regional Municipality of Durham,StatCan ODBus v1 (OGL)
7236d5f3c60607a2564d,Payment In Motion,Uxbridge,Uxbridge,ON,44.12080,-79.12710,334511,3345,Navigational and guidance instruments manufacturing,1,,Regional Municipality of Durham,StatCan ODBus v1 (OGL)
cf4c4e6b2153c68e70e5,3G LIGHTING,Vaughan,Vaughan,ON,,,33512,3351,Lighting fixture manufacturing,0,50-99,Regional Municipality of York,StatCan ODBus v1 (OGL)
55220e96c26e47c7c95e,3G METALWORX,Vaughan,Vaughan,ON,,,33593,3359,Wiring device manufacturing,1,50-99,Regional Municipality of York,StatCan ODBus v1 (OGL)
15e92ec782ed93e715a5,A & D PRECISION LTD.,Vaughan,Vaughan,ON,,,33271,3327,Machine shops,1,20-49,Regional Municipality of York,StatCan ODBus v1 (OGL)
d982eb236ef5670a80ae,A+ PREMIUM DOOR SYSTEMS,Vaughan,Vaughan,ON,,,33232,3323,Ornamental and architectural metal product manufacturing,1,5-9,Regional Municipality of York,StatCan ODBus v1 (OGL)
c27ae78d6fee0c86148b,A.C.T. INC.,Vaughan,Vaughan,ON,,,33242,3324,Metal tank (heavy gauge) manufacturing,0,,Regional Municipality of York,StatCan ODBus v1 (OGL)
293f35d0816dbf9fb875,AB SUPERABRASIVE TOOLS,Vaughan,Vaughan,ON,,,33351,3335,Metalworking machinery manufacturing,0,1-4,Regional Municipality of York,StatCan ODBus v1 (OGL)
713be4531dad0d979d26,ABBECAN INDUSTRIES INC.,Vaughan,Vaughan,ON,,,33271,3327,Machine shops,1,10-19,Regional Municipality of York,StatCan ODBus v1 (OGL)
d61629f1a6dc7b1169b6,ABC ENGRAVING & MARKING INC.,Vaughan,Vaughan,ON,,,33281,3328,"Coating, engraving, heat treating and allied activities",1,1-4,Regional Municipality of York,StatCan ODBus v1 (OGL)
4a810b91720c546a1d04,ABILITY FABRICATIONS INC.,Vaughan,Vaughan,ON,,,33299,3329,All other fabricated metal product manufacturing,1,20-49,Regional Municipality of York,StatCan ODBus v1 (OGL)
e429400788de1badbfbd,ABN REFRIGERATION MANUFACTURING,Vaughan,Vaughan,ON,,,33341,3334,"Ventilation, heating, air-conditioning and commercial refrigeration equipment manufacturing",0,10-19,Regional Municipality of York,StatCan ODBus v1 (OGL)
a8fa1302d8b4786b1056,ABRAHAM STEEL SERVICE LTD.,Vaughan,Vaughan,ON,,,33232,3323,Ornamental and architectural metal product manufacturing,1,10-19,Regional Municipality of York,StatCan ODBus v1 (OGL)
f142c8e729b2c01492c2,ABS SALES LTD.,Vaughan,Vaughan,ON,,,33232,3323,Ornamental and architectural metal product manufacturing,1,1-4,Regional Municipality of York,StatCan ODBus v1 (OGL)
dd262bb46feaa24c0c25,ABSOLUTE DOOR AND TRIM,Vaughan,Vaughan,ON,,,33232,3323,Ornamental and architectural metal product manufacturing,1,5-9,Regional Municipality of York,StatCan ODBus v1 (OGL)
95d214ef5fa766b1f243,ACCUCUT MACHINING,Vaughan,Vaughan,ON,,,33231,3323,Plate work and fabricated structural product manufacturing,1,10-19,Regional Municipality of York,StatCan ODBus v1 (OGL)
1a4dc1b039f50fad374e,ACCUCUT PROFILE & GRINDING LTD.,Vaughan,Vaughan,ON,,,33111,3311,Iron and steel mills and ferro-alloy manufacturing,0,50-99,Regional Municipality of York,StatCan ODBus v1 (OGL)
b09d2c9655189e893a79,ACCURATE WATERJET CUTTING SERVICES LTD.,Vaughan,Vaughan,ON,,,33271,3327,Machine shops,1,1-4,Regional Municipality of York,StatCan ODBus v1 (OGL)
04586518ccd234d37e73,ACCUTEC STEEL RULE DIE & CUTTING INC.,Vaughan,Vaughan,ON,,,33351,3335,Metalworking machinery manufacturing,0,10-19,Regional Municipality of York,StatCan ODBus v1 (OGL)
9815b7e92e10110d90b1,ACM TOOLING,Vaughan,Vaughan,ON,,,33637,3363,Motor vehicle metal stamping,1,10-19,Regional Municipality of York,StatCan ODBus v1 (OGL)
08cc27246807264c607a,AD ENGRAVING,Vaughan,Vaughan,ON,,,33451,3345,"Navigational, measuring, medical and control instruments manufacturing",1,5-9,Regional Municipality of York,StatCan ODBus v1 (OGL)
2603e5dea949b73c8855,ADDITIVE METAL MANUFACTURING,Vaughan,Vaughan,ON,,,33299,3329,All other fabricated metal product manufacturing,1,5-9,Regional Municipality of York,StatCan ODBus v1 (OGL)
c85e2b7f3efda147c85b,ADVANCED COMBUSTION INC.,Vaughan,Vaughan,ON,,,33324,3332,Industrial machinery manufacturing,1,20-49,Regional Municipality of York,StatCan ODBus v1 (OGL)
e6ae6449c430f1b2130e,ADVANCED PRODUCTS TECHNOLOGY,Vaughan,Vaughan,ON,,,33639,3363,Other motor vehicle parts manufacturing,1,100-499,Regional Municipality of York,StatCan ODBus v1 (OGL)
2889c3b5cba0f0bf1cde,AERO PRECISION LTD.,Vaughan,Vaughan,ON,,,33271,3327,Machine shops,1,5-9,Regional Municipality of York,StatCan ODBus v1 (OGL)
a7261302194dd9673b70,AERO-HILL ENGINE REBUILDERS INC.,Vaughan,Vaughan,ON,,,33631,3363,Motor vehicle gasoline engine and engine parts manufacturing,1,5-9,Regional Municipality of York,StatCan ODBus v1 (OGL)
8539d3b5ebd61ac6d659,AFFILIATED FORCE INC.,Vaughan,Vaughan,ON,,,33399,3339,All other general-purpose machinery manufacturing,1,5-9,Regional Municipality of York,StatCan ODBus v1 (OGL)
2f77e626c95832ab63c7,AFFINITY ALUMINUM SYSTEMS LTD.,Vaughan,Vaughan,ON,,,33232,3323,Ornamental and architectural metal product manufacturing,1,20-49,Regional Municipality of York,StatCan ODBus v1 (OGL)
f64a5726befa442058e0,AIR MAX TECHNOLOGIES,Vaughan,Vaughan,ON,,,33341,3334,"Ventilation, heating, air-conditioning and commercial refrigeration equipment manufacturing",0,10-19,Regional Municipality of York,StatCan ODBus v1 (OGL)
d1466c3573092b3bbe56,ALFIELD INDUSTRIES / MARTINREA,Vaughan,Vaughan,ON,,,33637,3363,Motor vehicle metal stamping,1,500+,Regional Municipality of York,StatCan ODBus v1 (OGL)
adf641dc90269b752edf,ALLAN FYFE EQUIPMENT LTD.,Vaughan,Vaughan,ON,,,33312,3331,Construction machinery manufacturing,0,10-19,Regional Municipality of York,StatCan ODBus v1 (OGL)
ed80ce9a31045a8bdee4,ALLURE ALUMINUM,Vaughan,Vaughan,ON,,,33232,3323,Ornamental and architectural metal product manufacturing,1,1-4,Regional Municipality of York,StatCan ODBus v1 (OGL)
9e12c996fc325726da2f,ALMA WINDOWS & DOORS LTD.,Vaughan,Vaughan,ON,,,33232,3323,Ornamental and architectural metal product manufacturing,1,5-9,Regional Municipality of York,StatCan ODBus v1 (OGL)
282a59344b186b4c897d,ALPEN MACHINE & TOOL LTD.,Vaughan,Vaughan,ON,,,33271,3327,Machine shops,1,1-4,Regional Municipality of York,StatCan ODBus v1 (OGL)
7eaa854ab7afc971f710,ALPHA ALUMINUM PRODUCTS INC.,Vaughan,Vaughan,ON,,,33232,3323,Ornamental and architectural metal product manufacturing,1,5-9,Regional Municipality of York,StatCan ODBus v1 (OGL)
522513a1d635b54ea270,ALPHA METAL FINISHING,Vaughan,Vaughan,ON,,,33281,3328,"Coating, engraving, heat treating and allied activities",1,1-4,Regional Municipality of York,StatCan ODBus v1 (OGL)
c574db3c778b4ef70af9,ALPS WELDING LTD.,Vaughan,Vaughan,ON,,,33231,3323,Plate work and fabricated structural product manufacturing,1,50-99,Regional Municipality of York,StatCan ODBus v1 (OGL)
6997d59d064fc4d39cc8,ALRON MANUFACTURING LTD.,Vaughan,Vaughan,ON,,,33271,3327,Machine shops,1,10-19,Regional Municipality of York,StatCan ODBus v1 (OGL)
a3f714bab2fe7d660b09,ALUMARAIL MANUFACTURING INC.,Vaughan,Vaughan,ON,,,33232,3323,Ornamental and architectural metal product manufacturing,1,20-49,Regional Municipality of York,StatCan ODBus v1 (OGL)
b6a2aeb21ca38a982b0c,ALUMICAST,Vaughan,Vaughan,ON,,,33152,3315,Non-ferrous metal foundries,0,5-9,Regional Municipality of York,StatCan ODBus v1 (OGL)
23f2f5fc05ebd923512e,ALUMICOM,Vaughan,Vaughan,ON,,,33232,3323,Ornamental and architectural metal product manufacturing,1,20-49,Regional Municipality of York,StatCan ODBus v1 (OGL)
e545a48086d70e7a6d07,ALUMINEX 2000 INC.,Vaughan,Vaughan,ON,,,33232,3323,Ornamental and architectural metal product manufacturing,1,5-9,Regional Municipality of York,StatCan ODBus v1 (OGL)
d3e1756416449053be03,ALUMINUM WINDOWS DESIGNS LTD.,Vaughan,Vaughan,ON,,,33232,3323,Ornamental and architectural metal product manufacturing,1,50-99,Regional Municipality of York,StatCan ODBus v1 (OGL)
a31c0515d610c8dca3cf,AM STUDIO LIGHTING INC,Vaughan,Vaughan,ON,,,33512,3351,Lighting fixture manufacturing,0,1-4,Regional Municipality of York,StatCan ODBus v1 (OGL)
3e69a9f5d1934c873671,AMERICAN HARDWARE,Vaughan,Vaughan,ON,,,33232,3323,Ornamental and architectural metal product manufacturing,1,1-4,Regional Municipality of York,StatCan ODBus v1 (OGL)
687b0e80aecc7b7179dc,AMP PROMATIC INC.,Vaughan,Vaughan,ON,,,33392,3339,Material handling equipment manufacturing,1,10-19,Regional Municipality of York,StatCan ODBus v1 (OGL)
50f74d1250e76773b1e3,ANFIELD SENSORS INC,Vaughan,Vaughan,ON,,,33451,3345,"Navigational, measuring, medical and control instruments manufacturing",1,20-49,Regional Municipality of York,StatCan ODBus v1 (OGL)
a556e5500beb4f51b751,ANISHA AUTOMATION,Vaughan,Vaughan,ON,,,33639,3363,Other motor vehicle parts manufacturing,1,1-4,Regional Municipality of York,StatCan ODBus v1 (OGL)
783386281dc4332dfddf,ANRA MANUFACTURING,Vaughan,Vaughan,ON,,,33621,3362,Motor vehicle body and trailer manufacturing,0,1-4,Regional Municipality of York,StatCan ODBus v1 (OGL)
a4cfb3296ed6bf2d8e87,ANTALEX INC.,Vaughan,Vaughan,ON,,,33299,3329,All other fabricated metal product manufacturing,1,20-49,Regional Municipality of York,StatCan ODBus v1 (OGL)
18a14224138a980107cb,ANTAMEX INDUSTRIES ULC,Vaughan,Vaughan,ON,,,33232,3323,Ornamental and architectural metal product manufacturing,1,100-499,Regional Municipality of York,StatCan ODBus v1 (OGL)
e2362fcacb228cc6b5e1,ANTECH PLASTICS,Vaughan,Vaughan,ON,,,33324,3332,Industrial machinery manufacturing,1,20-49,Regional Municipality of York,StatCan ODBus v1 (OGL)
f6f8448a97cf6577b54a,ANTECH TECHNOLOGIES,Vaughan,Vaughan,ON,,,33281,3328,"Coating, engraving, heat treating and allied activities",1,1-4,Regional Municipality of York,StatCan ODBus v1 (OGL)
67ea908ec1e8bffaadba,ANV AUTOMATION,Vaughan,Vaughan,ON,,,33271,3327,Machine shops,1,10-19,Regional Municipality of York,StatCan ODBus v1 (OGL)
aad2858f0a957c84f309,APOLO MANUFACTURING INC.,Vaughan,Vaughan,ON,,,33131,3313,Alumina and aluminum production and processing,0,50-99,Regional Municipality of York,StatCan ODBus v1 (OGL)
705b6109ab0d2f991f99,ARCELOR MITTAL TAILORED BLANKS,Vaughan,Vaughan,ON,,,33231,3323,Plate work and fabricated structural product manufacturing,1,50-99,Regional Municipality of York,StatCan ODBus v1 (OGL)
43e4b8eaa16c55d3c02e,ARCHITECTURAL SIGN ENGRAVING LTD.,Vaughan,Vaughan,ON,,,33281,3328,"Coating, engraving, heat treating and allied activities",1,1-4,Regional Municipality of York,StatCan ODBus v1 (OGL)
a7ceb40b28fe1ffd81ab,ARCTIC STAINLESS LTD.,Vaughan,Vaughan,ON,,,33299,3329,All other fabricated metal product manufacturing,1,1-4,Regional Municipality of York,StatCan ODBus v1 (OGL)
bb9bfc4b3179f3993474,ARGO MACHINES,Vaughan,Vaughan,ON,,,33324,3332,Industrial machinery manufacturing,1,1-4,Regional Municipality of York,StatCan ODBus v1 (OGL)
e57d3ec105203ce7f630,ARIE PLASTICS LTD.,Vaughan,Vaughan,ON,,,33324,3332,Industrial machinery manufacturing,1,1-4,Regional Municipality of York,StatCan ODBus v1 (OGL)
d413ce25ffc14b4b1af6,ART CROWN MOULDING,Vaughan,Vaughan,ON,,,33299,3329,All other fabricated metal product manufacturing,1,1-4,Regional Municipality of York,StatCan ODBus v1 (OGL)
41ed148277e3490d79b3,ARTISTIC SKYLIGHT DOMES LTD.,Vaughan,Vaughan,ON,,,33232,3323,Ornamental and architectural metal product manufacturing,1,10-19,Regional Municipality of York,StatCan ODBus v1 (OGL)
93f3a34f18a6e682ed21,ASSA ABLOY/ FLEMING BARON METAL INDUSTRIES INC.,Vaughan,Vaughan,ON,,,33232,3323,Ornamental and architectural metal product manufacturing,1,100-499,Regional Municipality of York,StatCan ODBus v1 (OGL)
2d2d23256246cb8ec1c1,ASSEMBLY AUTOMATION ALTERNATIVES,Vaughan,Vaughan,ON,,,33399,3339,All other general-purpose machinery manufacturing,1,10-19,Regional Municipality of York,StatCan ODBus v1 (OGL)
26c251ef9f42b84dc8d7,ATH STAINLESS STEEL,Vaughan,Vaughan,ON,,,33122,3312,Rolling and drawing of purchased steel,0,20-49,Regional Municipality of York,StatCan ODBus v1 (OGL)
e613562ec270a0133811,ATHENA AUTOMATION LTD.,Vaughan,Vaughan,ON,,,33331,3333,Commercial and service industry machinery manufacturing,1,50-99,Regional Municipality of York,StatCan ODBus v1 (OGL)
48f29902a82e46c3347c,ATS TEST INC.,Vaughan,Vaughan,ON,,,33451,3345,"Navigational, measuring, medical and control instruments manufacturing",1,50-99,Regional Municipality of York,StatCan ODBus v1 (OGL)
1fd7513fda1f80f5c511,AURORA STONE DESIGN INC.,Vaughan,Vaughan,ON,,,33232,3323,Ornamental and architectural metal product manufacturing,1,1-4,Regional Municipality of York,StatCan ODBus v1 (OGL)
085a7d4ce56570c0b3ef,AUTOMATIC COMPACTORS CORP.,Vaughan,Vaughan,ON,,,33331,3333,Commercial and service industry machinery manufacturing,1,10-19,Regional Municipality of York,StatCan ODBus v1 (OGL)
39c1186df34ef7e3d5e5,AXCERA,Vaughan,Vaughan,ON,,,33411,3341,Computer and peripheral equipment manufacturing,0,1-4,Regional Municipality of York,StatCan ODBus v1 (OGL)
ec3c385f11c081d1f1cf,BACKTRACK RAILWAY SERVICES LTD.,Vaughan,Vaughan,ON,,,33651,3365,Commercial and industrial machinery and equipment (except automotive and electronic) repair and maintenance,1,1-4,Regional Municipality of York,StatCan ODBus v1 (OGL)
11b8bffb9e788cb48281,BAILEY METAL PRODUCTS LTD.,Vaughan,Vaughan,ON,,,33232,3323,Ornamental and architectural metal product manufacturing,1,100-499,Regional Municipality of York,StatCan ODBus v1 (OGL)
b0e42afee7fe6c933aa7,BAILEY METAL PRODUCTS LTD.,Vaughan,Vaughan,ON,,,33231,3323,Plate work and fabricated structural product manufacturing,1,10-19,Regional Municipality of York,StatCan ODBus v1 (OGL)
3d0d2c05588b0d24f735,BAN PRECISION,Vaughan,Vaughan,ON,,,33271,3327,Machine shops,1,20-49,Regional Municipality of York,StatCan ODBus v1 (OGL)
e3d9de0125b9389b408c,BARMAC GARAGE DOORS MANUFACTURING LTD.,Vaughan,Vaughan,ON,,,33232,3323,Millwork,1,20-49,Regional Municipality of York,StatCan ODBus v1 (OGL)
67a4f58c28280aba85a8,BEAVER CREEK METAL INC.,Vaughan,Vaughan,ON,,,33299,3329,All other fabricated metal product manufacturing,1,1-4,Regional Municipality of York,StatCan ODBus v1 (OGL)
317e1665b1fbb6ec6044,BELLWOOD SHEET METAL LTD.,Vaughan,Vaughan,ON,,,33232,3323,Ornamental and architectural metal product manufacturing,1,20-49,Regional Municipality of York,StatCan ODBus v1 (OGL)
c1eb047564a9a95a070b,BELMAR VENTILATION SYSTEMS INC.,Vaughan,Vaughan,ON,,,33232,3323,Ornamental and architectural metal product manufacturing,1,10-19,Regional Municipality of York,StatCan ODBus v1 (OGL)
6f287fa8945d64e5a6da,BEN MACHINE PRODUCTS CO INC.,Vaughan,Vaughan,ON,,,33211,3321,Forging and stamping,1,100-499,Regional Municipality of York,StatCan ODBus v1 (OGL)
42c584a2a4ece9857528,BENA FASTENINGS INC.,Vaughan,Vaughan,ON,,,33221,3322,Cutlery and hand tool manufacturing,0,10-19,Regional Municipality of York,StatCan ODBus v1 (OGL)
359ab64b50731c14936a,BENNET MANUFACTURING,Vaughan,Vaughan,ON,,,33231,3323,Plate work and fabricated structural product manufacturing,1,1-4,Regional Municipality of York,StatCan ODBus v1 (OGL)
fce853f9cefffe2e3be3,BENNETT TOOLS & HARDWARE LTD.,Vaughan,Vaughan,ON,,,33251,3325,Hardware manufacturing,0,100-499,Regional Municipality of York,StatCan ODBus v1 (OGL)
d9688c4ff1e6af015458,BETTER IRON WORKS LTD.,Vaughan,Vaughan,ON,,,33231,3323,Plate work and fabricated structural product manufacturing,1,10-19,Regional Municipality of York,StatCan ODBus v1 (OGL)
0aaa00a14f2f47436eee,BFC TECHNOLOGIES INC.,Vaughan,Vaughan,ON,,,33324,3332,Industrial machinery manufacturing,1,20-49,Regional Municipality of York,StatCan ODBus v1 (OGL)
ae1ae4af6676954920a9,BLOK-LOK,Vaughan,Vaughan,ON,,,33232,3323,Ornamental and architectural metal product manufacturing,1,20-49,Regional Municipality of York,StatCan ODBus v1 (OGL)
cc1c65b321d4c4ee041c,BLUE STREAK ELECTRONICS,Vaughan,Vaughan,ON,,,33632,3363,Motor vehicle electrical and electronic equipment manufacturing,1,10-19,Regional Municipality of York,StatCan ODBus v1 (OGL)
954731b85f5f3fa7e878,BONFIGLIOLI CANADA INC.,Vaughan,Vaughan,ON,,,33324,3332,Industrial machinery manufacturing,1,10-19,Regional Municipality of York,StatCan ODBus v1 (OGL)
60cc0e75c5eb78269333,BORDEAUX WELDING X-PERTS LTD.,Vaughan,Vaughan,ON,,,33232,3323,Ornamental and architectural metal product manufacturing,1,5-9,Regional Municipality of York,StatCan ODBus v1 (OGL)
e0e2fe24fca17b91b72f,BRADLEY ONTARIO PRECISION INC.,Vaughan,Vaughan,ON,,,33271,3327,Machine shops,1,5-9,Regional Municipality of York,StatCan ODBus v1 (OGL)
b3aee3cb5e00d307bbfb,BRADO PRECISION LTD.,Vaughan,Vaughan,ON,,,33271,3327,Machine shops,1,5-9,Regional Municipality of York,StatCan ODBus v1 (OGL)
10995e3ae49dab0675d4,BRAMDOOR & HARDWARE LTD.,Vaughan,Vaughan,ON,,,33232,3323,Ornamental and architectural metal product manufacturing,1,5-9,Regional Municipality of York,StatCan ODBus v1 (OGL)
218f600a8b0af3198606,BREDA MACHINERY INC.,Vaughan,Vaughan,ON,,,33324,3332,Industrial machinery manufacturing,1,20-49,Regional Municipality of York,StatCan ODBus v1 (OGL)
9d11726a4c1acb770a73,BURGESS-BUILT MACHINERY,Vaughan,Vaughan,ON,,,33324,3332,Industrial machinery manufacturing,1,5-9,Regional Municipality of York,StatCan ODBus v1 (OGL)
6a57fc597952cca8c026,BURNCO MFG INC.,Vaughan,Vaughan,ON,,,33111,3311,Iron and steel mills and ferro-alloy manufacturing,0,100-499,Regional Municipality of York,StatCan ODBus v1 (OGL)
f7c5d7d0d1366686415b,BVGLAZING SYSTEMS,Vaughan,Vaughan,ON,,,33232,3323,Ornamental and architectural metal product manufacturing,1,500+,Regional Municipality of York,StatCan ODBus v1 (OGL)
231e7117c2504bb209e5,C & A TOOLING INC.,Vaughan,Vaughan,ON,,,33351,3335,Metalworking machinery manufacturing,0,10-19,Regional Municipality of York,StatCan ODBus v1 (OGL)
aab7ccb86c3b676da439,C.F.F. FOUNDATION COATING INC.,Vaughan,Vaughan,ON,,,33281,3328,"Coating, engraving, heat treating and allied activities",1,1-4,Regional Municipality of York,StatCan ODBus v1 (OGL)
9dda317d36cf139d57db,CADWIN LTD.,Vaughan,Vaughan,ON,,,33232,3323,Ornamental and architectural metal product manufacturing,1,1-4,Regional Municipality of York,StatCan ODBus v1 (OGL)
5062067b0ff67a95ae45,CALIBER METAL DESIGN,Vaughan,Vaughan,ON,,,33281,3328,"Coating, engraving, heat treating and allied activities",1,20-49,Regional Municipality of York,StatCan ODBus v1 (OGL)
2c13133ee8e314f64a2b,CAM TOOL AND FASTENERS LTD.,Vaughan,Vaughan,ON,,,33351,3335,Metalworking machinery manufacturing,0,1-4,Regional Municipality of York,StatCan ODBus v1 (OGL)
7546d139ce6c50506e70,CAMFIL CANADA INC.,Vaughan,Vaughan,ON,,,33341,3334,"Ventilation, heating, air-conditioning and commercial refrigeration equipment manufacturing",0,50-99,Regional Municipality of York,StatCan ODBus v1 (OGL)
d2f0055f1c19d4bfd6c8,CAN SPACE MANUFACTURING INC.,Vaughan,Vaughan,ON,,,33211,3321,Forging and stamping,1,1-4,Regional Municipality of York,StatCan ODBus v1 (OGL)
28d4636ff1d3d54654f8,CANADA BASE CO.,Vaughan,Vaughan,ON,,,33312,3331,Construction machinery manufacturing,0,10-19,Regional Municipality of York,StatCan ODBus v1 (OGL)
5bdcb89de5235aa62074,CANADA FIRE DOOR & FRAME,Vaughan,Vaughan,ON,,,33232,3323,Ornamental and architectural metal product manufacturing,1,5-9,Regional Municipality of York,StatCan ODBus v1 (OGL)
1702ec53fd9f536b8aba,CANADIAN COMMERCIAL EQUIPMENT FABRICATORS,Vaughan,Vaughan,ON,,,33299,3329,All other fabricated metal product manufacturing,1,5-9,Regional Municipality of York,StatCan ODBus v1 (OGL)
42c75877b6799f7e8ac0,CANADIAN FLEXI DRILLS LTD.,Vaughan,Vaughan,ON,,,33351,3335,Metalworking machinery manufacturing,0,1-4,Regional Municipality of York,StatCan ODBus v1 (OGL)
badeb0bfee52c62234be,CANADIAN RAILINGS,Vaughan,Vaughan,ON,,,33232,3323,Ornamental and architectural metal product manufacturing,1,50-99,Regional Municipality of York,StatCan ODBus v1 (OGL)
580b49c2b75b5a2692b9,CANAWELD WELDING & CUTTING EQUIPMENT,Vaughan,Vaughan,ON,,,33399,3339,All other general-purpose machinery manufacturing,1,10-19,Regional Municipality of York,StatCan ODBus v1 (OGL)
dd6d690de1eb1295ef5d,CANCO TOOL AND MACHINE,Vaughan,Vaughan,ON,,,33351,3335,Metalworking machinery manufacturing,0,1-4,Regional Municipality of York,StatCan ODBus v1 (OGL)
50c3848629a0db2645be,CARAVAGGIO CORVETTES,Vaughan,Vaughan,ON,,,33636,3363,Motor vehicle seating and interior trim manufacturing,1,5-9,Regional Municipality of York,StatCan ODBus v1 (OGL)
832ceeae91aef1443802,CARBIDE CUTTING TOOLS INC.,Vaughan,Vaughan,ON,,,33351,3335,Metalworking machinery manufacturing,0,5-9,Regional Municipality of York,StatCan ODBus v1 (OGL)
e71eb0a864de22efb5ec,CARLOSENA,Vaughan,Vaughan,ON,,,33271,3327,Machine shops,1,1-4,Regional Municipality of York,StatCan ODBus v1 (OGL)
9b05121c68eb49d69e40,CENTENNIAL MATERIAL HANDLING LTD.,Vaughan,Vaughan,ON,,,33111,3311,Iron and steel mills and ferro-alloy manufacturing,0,20-49,Regional Municipality of York,StatCan ODBus v1 (OGL)
797fcdd5cb157376ec08,CFN PRECISION LTD.,Vaughan,Vaughan,ON,,,33641,3364,Aerospace product and parts manufacturing,1,50-99,Regional Municipality of York,StatCan ODBus v1 (OGL)
e02d9631013a904bf8bd,CIRCA METALS,Vaughan,Vaughan,ON,,,33231,3323,Plate work and fabricated structural product manufacturing,1,100-499,Regional Municipality of York,StatCan ODBus v1 (OGL)
0787ecccbecc0aff54da,CITY COMPACTOR SALES & SERVICE LTD.,Vaughan,Vaughan,ON,,,33243,3324,"Metal can, box and other metal container (light gauge) manufacturing",0,5-9,Regional Municipality of York,StatCan ODBus v1 (OGL)
d4aab5b87c07dca9a69f,CITY METAL WORKS INC.,Vaughan,Vaughan,ON,,,33232,3323,Ornamental and architectural metal product manufacturing,1,1-4,Regional Municipality of York,StatCan ODBus v1 (OGL)
42e15664aee3faa88d51,CLASS EIGHT MANUFACTURING INC.,Vaughan,Vaughan,ON,,,33637,3363,Motor vehicle metal stamping,1,10-19,Regional Municipality of York,StatCan ODBus v1 (OGL)
5da87d017a262e43d352,CLASSIC STAINLESS STEEL,Vaughan,Vaughan,ON,,,33299,3329,All other fabricated metal product manufacturing,1,5-9,Regional Municipality of York,StatCan ODBus v1 (OGL)
f1f5e191bc8c7f70f58b,CLEVELAND RANGE LTD.,Vaughan,Vaughan,ON,,,33331,3333,Commercial and service industry machinery manufacturing,1,100-499,Regional Municipality of York,StatCan ODBus v1 (OGL)
6bfd1e2fdb25e9bf2b1b,CLIMETEC INDUSTRIES LTD.,Vaughan,Vaughan,ON,,,33341,3334,"Ventilation, heating, air-conditioning and commercial refrigeration equipment manufacturing",0,50-99,Regional Municipality of York,StatCan ODBus v1 (OGL)
514e68b70e739d6d5826,CLOVER TOOL MANUFACTURING LTD.,Vaughan,Vaughan,ON,,,33351,3335,Metalworking machinery manufacturing,0,100-499,Regional Municipality of York,StatCan ODBus v1 (OGL)
d6f5b8f0aeeafabb4b79,CN MACHINING & REPAIRS LTD.,Vaughan,Vaughan,ON,,,33271,3327,Machine shops,1,1-4,Regional Municipality of York,StatCan ODBus v1 (OGL)
b433bc869b2a8515f1c5,COBALT MACHINERY ENGINEERING LTD.,Vaughan,Vaughan,ON,,,33271,3327,Machine shops,1,1-4,Regional Municipality of York,StatCan ODBus v1 (OGL)
4287cbf0fa24d66fe916,COLOURFAST CUSTOM COATINGS LTD.,Vaughan,Vaughan,ON,,,33281,3328,"Coating, engraving, cold and heat treating and allied activities",1,20-49,Regional Municipality of York,StatCan ODBus v1 (OGL)
723ffef42ee280e8e053,COLOURMATE INC.,Vaughan,Vaughan,ON,,,33324,3332,Industrial machinery manufacturing,1,1-4,Regional Municipality of York,StatCan ODBus v1 (OGL)
d7fb52edefce1f8c0548,COM FAB ALUMINIUM,Vaughan,Vaughan,ON,,,33232,3323,Ornamental and architectural metal product manufacturing,1,10-19,Regional Municipality of York,StatCan ODBus v1 (OGL)
70709238240466cc738d,COMMDOOR ALUMINUM,Vaughan,Vaughan,ON,,,33232,3323,Ornamental and architectural metal product manufacturing,1,50-99,Regional Municipality of York,StatCan ODBus v1 (OGL)
e4c04cf6b18c04490739,COMMERCIAL DESIGN SYSTEMS INC.,Vaughan,Vaughan,ON,,,33232,3323,Ornamental and architectural metal product manufacturing,1,10-19,Regional Municipality of York,StatCan ODBus v1 (OGL)
b575e3af4f12b02cda8d,COMMERCIAL SWITCHGEAR LTD.,Vaughan,Vaughan,ON,,,33531,3353,Electrical equipment manufacturing,1,50-99,Regional Municipality of York,StatCan ODBus v1 (OGL)
806bd9f2075a0042c983,COMPACT MOULD LTD.,Vaughan,Vaughan,ON,,,33351,3335,Metalworking machinery manufacturing,0,20-49,Regional Municipality of York,StatCan ODBus v1 (OGL)
f444d831d2e80101852b,COMPONEX,Vaughan,Vaughan,ON,,,33232,3323,Ornamental and architectural metal product manufacturing,1,5-9,Regional Municipality of York,StatCan ODBus v1 (OGL)
0fd43739f8e8edc99946,CONCEPT TOOLING & MANUFACTURING INC.,Vaughan,Vaughan,ON,,,33351,3335,Metalworking machinery manufacturing,0,10-19,Regional Municipality of York,StatCan ODBus v1 (OGL)
31251f863022bae9d7b1,CONCORD ALUMINIUM RAILINGS LTD.,Vaughan,Vaughan,ON,,,33232,3323,Ornamental and architectural metal product manufacturing,1,10-19,Regional Municipality of York,StatCan ODBus v1 (OGL)
c9c6b9743de53d0dbbd0,CONCORD ENGINEERING,Vaughan,Vaughan,ON,,,33271,3327,Machine shops,1,10-19,Regional Municipality of York,StatCan ODBus v1 (OGL)
8848c978a225482c3ee4,CONCORD FIREPLACE INC.,Vaughan,Vaughan,ON,,,33341,3334,"Ventilation, heating, air-conditioning and commercial refrigeration equipment manufacturing",0,10-19,Regional Municipality of York,StatCan ODBus v1 (OGL)
1e5754966cac85bee92d,CONCORD STEEL CENTRE LTD.,Vaughan,Vaughan,ON,,,33122,3312,Rolling and drawing of purchased steel,0,50-99,Regional Municipality of York,StatCan ODBus v1 (OGL)
ad3d57b4940a66f4ea75,CONMICO INC.,Vaughan,Vaughan,ON,,,33324,3332,Industrial machinery manufacturing,1,5-9,Regional Municipality of York,StatCan ODBus v1 (OGL)
57f6dc70652aa8ac5c79,CONNECT CABLING INC.,Vaughan,Vaughan,ON,,,33411,3341,Other telecommunications,0,1-4,Regional Municipality of York,StatCan ODBus v1 (OGL)
e05e67e56e343a4a7971,CONNECTRIC SYSTEMS INC.,Vaughan,Vaughan,ON,,,33593,3359,"Electronic components, navigational and communications equipment and supplies wholesaler-distributors",1,1-4,Regional Municipality of York,StatCan ODBus v1 (OGL)
ba0d1e859b781ac5ec2c,CONSOLIDATED POOL & SPA INDUSTRIES INC.,Vaughan,Vaughan,ON,,,33512,3351,Sporting and athletic goods manufacturing,0,10-19,Regional Municipality of York,StatCan ODBus v1 (OGL)
a66b285416ace639e1df,CONTEMAR SILO SYSTEMS INC.,Vaughan,Vaughan,ON,,,33231,3323,Plate work and fabricated structural product manufacturing,1,10-19,Regional Municipality of York,StatCan ODBus v1 (OGL)
ac052e7c72a28b4dec3f,CONTOUR METAL PRODUCTS LTD.,Vaughan,Vaughan,ON,,,33271,3327,Machine shops,1,5-9,Regional Municipality of York,StatCan ODBus v1 (OGL)
49039555e51aae430efd,COOL INNOVATIONS,Vaughan,Vaughan,ON,,,33451,3345,"Navigational, measuring, medical and control instruments manufacturing",1,20-49,Regional Municipality of York,StatCan ODBus v1 (OGL)
1fe006669cdc982abe1a,COOL MASTER REFRIGERATION,Vaughan,Vaughan,ON,,,33341,3334,"Ventilation, heating, air-conditioning and commercial refrigeration equipment manufacturing",0,20-49,Regional Municipality of York,StatCan ODBus v1 (OGL)
075e1237798a6b6dea98,CORMA INC.,Vaughan,Vaughan,ON,,,33324,3332,Industrial machinery manufacturing,1,100-499,Regional Municipality of York,StatCan ODBus v1 (OGL)
126291949bfca3582dbb,CORSTEEL HYDRAULICS,Vaughan,Vaughan,ON,,,33324,3332,Industrial machinery manufacturing,1,20-49,Regional Municipality of York,StatCan ODBus v1 (OGL)
378554c9c4117c988078,CPL ALUMINUM RAILINGS INC.,Vaughan,Vaughan,ON,,,33131,3313,Alumina and aluminum production and processing,0,5-9,Regional Municipality of York,StatCan ODBus v1 (OGL)
e11b57d521c5dc5f92f9,CPM GROUP,Vaughan,Vaughan,ON,,,33251,3325,Hardware manufacturing,0,,Regional Municipality of York,StatCan ODBus v1 (OGL)
ff00d84047d669c37e18,CROWN FOOD SERVICE EQUIPMENT LTD.,Vaughan,Vaughan,ON,,,33331,3333,Commercial and service industry machinery manufacturing,1,10-19,Regional Municipality of York,StatCan ODBus v1 (OGL)
2d0df35fb0f4c6742f36,CRYSTAL FOUNTAINS,Vaughan,Vaughan,ON,,,33299,3329,All other fabricated metal product manufacturing,1,100-499,Regional Municipality of York,StatCan ODBus v1 (OGL)
df4464de16379734c24b,CRYSTAL FOUNTAINS INC,Vaughan,Vaughan,ON,,,33231,3323,"Research and development in the physical, engineering and life sciences",1,10-19,Regional Municipality of York,StatCan ODBus v1 (OGL)
7c8a9c3e51c880ec7b42,CUBIC LK INC.,Vaughan,Vaughan,ON,,,33271,3327,Machine shops,1,1-4,Regional Municipality of York,StatCan ODBus v1 (OGL)
190f9dd0e2177c8381d9,CUSTOM DOOR HARDWARE MANUFACTURING LTD.,Vaughan,Vaughan,ON,,,33251,3325,Hardware manufacturing,0,5-9,Regional Municipality of York,StatCan ODBus v1 (OGL)
c737bfdd485df8533b00,CUSTOM METAL,Vaughan,Vaughan,ON,,,33399,3339,All other general-purpose machinery manufacturing,1,1-4,Regional Municipality of York,StatCan ODBus v1 (OGL)
2dcba91507cac26b7588,CUSTOM PAINT & SILK SCREEN INC.,Vaughan,Vaughan,ON,,,33281,3328,"Coating, engraving, heat treating and allied activities",1,5-9,Regional Municipality of York,StatCan ODBus v1 (OGL)
b164e15d591b45beba90,CUSTOM WIRE & BAR LTD.,Vaughan,Vaughan,ON,,,33122,3312,Rolling and drawing of purchased steel,0,10-19,Regional Municipality of York,StatCan ODBus v1 (OGL)
a17b6695256859a0d35d,D & B TOOL & DIE LTD.,Vaughan,Vaughan,ON,,,33351,3335,Metalworking machinery manufacturing,0,5-9,Regional Municipality of York,StatCan ODBus v1 (OGL)
4ae3316d8575ee5c6a6e,D & V ELECTRONICS LTD.,Vaughan,Vaughan,ON,,,33451,3345,"Navigational, measuring, medical and control instruments manufacturing",1,50-99,Regional Municipality of York,StatCan ODBus v1 (OGL)
d5457436e1dc38b377ef,DAYTON LAMINA,Vaughan,Vaughan,ON,,,33351,3335,Metalworking machinery manufacturing,0,20-49,Regional Municipality of York,StatCan ODBus v1 (OGL)
6d2244e7eab78b6799a1,DCL INTERNATIONAL INC.,Vaughan,Vaughan,ON,,,33639,3363,Other motor vehicle parts manufacturing,1,100-499,Regional Municipality of York,StatCan ODBus v1 (OGL)
8f47d9f7fc933db6bd40,DCL INTERNATIONAL INC.,Vaughan,Vaughan,ON,,,33639,3363,Other motor vehicle parts manufacturing,1,5-9,Regional Municipality of York,StatCan ODBus v1 (OGL)
e36e33b513556f6c2b5a,DCL INTERNATIONAL INC.,Vaughan,Vaughan,ON,,,33639,3363,Other motor vehicle parts manufacturing,1,50-99,Regional Municipality of York,StatCan ODBus v1 (OGL)
58157c02b3ef43a64be7,DE-CAN INC.,Vaughan,Vaughan,ON,,,33351,3335,Metalworking machinery manufacturing,0,5-9,Regional Municipality of York,StatCan ODBus v1 (OGL)
5403a76b94ed02b75872,DE-MAR WINDOW HARDWARE INC.,Vaughan,Vaughan,ON,,,33232,3323,Ornamental and architectural metal product manufacturing,1,1-4,Regional Municipality of York,StatCan ODBus v1 (OGL)
f6664c48284a31cd89e6,DELIA EQUIPMENT AND WELDING LTD.,Vaughan,Vaughan,ON,,,33271,3327,Machine shops,1,5-9,Regional Municipality of York,StatCan ODBus v1 (OGL)
e2fecf1aec3df3abcfcd,DELLCOM AEROSPACE INC.,Vaughan,Vaughan,ON,,,33451,3345,"Navigational, measuring, medical and control instruments manufacturing",1,50-99,Regional Municipality of York,StatCan ODBus v1 (OGL)
0d8a310b2b53380aad9b,DELTAPLAST MACHINERY LTD.,Vaughan,Vaughan,ON,,,33299,3329,All other fabricated metal product manufacturing,1,10-19,Regional Municipality of York,StatCan ODBus v1 (OGL)
56d86dde58b62299b23b,DESCOR MANUFACTURING LTD.,Vaughan,Vaughan,ON,,,33324,3332,Industrial machinery manufacturing,1,1-4,Regional Municipality of York,StatCan ODBus v1 (OGL)
ad20cdd05d50163bd4ef,DESIGN & INTEGRATION ENGINEERING LTD.,Vaughan,Vaughan,ON,,,33324,3332,Industrial machinery manufacturing,1,5-9,Regional Municipality of York,StatCan ODBus v1 (OGL)
c9933705bc91ed7b76cf,DIAMOND F.C. OPERATIONAL INC.,Vaughan,Vaughan,ON,,,33351,3335,Metalworking machinery manufacturing,0,5-9,Regional Municipality of York,StatCan ODBus v1 (OGL)
6333b1e5d96fd280450e,DISCOVERY PRECISION MACHINING INC.,Vaughan,Vaughan,ON,,,33641,3364,Aerospace product and parts manufacturing,1,20-49,Regional Municipality of York,StatCan ODBus v1 (OGL)
ec147c16d4983138363e,DISHON LTD.,Vaughan,Vaughan,ON,,,33641,3364,Aerospace product and parts manufacturing,1,100-499,Regional Municipality of York,StatCan ODBus v1 (OGL)
bd587eb79223c8bf9def,DIXIE ELECTRIC LTD.,Vaughan,Vaughan,ON,,,33632,3363,Motor vehicle electrical and electronic equipment manufacturing,1,100-499,Regional Municipality of York,StatCan ODBus v1 (OGL)
dbb1f8aeb4a90eef9e7e,DJ INDUSTRIAL SALES,Vaughan,Vaughan,ON,,,33324,3332,Industrial machinery manufacturing,1,20-49,Regional Municipality of York,StatCan ODBus v1 (OGL)
1541f72a328bfbd2266d,DOOR COM PRODUCTS / WINTEK INDUSTRIES INC.,Vaughan,Vaughan,ON,,,33251,3325,Hardware manufacturing,0,20-49,Regional Municipality of York,StatCan ODBus v1 (OGL)
3f87edefa65ff9914be0,DOT AUTOMATION,Vaughan,Vaughan,ON,,,33324,3332,Industrial machinery manufacturing,1,5-9,Regional Municipality of York,StatCan ODBus v1 (OGL)
caada6f4173f0f07aece,DRIANGLE INC.,Vaughan,Vaughan,ON,,,33351,3335,Metalworking machinery manufacturing,0,5-9,Regional Municipality of York,StatCan ODBus v1 (OGL)
c48e511370c5fbaf1d70,DURAGUARD GROUP,Vaughan,Vaughan,ON,,,33281,3328,"Coating, engraving, heat treating and allied activities",1,10-19,Regional Municipality of York,StatCan ODBus v1 (OGL)
dde10e6b7adb3f9f773f,DURASYSTEMS BARRIERS INC.,Vaughan,Vaughan,ON,,,33232,3323,Ornamental and architectural metal product manufacturing,1,20-49,Regional Municipality of York,StatCan ODBus v1 (OGL)
2e997aae8e1cd2f2e3bf,E S & P VENTURES CORP.,Vaughan,Vaughan,ON,,,33429,3342,Other communications equipment manufacturing,0,1-4,Regional Municipality of York,StatCan ODBus v1 (OGL)
84ee742ee0b1646f0359,E.H. PRICE LTD.,Vaughan,Vaughan,ON,,,33341,3334,"Ventilation, heating, air-conditioning and commercial refrigeration equipment manufacturing",0,50-99,Regional Municipality of York,StatCan ODBus v1 (OGL)
c8e49a8038c51f0dae23,EAGLE MACHINING,Vaughan,Vaughan,ON,,,33271,3327,Machine shops,1,1-4,Regional Municipality of York,StatCan ODBus v1 (OGL)
263dbefc3eeda7fa05f8,EBERSPAECHER VECTURE INC.,Vaughan,Vaughan,ON,,,33441,3344,Semiconductor and other electronic component manufacturing,1,100-499,Regional Municipality of York,StatCan ODBus v1 (OGL)
6b66cacf32f6122410c1,ECP PRECISION,Vaughan,Vaughan,ON,,,33221,3322,Cutlery and hand tool manufacturing,0,1-4,Regional Municipality of York,StatCan ODBus v1 (OGL)
463dc49e7bf7916b0a8b,ECUAMETAL FABRICATING LTD.,Vaughan,Vaughan,ON,,,33211,3321,Forging and stamping,1,1-4,Regional Municipality of York,StatCan ODBus v1 (OGL)
83e4d557ec170730112a,"EDT CAD CAM TECHNOLOGIES, INC.",Vaughan,Vaughan,ON,,,33271,3327,Machine shops,1,1-4,Regional Municipality of York,StatCan ODBus v1 (OGL)
cd02272004a1977eeb85,ELECTRO-PACK INC,Vaughan,Vaughan,ON,,,33399,3339,All other general-purpose machinery manufacturing,1,5-9,Regional Municipality of York,StatCan ODBus v1 (OGL)
a08ebdb14de150e8ae67,EMPIRE CARBIDE ENGINEERING LTD.,Vaughan,Vaughan,ON,,,33351,3335,Metalworking machinery manufacturing,0,5-9,Regional Municipality of York,StatCan ODBus v1 (OGL)
5a813b4062c8981229c1,ENTREMATIC CANADA INC.,Vaughan,Vaughan,ON,,,33232,3323,Ornamental and architectural metal product manufacturing,1,20-49,Regional Municipality of York,StatCan ODBus v1 (OGL)
362555742a82ec1defa9,ENTRYGUARD DOORS,Vaughan,Vaughan,ON,,,33232,3323,Ornamental and architectural metal product manufacturing,1,50-99,Regional Municipality of York,StatCan ODBus v1 (OGL)
34335fbe92dd4d961aeb,ENTRYGUARD DOORS INC. WAREHOUSE,Vaughan,Vaughan,ON,,,33232,3323,Ornamental and architectural metal product manufacturing,1,5-9,Regional Municipality of York,StatCan ODBus v1 (OGL)
c5d902ee279a215bde7f,ENVIROLIGHTS MFG INC.,Vaughan,Vaughan,ON,,,33512,3351,Lighting fixture manufacturing,0,5-9,Regional Municipality of York,StatCan ODBus v1 (OGL)
3ab0a54cc88f59211cc9,EUROPEAN WROUGHT IRON WORKS,Vaughan,Vaughan,ON,,,33232,3323,Ornamental and architectural metal product manufacturing,1,1-4,Regional Municipality of York,StatCan ODBus v1 (OGL)
706aba4e9493fc4286b3,EXCALIBUR STEEL RULE DIE LTD.,Vaughan,Vaughan,ON,,,33351,3335,Metalworking machinery manufacturing,0,20-49,Regional Municipality of York,StatCan ODBus v1 (OGL)
9c1bafbdb14f416ffd48,EXEC ARMOR,Vaughan,Vaughan,ON,,,33611,3361,Automobile and light-duty motor vehicle manufacturing,0,5-9,Regional Municipality of York,StatCan ODBus v1 (OGL)
59f08cdc12969d8938fe,EXPRESS COATING INC.,Vaughan,Vaughan,ON,,,33281,3328,"Coating, engraving, heat treating and allied activities",1,,Regional Municipality of York,StatCan ODBus v1 (OGL)
6a25ae8b34d64f150bbd,EXTRUDEX ALUMINUM CORP.,Vaughan,Vaughan,ON,,,33131,3313,Alumina and aluminum production and processing,0,100-499,Regional Municipality of York,StatCan ODBus v1 (OGL)
1a8a4104213445745f59,F C PRECISION TURNING LTD.,Vaughan,Vaughan,ON,,,33299,3329,All other fabricated metal product manufacturing,1,5-9,Regional Municipality of York,StatCan ODBus v1 (OGL)
483cd198e9cb02bbdcd4,F.A.B STAINLESS INC.,Vaughan,Vaughan,ON,,,33232,3323,Ornamental and architectural metal product manufacturing,1,5-9,Regional Municipality of York,StatCan ODBus v1 (OGL)
a2cfae6b93a525274364,FABCREST METAL PRODUCTS INC.,Vaughan,Vaughan,ON,,,33299,3329,All other fabricated metal product manufacturing,1,,Regional Municipality of York,StatCan ODBus v1 (OGL)
22b8115a3a316a917816,FABRICAM LTD,Vaughan,Vaughan,ON,,,33299,3329,All other fabricated metal product manufacturing,1,5-9,Regional Municipality of York,StatCan ODBus v1 (OGL)
87b8a809d3480d28fea8,FELIX TECHNOLOGY INC.,Vaughan,Vaughan,ON,,,33451,3345,"Navigational, measuring, medical and control instruments manufacturing",1,5-9,Regional Municipality of York,StatCan ODBus v1 (OGL)
a075324a98111e3f6e61,FIEDLER AUTOMATION INC.,Vaughan,Vaughan,ON,,,33351,3335,Metalworking machinery manufacturing,0,1-4,Regional Municipality of York,StatCan ODBus v1 (OGL)
d2170fd64f60d2aa0447,FILMAR MANUFACTURING CO.,Vaughan,Vaughan,ON,,,33271,3327,Machine shops,1,5-9,Regional Municipality of York,StatCan ODBus v1 (OGL)
ab4d0756a59479f41bd9,FILOR INDUSTRIES INC.,Vaughan,Vaughan,ON,,,33232,3323,Ornamental and architectural metal product manufacturing,1,10-19,Regional Municipality of York,StatCan ODBus v1 (OGL)
26c09f383945866a562e,FIVE SEASONS COMFORT LTD.,Vaughan,Vaughan,ON,,,33341,3334,"Ventilation, heating, air-conditioning and commercial refrigeration equipment manufacturing",0,100-499,Regional Municipality of York,StatCan ODBus v1 (OGL)
de7c781af0baf71759d2,FLAIR PRECISION INC.,Vaughan,Vaughan,ON,,,33324,3332,Industrial machinery manufacturing,1,10-19,Regional Municipality of York,StatCan ODBus v1 (OGL)
0a3c24ff8d1d693ed96c,FLOWMATIC EASY-CLEAN,Vaughan,Vaughan,ON,,,33331,3333,Commercial and service industry machinery manufacturing,1,5-9,Regional Municipality of York,StatCan ODBus v1 (OGL)
7bc9e2206f956e2463df,FOOTAGE TOOLS INC.,Vaughan,Vaughan,ON,,,33299,3329,All other fabricated metal product manufacturing,1,20-49,Regional Municipality of York,StatCan ODBus v1 (OGL)
99af32063aefd43875ae,FRANMAR STARTERS & ALTERNATORS LTD.,Vaughan,Vaughan,ON,,,33531,3353,Electrical equipment manufacturing,1,5-9,Regional Municipality of York,StatCan ODBus v1 (OGL)
ce56f42e36ddd84a3dc4,FRANTON PRECISION INC.,Vaughan,Vaughan,ON,,,33271,3327,Machine shops,1,1-4,Regional Municipality of York,StatCan ODBus v1 (OGL)
80e5a0c9b4d83452eddd,FS CRUING,Vaughan,Vaughan,ON,,,33351,3335,Metalworking machinery manufacturing,0,10-19,Regional Municipality of York,StatCan ODBus v1 (OGL)
29bd8a1032a6b066cd0a,G TECH MANUFACTURING LTD.,Vaughan,Vaughan,ON,,,33341,3334,"Ventilation, heating, air-conditioning and commercial refrigeration equipment manufacturing",0,5-9,Regional Municipality of York,StatCan ODBus v1 (OGL)
8a015ceb2d7f8ec53990,G. CINELLI ESPERIA CORP.,Vaughan,Vaughan,ON,,,33522,3352,Major appliance manufacturing,0,20-49,Regional Municipality of York,StatCan ODBus v1 (OGL)
f89fbbe514dd8b128e6e,G. R. PRECISION INC.,Vaughan,Vaughan,ON,,,33271,3327,Machine shops,1,5-9,Regional Municipality of York,StatCan ODBus v1 (OGL)
86555fd05ab2a32068e1,G.D. SHEET METAL GROUP,Vaughan,Vaughan,ON,,,33232,3323,Ornamental and architectural metal product manufacturing,1,10-19,Regional Municipality of York,StatCan ODBus v1 (OGL)
66432dfa29fd23ab5825,G.D.S. MOLD & TOOL,Vaughan,Vaughan,ON,,,33324,3332,Industrial machinery manufacturing,1,5-9,Regional Municipality of York,StatCan ODBus v1 (OGL)
c54f40257b3d522d8861,G.S.L. INTERNATIONAL TOOLS LTD.,Vaughan,Vaughan,ON,,,33271,3327,Machine shops,1,1-4,Regional Municipality of York,StatCan ODBus v1 (OGL)
3e191ada51f06686e4bb,GALAXY IRON WORKS AND RAILINGS,Vaughan,Vaughan,ON,,,33232,3323,Ornamental and architectural metal product manufacturing,1,5-9,Regional Municipality of York,StatCan ODBus v1 (OGL)
dfcea8ecd253c668635e,GENERAL STARLIGHT COMPANY INC.,Vaughan,Vaughan,ON,,,33331,3333,Commercial and service industry machinery manufacturing,1,10-19,Regional Municipality of York,StatCan ODBus v1 (OGL)
e8204020e0ee36afa1d6,GL MACHINING & REPAIRS,Vaughan,Vaughan,ON,,,33271,3327,Machine shops,1,1-4,Regional Municipality of York,StatCan ODBus v1 (OGL)
0965959d216c6aede846,GLASSROLL FABRICATION INC.,Vaughan,Vaughan,ON,,,33392,3339,Material handling equipment manufacturing,1,1-4,Regional Municipality of York,StatCan ODBus v1 (OGL)
43016b505baaa380cb7d,GLOBAL ALUMINUM SOLUTIONS,Vaughan,Vaughan,ON,,,33232,3323,Ornamental and architectural metal product manufacturing,1,1-4,Regional Municipality of York,StatCan ODBus v1 (OGL)
b9561747708f26ce8962,GLOBAL BEDDING SOLUTIONS INC.,Vaughan,Vaughan,ON,,,33261,3326,Spring and wire product manufacturing,0,1-4,Regional Municipality of York,StatCan ODBus v1 (OGL)
5a0e57e24fa9171770be,GLOBAL INSULATED DOORS INC.,Vaughan,Vaughan,ON,,,33232,3323,Ornamental and architectural metal product manufacturing,1,10-19,Regional Municipality of York,StatCan ODBus v1 (OGL)
af466150aa3fa25757e2,GLOBAL PLAUS,Vaughan,Vaughan,ON,,,33639,3363,Other motor vehicle parts manufacturing,1,100-499,Regional Municipality of York,StatCan ODBus v1 (OGL)
3ad73f27101f8983286e,GLOBAL TOOL & DIE LTD.,Vaughan,Vaughan,ON,,,33351,3335,Metalworking machinery manufacturing,0,1-4,Regional Municipality of York,StatCan ODBus v1 (OGL)
9ddd6176837cd61c4f3d,GOLDENOR INC.,Vaughan,Vaughan,ON,,,33152,3315,Non-ferrous metal foundries,0,,Regional Municipality of York,StatCan ODBus v1 (OGL)
63ed302987e562b5c558,GRAM PRECISION,Vaughan,Vaughan,ON,,,33271,3327,Machine shops,1,5-9,Regional Municipality of York,StatCan ODBus v1 (OGL)
9ea9d5b4b702d7039527,GRINDTECH PRECISION LTD.,Vaughan,Vaughan,ON,,,33271,3327,Machine shops,1,1-4,Regional Municipality of York,StatCan ODBus v1 (OGL)
5f6a322279c4a63c56ff,GSB STEEL LIMITED,Vaughan,Vaughan,ON,,,33232,3323,Ornamental and architectural metal product manufacturing,1,10-19,Regional Municipality of York,StatCan ODBus v1 (OGL)
22cba7241c3c990cba39,GUIDE VALVE LTD.,Vaughan,Vaughan,ON,,,33291,3329,Metal valve manufacturing,1,20-49,Regional Municipality of York,StatCan ODBus v1 (OGL)
bff33da76d7c044d4c7d,HAIDLMAIR NORTH AMERICA CORP.,Vaughan,Vaughan,ON,,,33351,3335,Metalworking machinery manufacturing,0,20-49,Regional Municipality of York,StatCan ODBus v1 (OGL)
1f21baaed63932c0be9e,HANSA-FLEX,Vaughan,Vaughan,ON,,,33291,3329,Metal valve manufacturing,1,10-19,Regional Municipality of York,StatCan ODBus v1 (OGL)
b859ccff0e703447a1b6,HENRY ROTBERG STEEL CORPORATION,Vaughan,Vaughan,ON,,,33231,3323,Plate work and fabricated structural product manufacturing,1,10-19,Regional Municipality of York,StatCan ODBus v1 (OGL)
34674cda10adb72775e4,HERMETECH SYSTEMS INC.,Vaughan,Vaughan,ON,,,33271,3327,Machine shops,1,5-9,Regional Municipality of York,StatCan ODBus v1 (OGL)
6fc3b437285c08dac78e,HETTICH INTERNATIONAL,Vaughan,Vaughan,ON,,,33251,3325,Hardware manufacturing,0,10-19,Regional Municipality of York,StatCan ODBus v1 (OGL)
efdb05bc2cf787475378,HI TECH AIR SYSTEMS INC.,Vaughan,Vaughan,ON,,,33324,3332,Industrial machinery manufacturing,1,1-4,Regional Municipality of York,StatCan ODBus v1 (OGL)
ebba37f68442702999e6,HI TECH EDM INC.,Vaughan,Vaughan,ON,,,33351,3335,Metalworking machinery manufacturing,0,1-4,Regional Municipality of York,StatCan ODBus v1 (OGL)
bd73097ef4a91d118b46,HI-TECH MACHINING & MAINTENANCE INC.,Vaughan,Vaughan,ON,,,33271,3327,Machine shops,1,10-19,Regional Municipality of York,StatCan ODBus v1 (OGL)
ca0df386d7460117a6c4,HOIS IRONWORKS LTD.,Vaughan,Vaughan,ON,,,33299,3329,All other fabricated metal product manufacturing,1,1-4,Regional Municipality of York,StatCan ODBus v1 (OGL)
022a868993534aa3be06,HOLLYWOOD DOOR CENTRE LTD.,Vaughan,Vaughan,ON,,,33232,3323,Ornamental and architectural metal product manufacturing,1,5-9,Regional Municipality of York,StatCan ODBus v1 (OGL)
95e82ae8c8e3ee3dfc23,HOME ELECTRONICS,Vaughan,Vaughan,ON,,,33441,3344,Semiconductor and other electronic component manufacturing,1,1-4,Regional Municipality of York,StatCan ODBus v1 (OGL)
16fda7470a006a5f4fde,HOMETECH WINDOW CORP.,Vaughan,Vaughan,ON,,,33232,3323,Ornamental and architectural metal product manufacturing,1,50-99,Regional Municipality of York,StatCan ODBus v1 (OGL)
629eb93e1171826f5102,HORSTMAN SYSTEMS INC.,Vaughan,Vaughan,ON,,,33633,3363,Motor vehicle steering and suspension components (except spring) manufacturing,1,5-9,Regional Municipality of York,StatCan ODBus v1 (OGL)
92d99a250a8fc23a8d82,HOWAR EQUIPMENT INC.,Vaughan,Vaughan,ON,,,33592,3359,Communication and energy wire and cable manufacturing,1,1-4,Regional Municipality of York,StatCan ODBus v1 (OGL)
9f061cb8a8fe3c46413f,HYDRA NOR INTERNATIONAL LTD.,Vaughan,Vaughan,ON,,,33399,3339,All other general-purpose machinery manufacturing,1,10-19,Regional Municipality of York,StatCan ODBus v1 (OGL)
c7c8271d8bee7fe5eae1,IAC,Vaughan,Vaughan,ON,,,33639,3363,Other motor vehicle parts manufacturing,1,100-499,Regional Municipality of York,StatCan ODBus v1 (OGL)
f08e3679e8da849dfdba,IDEAL RAILINGS LTD,Vaughan,Vaughan,ON,,,33232,3323,Ornamental and architectural metal product manufacturing,1,20-49,Regional Municipality of York,StatCan ODBus v1 (OGL)
c815bf277e5e97ac9683,IDEAL RAILINGS LTD.,Vaughan,Vaughan,ON,,,33232,3323,Ornamental and architectural metal product manufacturing,1,5-9,Regional Municipality of York,StatCan ODBus v1 (OGL)
ca3c1f503f6c7695f2fe,INDCON SYSTEMS INC.,Vaughan,Vaughan,ON,,,33531,3353,Electrical equipment manufacturing,1,1-4,Regional Municipality of York,StatCan ODBus v1 (OGL)
c0d4bda47f401ab321de,INDUSTRIAL INSPECTION SYSTEMS LTD,Vaughan,Vaughan,ON,,,33451,3345,"Navigational, measuring, medical and control instruments manufacturing",1,1-4,Regional Municipality of York,StatCan ODBus v1 (OGL)
4b6adff1260ada377f41,INDWISCO LTD.,Vaughan,Vaughan,ON,,,33122,3312,Rolling and drawing of purchased steel,0,20-49,Regional Municipality of York,StatCan ODBus v1 (OGL)
4ea907c3455846e2af9b,INNOVATIVE METAL WORKS,Vaughan,Vaughan,ON,,,33232,3323,Ornamental and architectural metal product manufacturing,1,10-19,Regional Municipality of York,StatCan ODBus v1 (OGL)
fdef52be72570f821340,INNOVATIVE PC DESIGNS LTD.,Vaughan,Vaughan,ON,,,33324,3332,Industrial machinery manufacturing,1,1-4,Regional Municipality of York,StatCan ODBus v1 (OGL)
94cd5111f81e8571b95e,INVISIBLE SCREENS CANADA,Vaughan,Vaughan,ON,,,33232,3323,Ornamental and architectural metal product manufacturing,1,1-4,Regional Municipality of York,StatCan ODBus v1 (OGL)
b2381f2867ea7705cf98,ISOTECH INDUSTRIES,Vaughan,Vaughan,ON,,,33324,3332,Industrial machinery manufacturing,1,10-19,Regional Municipality of York,StatCan ODBus v1 (OGL)
d6cdefaec0abd764e43a,ITI INSTRUMENT TOOLS INDUSTRIAL CORP.,Vaughan,Vaughan,ON,,,33291,3329,Metal valve manufacturing,1,5-9,Regional Municipality of York,StatCan ODBus v1 (OGL)
a6171a37c498cb5a7f1c,ITS ELECTRONICS INC.,Vaughan,Vaughan,ON,,,33422,3342,Radio and television broadcasting and wireless communications equipment manufacturing,0,20-49,Regional Municipality of York,StatCan ODBus v1 (OGL)
9e1f1f0f234d6a577ab7,JDA PROGRESS,Vaughan,Vaughan,ON,,,33324,3332,Industrial machinery manufacturing,1,10-19,Regional Municipality of York,StatCan ODBus v1 (OGL)
e55fb7a6dc55bbf93d45,JEMCO INDUSTRIES CO. LTD. / COMO TUBING,Vaughan,Vaughan,ON,,,33211,3321,Forging and stamping,1,10-19,Regional Municipality of York,StatCan ODBus v1 (OGL)
8188bea0bf4c7f8976b8,JEMS COATING LTD.,Vaughan,Vaughan,ON,,,33281,3328,"Coating, engraving, cold and heat treating and allied activities",1,100-499,Regional Municipality of York,StatCan ODBus v1 (OGL)
cad4ed60e70c7572082a,JENFAB METAL FABRICATION LTD.,Vaughan,Vaughan,ON,,,33231,3323,Plate work and fabricated structural product manufacturing,1,10-19,Regional Municipality of York,StatCan ODBus v1 (OGL)
a988b99c92174ca7919b,JENN-LEA INC.,Vaughan,Vaughan,ON,,,33312,3331,Construction machinery manufacturing,0,1-4,Regional Municipality of York,StatCan ODBus v1 (OGL)
bd3fb0283c27b7a7a274,JETFORM,Vaughan,Vaughan,ON,,,33271,3327,Machine shops,1,1-4,Regional Municipality of York,StatCan ODBus v1 (OGL)
d98cb0e26492018a795d,JROBERTS MANUFACTURING INC.,Vaughan,Vaughan,ON,,,33231,3323,Plate work and fabricated structural product manufacturing,1,20-49,Regional Municipality of York,StatCan ODBus v1 (OGL)
22cc948e1dd59154a940,JSA STEEL,Vaughan,Vaughan,ON,,,33271,3327,Machine shops,1,5-9,Regional Municipality of York,StatCan ODBus v1 (OGL)
7381069c3b28d92ef15f,K.W. VENTQUIP,Vaughan,Vaughan,ON,,,33341,3334,"Ventilation, heating, air-conditioning and commercial refrigeration equipment manufacturing",0,1-4,Regional Municipality of York,StatCan ODBus v1 (OGL)
ac32d07848bb81973676,KAMM INDUSTRIES LTD.,Vaughan,Vaughan,ON,,,33451,3345,"Navigational, measuring, medical and control instruments manufacturing",1,10-19,Regional Municipality of York,StatCan ODBus v1 (OGL)
ce4567fab16b2aaab3e0,KARSH PRECISION MACHINE,Vaughan,Vaughan,ON,,,33324,3332,Industrial machinery manufacturing,1,1-4,Regional Municipality of York,StatCan ODBus v1 (OGL)
334be835adeddf729046,KAWNEER COMPANY CANADA,Vaughan,Vaughan,ON,,,33232,3323,Ornamental and architectural metal product manufacturing,1,20-49,Regional Municipality of York,StatCan ODBus v1 (OGL)
c06c66469e37c78314c3,KENSPIN LTD.,Vaughan,Vaughan,ON,,,33299,3329,All other fabricated metal product manufacturing,1,1-4,Regional Municipality of York,StatCan ODBus v1 (OGL)
814399e94c6a3f5a4039,KIRTEC TOOLING AND MFG. INC.,Vaughan,Vaughan,ON,,,33152,3315,Non-ferrous metal foundries,0,5-9,Regional Municipality of York,StatCan ODBus v1 (OGL)
e6109d0d7023cea7516c,KLEVER EQUIPPED INC.,Vaughan,Vaughan,ON,,,33271,3327,Machine shops,1,10-19,Regional Municipality of York,StatCan ODBus v1 (OGL)
9ef683e67b61e6d7b291,KRAUSS PLASTICS INC.,Vaughan,Vaughan,ON,,,33324,3332,Industrial machinery manufacturing,1,5-9,Regional Municipality of York,StatCan ODBus v1 (OGL)
eb36b62639055b707e58,KRYPTON STEEL INC.,Vaughan,Vaughan,ON,,,33231,3323,Plate work and fabricated structural product manufacturing,1,10-19,Regional Municipality of York,StatCan ODBus v1 (OGL)
3f1aed92375737d6e944,L & A TOOL TECH,Vaughan,Vaughan,ON,,,33351,3335,Metalworking machinery manufacturing,0,1-4,Regional Municipality of York,StatCan ODBus v1 (OGL)
d0b37326f3b1f74e08a5,LAC MACHINE & TOOLING LTD.,Vaughan,Vaughan,ON,,,33351,3335,Metalworking machinery manufacturing,0,20-49,Regional Municipality of York,StatCan ODBus v1 (OGL)
113c506fb83cb78bacec,LAKELAND MANUFACTURING,Vaughan,Vaughan,ON,,,33639,3363,Other motor vehicle parts manufacturing,1,5-9,Regional Municipality of York,StatCan ODBus v1 (OGL)
2e619f5cfdbdb99c3cb6,LASER CUTTING PLUS INC.,Vaughan,Vaughan,ON,,,33281,3328,"Coating, engraving, heat treating and allied activities",1,1-4,Regional Municipality of York,StatCan ODBus v1 (OGL)
d5d106c7a80bf40eab7c,LASER WELD CREATION INC.,Vaughan,Vaughan,ON,,,33399,3339,All other general-purpose machinery manufacturing,1,5-9,Regional Municipality of York,StatCan ODBus v1 (OGL)
e9143e9eda39ec679637,LEEZAN ALUMINUM SYSTEMS INC.,Vaughan,Vaughan,ON,,,33299,3329,All other fabricated metal product manufacturing,1,1-4,Regional Municipality of York,StatCan ODBus v1 (OGL)
3dd4c4bd827c04bbbf7a,LEITZ,Vaughan,Vaughan,ON,,,33324,3332,Industrial machinery manufacturing,1,5-9,Regional Municipality of York,StatCan ODBus v1 (OGL)
d748958193c59749f871,LEN STAR WELDING & FABRICATORS LIMITED,Vaughan,Vaughan,ON,,,33231,3323,Plate work and fabricated structural product manufacturing,1,10-19,Regional Municipality of York,StatCan ODBus v1 (OGL)
0693d4573fc005bebcce,LETAR INC.,Vaughan,Vaughan,ON,,,33641,3364,Aerospace product and parts manufacturing,1,20-49,Regional Municipality of York,StatCan ODBus v1 (OGL)
7639370a0a8c5c25dfb8,LHM TECHNOLOGIES INC.,Vaughan,Vaughan,ON,,,33641,3364,Aerospace product and parts manufacturing,1,50-99,Regional Municipality of York,StatCan ODBus v1 (OGL)
2415c6f65e33ef592160,LIFTKING MANUFACTURING CORP.,Vaughan,Vaughan,ON,,,33392,3339,Material handling equipment manufacturing,1,50-99,Regional Municipality of York,StatCan ODBus v1 (OGL)
99c7efb7d1e46901a4db,LILEX INDUSTRIES LTD.,Vaughan,Vaughan,ON,,,33271,3327,Machine shops,1,1-4,Regional Municipality of York,StatCan ODBus v1 (OGL)
a082bcbc669769eb875c,LISMAR MACHINING CO. LTD.,Vaughan,Vaughan,ON,,,33271,3327,Machine shops,1,1-4,Regional Municipality of York,StatCan ODBus v1 (OGL)
f33e482ab52f6e3f6a67,LITEN'S AUTOMOTIVE PARTNERSHIP,Vaughan,Vaughan,ON,,,33631,3363,Motor vehicle gasoline engine and engine parts manufacturing,1,100-499,Regional Municipality of York,StatCan ODBus v1 (OGL)
dba86c94ee06f0ec5cd8,LITENS AUTOMOTIVE GROUP,Vaughan,Vaughan,ON,,,33631,3363,Motor vehicle gasoline engine and engine parts manufacturing,1,100-499,Regional Municipality of York,StatCan ODBus v1 (OGL)
102c96e27b3984abbb33,LOGENEX INNOVATIONS INC.,Vaughan,Vaughan,ON,,,33592,3359,Communication and energy wire and cable manufacturing,1,5-9,Regional Municipality of York,StatCan ODBus v1 (OGL)
f87db26962798a9e60b9,LUXLOGIC LIGHTING INC.,Vaughan,Vaughan,ON,,,33511,3351,Electric lamp bulb and parts manufacturing,0,5-9,Regional Municipality of York,StatCan ODBus v1 (OGL)
3f71dbc51fd235bd2aae,M.A.S. PRECISION PARTS LTD.,Vaughan,Vaughan,ON,,,33271,3327,Machine shops,1,1-4,Regional Municipality of York,StatCan ODBus v1 (OGL)
08c4bedfcc3f061103e5,MAC'S WELDING & FABRICATING,Vaughan,Vaughan,ON,,,33231,3323,Plate work and fabricated structural product manufacturing,1,1-4,Regional Municipality of York,StatCan ODBus v1 (OGL)
483c6f0286d3cb333fa1,MACRODYNE TECHNOLOGIES INC.,Vaughan,Vaughan,ON,,,33324,3332,Industrial machinery manufacturing,1,50-99,Regional Municipality of York,StatCan ODBus v1 (OGL)
0a80c73a8e857371b26f,MAG WINDOWS AND DOORS INC.,Vaughan,Vaughan,ON,,,33232,3323,Ornamental and architectural metal product manufacturing,1,5-9,Regional Municipality of York,StatCan ODBus v1 (OGL)
629bb110d139233e1a12,MAGNA P&F TOOL & DIE,Vaughan,Vaughan,ON,,,33639,3363,Other motor vehicle parts manufacturing,1,500+,Regional Municipality of York,StatCan ODBus v1 (OGL)
7e0f741db4e935e20dfc,MAGNAWAND INC.,Vaughan,Vaughan,ON,,,33451,3345,"Navigational, measuring, medical and control instruments manufacturing",1,1-4,Regional Municipality of York,StatCan ODBus v1 (OGL)
4c03d8de8fe014dc711e,MAGNUS FABRICATION INC.,Vaughan,Vaughan,ON,,,33639,3363,Other motor vehicle parts manufacturing,1,5-9,Regional Municipality of York,StatCan ODBus v1 (OGL)
a5423a54a1b7972fad51,MAPLE STAMPING,Vaughan,Vaughan,ON,,,33639,3363,Other motor vehicle parts manufacturing,1,100-499,Regional Municipality of York,StatCan ODBus v1 (OGL)
dbcac3b4e314d136cd89,MAPLETOWN ALUMINUM INC.,Vaughan,Vaughan,ON,,,33232,3323,Ornamental and architectural metal product manufacturing,1,10-19,Regional Municipality of York,StatCan ODBus v1 (OGL)
f280042a5f639797ae71,MARBLE DRAFT INC.,Vaughan,Vaughan,ON,,,33232,3323,Ornamental and architectural metal product manufacturing,1,1-4,Regional Municipality of York,StatCan ODBus v1 (OGL)
ebb047705637eb5bd90c,MARFAB METAL PRODUCTS INC.,Vaughan,Vaughan,ON,,,33121,3312,Iron and steel pipes and tubes manufacturing from purchased steel,0,20-49,Regional Municipality of York,StatCan ODBus v1 (OGL)
b43864fd786e7af35dd2,MASTER IRON STAIRS & FENCE INC.,Vaughan,Vaughan,ON,,,33232,3323,Ornamental and architectural metal product manufacturing,1,1-4,Regional Municipality of York,StatCan ODBus v1 (OGL)
22387487588807822c17,MASTERCHROME LTD.,Vaughan,Vaughan,ON,,,33271,3327,Machine shops,1,10-19,Regional Municipality of York,StatCan ODBus v1 (OGL)
f80a829762eef481b0d0,MATICAIR SUPPLY & MANUFACTURING LTD.,Vaughan,Vaughan,ON,,,33341,3334,"Ventilation, heating, air-conditioning and commercial refrigeration equipment manufacturing",0,50-99,Regional Municipality of York,StatCan ODBus v1 (OGL)
ef5798773db921c91558,MATTE TOOL & MACHINE LIMITED,Vaughan,Vaughan,ON,,,33121,3312,Iron and steel pipes and tubes manufacturing from purchased steel,0,5-9,Regional Municipality of York,StatCan ODBus v1 (OGL)
0d7bf1fd3b9fae6a9299,MAVLET PRECISION,Vaughan,Vaughan,ON,,,33271,3327,Machine shops,1,1-4,Regional Municipality of York,StatCan ODBus v1 (OGL)
0df5bf3c57b2284e4877,MAX PRECISION TURNING INC.,Vaughan,Vaughan,ON,,,33271,3327,Machine shops,1,1-4,Regional Municipality of York,StatCan ODBus v1 (OGL)
62cdc572f8e38c0c44b9,MAX WATER,Vaughan,Vaughan,ON,,,33331,3333,Commercial and service industry machinery manufacturing,1,5-9,Regional Municipality of York,StatCan ODBus v1 (OGL)
c51802987ab0a46fd0a5,MAXDOR,Vaughan,Vaughan,ON,,,33232,3323,Ornamental and architectural metal product manufacturing,1,10-19,Regional Municipality of York,StatCan ODBus v1 (OGL)
e42f59f0c7a980efc362,MAXEL MANUFACTURING INC.,Vaughan,Vaughan,ON,,,33351,3335,Metalworking machinery manufacturing,0,5-9,Regional Municipality of York,StatCan ODBus v1 (OGL)
cb944c86d04fc9286149,MCA PRECISION MACHINING INC.,Vaughan,Vaughan,ON,,,33271,3327,Machine shops,1,10-19,Regional Municipality of York,StatCan ODBus v1 (OGL)
0ade40fc4f957c94358c,MEDALLION FENCE LTD.,Vaughan,Vaughan,ON,,,33232,3323,Ornamental and architectural metal product manufacturing,1,20-49,Regional Municipality of York,StatCan ODBus v1 (OGL)
63397208facb032e55a3,MEGART SYSTEMS INC.,Vaughan,Vaughan,ON,,,33324,3332,Industrial machinery manufacturing,1,10-19,Regional Municipality of York,StatCan ODBus v1 (OGL)
d5b8d1c96a13ac7d9a20,MENDICINO RAILINGS LTD.,Vaughan,Vaughan,ON,,,33232,3323,Ornamental and architectural metal product manufacturing,1,1-4,Regional Municipality of York,StatCan ODBus v1 (OGL)
e155d5edd6d468d57c44,MERCK MACHINING & MFG.,Vaughan,Vaughan,ON,,,33271,3327,Machine shops,1,1-4,Regional Municipality of York,StatCan ODBus v1 (OGL)
a1f20279fc26b866965c,MERCO INDUSTRIES LTD.,Vaughan,Vaughan,ON,,,33641,3364,Aerospace product and parts manufacturing,1,20-49,Regional Municipality of York,StatCan ODBus v1 (OGL)
6fe666ab3157ba198c83,METAL PEARLS LTD.,Vaughan,Vaughan,ON,,,33232,3323,Ornamental and architectural metal product manufacturing,1,1-4,Regional Municipality of York,StatCan ODBus v1 (OGL)
4798b4d04cc21200cefe,METAL WORKS,Vaughan,Vaughan,ON,,,33232,3323,Ornamental and architectural metal product manufacturing,1,10-19,Regional Municipality of York,StatCan ODBus v1 (OGL)
52b65f8c51effb08bd92,METALS & ALLOYS CENTRE,Vaughan,Vaughan,ON,,,33351,3335,Metalworking machinery manufacturing,0,1-4,Regional Municipality of York,StatCan ODBus v1 (OGL)
ac967071e37c7c3bb665,METCO PRECISION INC.,Vaughan,Vaughan,ON,,,33351,3335,Metalworking machinery manufacturing,0,1-4,Regional Municipality of York,StatCan ODBus v1 (OGL)
c8a38036a3d8d0383ab9,MICROCHROME CRANKSHAFT COMPANY LTD.,Vaughan,Vaughan,ON,,,33281,3328,"Coating, engraving, heat treating and allied activities",1,1-4,Regional Municipality of York,StatCan ODBus v1 (OGL)
45d815eabae87095e689,MICRON AIR SYSTEMS,Vaughan,Vaughan,ON,,,33341,3334,"Ventilation, heating, air-conditioning and commercial refrigeration equipment manufacturing",0,,Regional Municipality of York,StatCan ODBus v1 (OGL)
c2ad4a64c84f25684814,MILLAR GEAR,Vaughan,Vaughan,ON,,,33361,3336,"Engine, turbine and power transmission equipment manufacturing",1,20-49,Regional Municipality of York,StatCan ODBus v1 (OGL)
72cc77f744bee3d37c05,MIRCOM TECHNOLOGIES LTD.,Vaughan,Vaughan,ON,,,33429,3342,Other communications equipment manufacturing,0,100-499,Regional Municipality of York,StatCan ODBus v1 (OGL)
c98bfbedfc72be36f6d4,MIRION TECHNOLOGIES (CANBERRA CA) LTD.,Vaughan,Vaughan,ON,,,33451,3345,"Navigational, measuring, medical and control instruments manufacturing",1,50-99,Regional Municipality of York,StatCan ODBus v1 (OGL)
bf0fcabad3c007b52a63,MITEK,Vaughan,Vaughan,ON,,,33231,3323,Plate work and fabricated structural product manufacturing,1,20-49,Regional Municipality of York,StatCan ODBus v1 (OGL)
e02571f6911a87b56a88,MOBILE CLIMATE CONTROL INDUSTRIES INC.,Vaughan,Vaughan,ON,,,33341,3334,"Ventilation, heating, air-conditioning and commercial refrigeration equipment manufacturing",0,100-499,Regional Municipality of York,StatCan ODBus v1 (OGL)
b8080d5abe847ec17470,MODULAR WINDOW SYSTEMS INC.,Vaughan,Vaughan,ON,,,33232,3323,Ornamental and architectural metal product manufacturing,1,5-9,Regional Municipality of York,StatCan ODBus v1 (OGL)
f84d0df84f815d7d8571,MONTANA EQUIPMENT LTD.,Vaughan,Vaughan,ON,,,33331,3333,Commercial and service industry machinery manufacturing,1,5-9,Regional Municipality of York,StatCan ODBus v1 (OGL)
b1d5cce9f2a3d6f3c1eb,MSC CONTROL DESIGNS INC.,Vaughan,Vaughan,ON,,,33451,3345,"Navigational, measuring, medical and control instruments manufacturing",1,1-4,Regional Municipality of York,StatCan ODBus v1 (OGL)
464e92fcc29f09b4c9d2,MSM,Vaughan,Vaughan,ON,,,33631,3363,Motor vehicle gasoline engine and engine parts manufacturing,1,100-499,Regional Municipality of York,StatCan ODBus v1 (OGL)
befc43b62435b820c51b,MSM (MAGNA POWERTRAIN),Vaughan,Vaughan,ON,,,33361,3336,"Engine, turbine and power transmission equipment manufacturing",1,100-499,Regional Municipality of York,StatCan ODBus v1 (OGL)
f9b8e531d5babe2233f2,MSP WIRE DISPLAY INC.,Vaughan,Vaughan,ON,,,33593,3359,Wiring device manufacturing,1,10-19,Regional Municipality of York,StatCan ODBus v1 (OGL)
f898645738da0e9e8d04,MULTIMATIC MANUFACTURING,Vaughan,Vaughan,ON,,,33639,3363,Other motor vehicle parts manufacturing,1,100-499,Regional Municipality of York,StatCan ODBus v1 (OGL)
e61b331165f648514ced,MYTOX MANUFACTURING,Vaughan,Vaughan,ON,,,33639,3363,Other motor vehicle parts manufacturing,1,500+,Regional Municipality of York,StatCan ODBus v1 (OGL)
c254c878712ba6658775,N A METAL,Vaughan,Vaughan,ON,,,33232,3323,Ornamental and architectural metal product manufacturing,1,1-4,Regional Municipality of York,StatCan ODBus v1 (OGL)
c6961a7127495728719d,N FORCE CONSTRUCTION,Vaughan,Vaughan,ON,,,33232,3323,Ornamental and architectural metal product manufacturing,1,1-4,Regional Municipality of York,StatCan ODBus v1 (OGL)
6335fd1d028c3486d17e,N.O.W. & ASSOCIATES INC.,Vaughan,Vaughan,ON,,,33271,3327,Machine shops,1,20-49,Regional Municipality of York,StatCan ODBus v1 (OGL)
9d3f0c88efaedaef9d32,NATEXS SHEET METAL LTD.,Vaughan,Vaughan,ON,,,33232,3323,Ornamental and architectural metal product manufacturing,1,10-19,Regional Municipality of York,StatCan ODBus v1 (OGL)
df99d018cfd21e43aec2,NATIONAL BRICK TIE INC.,Vaughan,Vaughan,ON,,,33251,3325,Hardware manufacturing,0,5-9,Regional Municipality of York,StatCan ODBus v1 (OGL)
6c45626c7abd4c8f33da,NB MACHINERY PARTS LTD.,Vaughan,Vaughan,ON,,,33271,3327,Machine shops,1,5-9,Regional Municipality of York,StatCan ODBus v1 (OGL)
e4402a9cda86b97dc579,NEW CUT METAL WORKS INC.,Vaughan,Vaughan,ON,,,33351,3335,Metalworking machinery manufacturing,0,10-19,Regional Municipality of York,StatCan ODBus v1 (OGL)
c7341208a7a95f489ead,NEW ERA ELECTRONICS,Vaughan,Vaughan,ON,,,33411,3341,Computer and peripheral equipment manufacturing,0,5-9,Regional Municipality of York,StatCan ODBus v1 (OGL)
2dc43d32cf710a04819c,NEW ERA GLASS AND WINDOWS LTD.,Vaughan,Vaughan,ON,,,33232,3323,Ornamental and architectural metal product manufacturing,1,1-4,Regional Municipality of York,StatCan ODBus v1 (OGL)
0f24f70be42726f6b4c2,NIIGON MACHINE LTD.,Vaughan,Vaughan,ON,,,33324,3332,Industrial machinery manufacturing,1,50-99,Regional Municipality of York,StatCan ODBus v1 (OGL)
110e2429735356112553,NO-GLARE ARCHITECTURAL GLASS INC.,Vaughan,Vaughan,ON,,,33641,3364,Glass and glass product manufacturing,1,10-19,Regional Municipality of York,StatCan ODBus v1 (OGL)
19573c4e51027cdfbba5,NOBLE FIRE PROTECTION SYSTEMS,Vaughan,Vaughan,ON,,,33399,3339,All other general-purpose machinery manufacturing,1,20-49,Regional Municipality of York,StatCan ODBus v1 (OGL)
bf33bd94c3c3a3e0eb92,NORAK STEEL CONSTRUCTION LTD.,Vaughan,Vaughan,ON,,,33231,3323,Plate work and fabricated structural product manufacturing,1,20-49,Regional Municipality of York,StatCan ODBus v1 (OGL)
e6b2fb3e9c72fbb680bc,NORANCO,Vaughan,Vaughan,ON,,,33641,3364,Aerospace product and parts manufacturing,1,100-499,Regional Municipality of York,StatCan ODBus v1 (OGL)
1b7bc4364b1b5c952474,NORANCO INC. WOODBRIDGE DIVISION,Vaughan,Vaughan,ON,,,33641,3364,Aerospace product and parts manufacturing,1,100-499,Regional Municipality of York,StatCan ODBus v1 (OGL)
b31a75ef79da6a4d3069,NORFINCH MACHINE COMPANY LTD.,Vaughan,Vaughan,ON,,,33271,3327,Machine shops,1,5-9,Regional Municipality of York,StatCan ODBus v1 (OGL)
42e36ce58af2aa7fa341,NORTH SEWING AUTOMATION,Vaughan,Vaughan,ON,,,33324,3332,Industrial machinery manufacturing,1,,Regional Municipality of York,StatCan ODBus v1 (OGL)
7ec6da79ac5005403071,NORTH YORK WELDING,Vaughan,Vaughan,ON,,,33281,3328,"Coating, engraving, heat treating and allied activities",1,10-19,Regional Municipality of York,StatCan ODBus v1 (OGL)
1435d1efa53c2567b32a,NORTHERN FRICTION TECHNOLOGY,Vaughan,Vaughan,ON,,,33634,3363,Motor vehicle brake system manufacturing,1,5-9,Regional Municipality of York,StatCan ODBus v1 (OGL)
2286a7b13b338355f448,NORTHERN TRANSFORMER CORPORATION,Vaughan,Vaughan,ON,,,33531,3353,Electrical equipment manufacturing,1,50-99,Regional Municipality of York,StatCan ODBus v1 (OGL)
aee2418900fdf74ddae4,NOVATEC MACHINING AND TOOLING INC.,Vaughan,Vaughan,ON,,,33271,3327,Machine shops,1,1-4,Regional Municipality of York,StatCan ODBus v1 (OGL)
3732dfca622e704f6b15,NPO TECHNOLOGIES INC,Vaughan,Vaughan,ON,,,33299,3329,All other fabricated metal product manufacturing,1,1-4,Regional Municipality of York,StatCan ODBus v1 (OGL)
34cf5f0dd1c572914f3c,NTD PRECISION LTD.,Vaughan,Vaughan,ON,,,33271,3327,Machine shops,1,5-9,Regional Municipality of York,StatCan ODBus v1 (OGL)
e8fb03ae6c74a8fafff5,NUTECH POWDER COATING,Vaughan,Vaughan,ON,,,33281,3328,"Coating, engraving, heat treating and allied activities",1,1-4,Regional Municipality of York,StatCan ODBus v1 (OGL)
b9b3e555beb7f7aee089,NUVIA DYNAMICS INC.,Vaughan,Vaughan,ON,,,33451,3345,"Navigational, measuring, medical and control instruments manufacturing",1,10-19,Regional Municipality of York,StatCan ODBus v1 (OGL)
59a470da24972a10509d,OIL SCREEN-REVEN NORTH AMERICA,Vaughan,Vaughan,ON,,,33341,3334,"Ventilation, heating, air-conditioning and commercial refrigeration equipment manufacturing",0,1-4,Regional Municipality of York,StatCan ODBus v1 (OGL)
7b3fa7ec7cd13751d49c,OLD FASHION WROUGHT IRON COLLECTION,Vaughan,Vaughan,ON,,,33232,3323,Ornamental and architectural metal product manufacturing,1,1-4,Regional Municipality of York,StatCan ODBus v1 (OGL)
faff6192a9a3922c4256,OLG RAILING,Vaughan,Vaughan,ON,,,33232,3323,Ornamental and architectural metal product manufacturing,1,1-4,Regional Municipality of York,StatCan ODBus v1 (OGL)
8d10881ab4013314587b,OLYMPIC MATERIAL HANDLING LTD.,Vaughan,Vaughan,ON,,,33299,3329,All other fabricated metal product manufacturing,1,20-49,Regional Municipality of York,StatCan ODBus v1 (OGL)
5e71148163da535dad5e,OLYMPIC TROPHIES LTD.,Vaughan,Vaughan,ON,,,33299,3329,All other fabricated metal product manufacturing,1,5-9,Regional Municipality of York,StatCan ODBus v1 (OGL)
e074fd65a337465f48b9,OMEGA ALUMINUM SYSTEMS LTD.,Vaughan,Vaughan,ON,,,33232,3323,Ornamental and architectural metal product manufacturing,1,10-19,Regional Municipality of York,StatCan ODBus v1 (OGL)
c2cf6871264be6732097,OMEGA AUTOMATION AND LIGHTING INC.,Vaughan,Vaughan,ON,,,33232,3323,Ornamental and architectural metal product manufacturing,1,10-19,Regional Municipality of York,StatCan ODBus v1 (OGL)
c7c0f7baae2a59601c9f,ONTARIO BELTING AND POWER TRANSMISSION CO. LTD.,Vaughan,Vaughan,ON,,,33392,3339,Material handling equipment manufacturing,1,20-49,Regional Municipality of York,StatCan ODBus v1 (OGL)
b09c76da896ef060e4ef,P & F TOOL & DIE,Vaughan,Vaughan,ON,,,33639,3363,Other motor vehicle parts manufacturing,1,20-49,Regional Municipality of York,StatCan ODBus v1 (OGL)
7f827ae19f949505b712,P.A.F. METAL PRODUCTS LTD.,Vaughan,Vaughan,ON,,,33231,3323,Plate work and fabricated structural product manufacturing,1,10-19,Regional Municipality of York,StatCan ODBus v1 (OGL)
bb06ba4260a3cf9c83b4,P.S. REPAIRS DISPOSAL EQUIPMENT & GENERAL WELDING,Vaughan,Vaughan,ON,,,33243,3324,"Metal can, box and other metal container (light gauge) manufacturing",0,1-4,Regional Municipality of York,StatCan ODBus v1 (OGL)
cca076643446e5446ef7,P.T. INDUSTRIAL ELECTRIC CO.,Vaughan,Vaughan,ON,,,33324,3332,Industrial machinery manufacturing,1,50-99,Regional Municipality of York,StatCan ODBus v1 (OGL)
a56cdb9d4eeafcc579c9,PACECONTROLS CANADA,Vaughan,Vaughan,ON,,,33341,3334,"Ventilation, heating, air-conditioning and commercial refrigeration equipment manufacturing",0,,Regional Municipality of York,StatCan ODBus v1 (OGL)
23fc38fe1da5f5bf3b7c,PACK SMART INC.,Vaughan,Vaughan,ON,,,33399,3339,All other general-purpose machinery manufacturing,1,10-19,Regional Municipality of York,StatCan ODBus v1 (OGL)
104d477d5013f742a4b1,PASSAT LTD.,Vaughan,Vaughan,ON,,,33441,3344,Semiconductor and other electronic component manufacturing,1,10-19,Regional Municipality of York,StatCan ODBus v1 (OGL)
75be2cb3edeae0ae0ca4,PENDELL BURNERS,Vaughan,Vaughan,ON,,,33324,3332,Industrial machinery manufacturing,1,5-9,Regional Municipality of York,StatCan ODBus v1 (OGL)
d793e6115e8d3126c748,PHOENIX FRICTION PRODUCTS,Vaughan,Vaughan,ON,,,33635,3363,Motor vehicle transmission and power train parts manufacturing,1,5-9,Regional Municipality of York,StatCan ODBus v1 (OGL)
0a27220f3cbf4cf2e5f3,PLATING HOUSE OF CANADA,Vaughan,Vaughan,ON,,,33281,3328,"Coating, engraving, heat treating and allied activities",1,5-9,Regional Municipality of York,StatCan ODBus v1 (OGL)
6c81523b443e52a12917,PLV SYSTEMS INC.,Vaughan,Vaughan,ON,,,33451,3345,"Navigational, measuring, medical and control instruments manufacturing",1,1-4,Regional Municipality of York,StatCan ODBus v1 (OGL)
7b22a5e32238f24935ec,POLTECH BUHER INC.,Vaughan,Vaughan,ON,,,33271,3327,Machine shops,1,10-19,Regional Municipality of York,StatCan ODBus v1 (OGL)
814212769e3036dc7489,PRECISION THREAD & GRINDING CO LTD,Vaughan,Vaughan,ON,,,33351,3335,Metalworking machinery manufacturing,0,1-4,Regional Municipality of York,StatCan ODBus v1 (OGL)
ed9a6097a98dd1ac6139,PREFERRED ENGINEERING,Vaughan,Vaughan,ON,,,33232,3323,Ornamental and architectural metal product manufacturing,1,,Regional Municipality of York,StatCan ODBus v1 (OGL)
65474ce5da9a4b976a0b,PREMIER FIREPLACES AND FACINGS INC.,Vaughan,Vaughan,ON,,,33299,3329,All other fabricated metal product manufacturing,1,1-4,Regional Municipality of York,StatCan ODBus v1 (OGL)
239a70c4fd72c76ea513,PRIBUSIN INC.,Vaughan,Vaughan,ON,,,33451,3345,"Navigational, measuring, medical and control instruments manufacturing",1,10-19,Regional Municipality of York,StatCan ODBus v1 (OGL)
02d0464f17ede8bf7652,PRICE SCREW MACHINE PRODUCTS LTD.,Vaughan,Vaughan,ON,,,33272,3327,"Turned product and screw, nut and bolt manufacturing",1,10-19,Regional Municipality of York,StatCan ODBus v1 (OGL)
72d9efaac4732c638f5e,PRIME MACHINE WORKS & WELDING LTD.,Vaughan,Vaughan,ON,,,33271,3327,Machine shops,1,10-19,Regional Municipality of York,StatCan ODBus v1 (OGL)
24b24f84728860f0332e,PRIME MOULD TOOLS AND MACHINING INC.,Vaughan,Vaughan,ON,,,33351,3335,Metalworking machinery manufacturing,0,1-4,Regional Municipality of York,StatCan ODBus v1 (OGL)
bcca62e2c70880246e32,PRINTERM DATASCRIBE INC.,Vaughan,Vaughan,ON,,,33411,3341,Computer and peripheral equipment manufacturing,0,5-9,Regional Municipality of York,StatCan ODBus v1 (OGL)
1c19c9de2c4da8a3c1d1,PRO LASER PLUS LTD.,Vaughan,Vaughan,ON,,,33231,3323,Plate work and fabricated structural product manufacturing,1,20-49,Regional Municipality of York,StatCan ODBus v1 (OGL)
28cc23817cfa3b60f941,PRO WELD,Vaughan,Vaughan,ON,,,33232,3323,Ornamental and architectural metal product manufacturing,1,5-9,Regional Municipality of York,StatCan ODBus v1 (OGL)
176badf377e25581b9d0,PRO-LINE AUTOMATION SYSTEMS LTD.,Vaughan,Vaughan,ON,,,33331,3333,Commercial and service industry machinery manufacturing,1,50-99,Regional Municipality of York,StatCan ODBus v1 (OGL)
5914fd790da7680f29e3,PRO-METAL TECHNOLOGIES LTD.,Vaughan,Vaughan,ON,,,33231,3323,Plate work and fabricated structural product manufacturing,1,20-49,Regional Municipality of York,StatCan ODBus v1 (OGL)
1d8031c038a891b3d0ab,PRO-TECH ELECTRONICS CANADA,Vaughan,Vaughan,ON,,,33441,3344,Semiconductor and other electronic component manufacturing,1,1-4,Regional Municipality of York,StatCan ODBus v1 (OGL)
05350bdb8075bb9dc6a7,PROCOAT FINISHING LTD,Vaughan,Vaughan,ON,,,33281,3328,"Coating, engraving, heat treating and allied activities",1,10-19,Regional Municipality of York,StatCan ODBus v1 (OGL)
41d70e7d85ac3ade86a1,PROTYPE 2000 LTD.,Vaughan,Vaughan,ON,,,33232,3323,Ornamental and architectural metal product manufacturing,1,5-9,Regional Municipality of York,StatCan ODBus v1 (OGL)
cf6e3dcaf96c5b835a5a,PSC PRESSURE SYSTEMS COMPANY INC.,Vaughan,Vaughan,ON,,,33331,3333,Commercial and service industry machinery manufacturing,1,10-19,Regional Municipality of York,StatCan ODBus v1 (OGL)
52b6c0f09fffb4270e81,QUADRANT INDUSTRIES INC.,Vaughan,Vaughan,ON,,,33232,3323,Ornamental and architectural metal product manufacturing,1,50-99,Regional Municipality of York,StatCan ODBus v1 (OGL)
77f18446f1ebb7ca687d,QUALIFIED TRANSMISSION & DIFFERENTIAL INC.,Vaughan,Vaughan,ON,,,33635,3363,Motor vehicle transmission and power train parts manufacturing,1,1-4,Regional Municipality of York,StatCan ODBus v1 (OGL)
7906a066dd7e46974038,R W D TOOL & MACHINE LTD.,Vaughan,Vaughan,ON,,,33271,3327,Machine shops,1,10-19,Regional Municipality of York,StatCan ODBus v1 (OGL)
26eff7d72910ce94fa14,R.P.M. ROLLFORMED METAL PRODUCTS,Vaughan,Vaughan,ON,,,33122,3312,Rolling and drawing of purchased steel,0,20-49,Regional Municipality of York,StatCan ODBus v1 (OGL)
e5efb082a5922e31ddb2,RAINBOW POWDER COATINGS,Vaughan,Vaughan,ON,,,33281,3328,"Coating, engraving, heat treating and allied activities",1,5-9,Regional Municipality of York,StatCan ODBus v1 (OGL)
38508137767f27f4ecf7,RAM MACHINES LTD.,Vaughan,Vaughan,ON,,,33211,3321,Forging and stamping,1,20-49,Regional Municipality of York,StatCan ODBus v1 (OGL)
22688a2f6ff93f5d47ba,RAPTOR CUTTING TOOLS INC.,Vaughan,Vaughan,ON,,,33221,3322,Cutlery and hand tool manufacturing,0,5-9,Regional Municipality of York,StatCan ODBus v1 (OGL)
a02c4888a7d7771c018c,RATECH ELECTRONICS LTD.,Vaughan,Vaughan,ON,,,33451,3345,"Navigational, measuring, medical and control instruments manufacturing",1,10-19,Regional Municipality of York,StatCan ODBus v1 (OGL)
e46800afe4d532340eef,RAVEN METAL FABRICATOR,Vaughan,Vaughan,ON,,,33272,3327,"Turned product and screw, nut and bolt manufacturing",1,20-49,Regional Municipality of York,StatCan ODBus v1 (OGL)
b74402cbf17a8c067610,READY-WELD METAL FABRICATORS INC.,Vaughan,Vaughan,ON,,,33232,3323,Ornamental and architectural metal product manufacturing,1,5-9,Regional Municipality of York,StatCan ODBus v1 (OGL)
37ce1f080c7609c21707,REGAL WINDOWS AND RAILINGS,Vaughan,Vaughan,ON,,,33232,3323,Ornamental and architectural metal product manufacturing,1,10-19,Regional Municipality of York,StatCan ODBus v1 (OGL)
fdb978c85ff1194dc74f,RELCO INC.,Vaughan,Vaughan,ON,,,33324,3332,Industrial machinery manufacturing,1,20-49,Regional Municipality of York,StatCan ODBus v1 (OGL)
c23588c5cef526a1b20b,REVERSOMATIC HEATING & MANUFACTURING LTD.,Vaughan,Vaughan,ON,,,33341,3334,"Ventilation, heating, air-conditioning and commercial refrigeration equipment manufacturing",0,10-19,Regional Municipality of York,StatCan ODBus v1 (OGL)
c66cb027e3b213f3c6fd,REVERSOMATIC MANUFACTURING LTD.,Vaughan,Vaughan,ON,,,33341,3334,"Ventilation, heating, air-conditioning and commercial refrigeration equipment manufacturing",0,50-99,Regional Municipality of York,StatCan ODBus v1 (OGL)
163e1d0ab58a686e51d2,REX POWER MAGNETICS,Vaughan,Vaughan,ON,,,33531,3353,Electrical equipment manufacturing,1,100-499,Regional Municipality of York,StatCan ODBus v1 (OGL)
1d9bd9e7e561f3714180,RIMAC FABRICATORS LTD.,Vaughan,Vaughan,ON,,,33231,3323,Plate work and fabricated structural product manufacturing,1,20-49,Regional Municipality of York,StatCan ODBus v1 (OGL)
551f238d5b6ad282820c,RIO WELDING LTD.,Vaughan,Vaughan,ON,,,33232,3323,Ornamental and architectural metal product manufacturing,1,20-49,Regional Municipality of York,StatCan ODBus v1 (OGL)
67c33dc7b00c3af44801,RIZZELLO BROTHERS RAILINGS INC.,Vaughan,Vaughan,ON,,,33232,3323,Ornamental and architectural metal product manufacturing,1,5-9,Regional Municipality of York,StatCan ODBus v1 (OGL)
7f22f39a6e2655b35a6c,RLN MACHINERY INC.,Vaughan,Vaughan,ON,,,33271,3327,Machine shops,1,1-4,Regional Municipality of York,StatCan ODBus v1 (OGL)
56d2b950769d94cacf17,ROBINSON-ADAMS OVERHEAD DOORS INC.,Vaughan,Vaughan,ON,,,33232,3323,"Lumber, plywood and millwork wholesaler-distributors",1,5-9,Regional Municipality of York,StatCan ODBus v1 (OGL)
4b0d855379aa350f7926,ROCHESTER ALUMINUM SMELTING CANADA LTD.,Vaughan,Vaughan,ON,,,33131,3313,Alumina and aluminum production and processing,0,50-99,Regional Municipality of York,StatCan ODBus v1 (OGL)
cdf46aa2711ff0378969,ROLL PRO,Vaughan,Vaughan,ON,,,33232,3323,Ornamental and architectural metal product manufacturing,1,1-4,Regional Municipality of York,StatCan ODBus v1 (OGL)
afd7e8aec9cbf3bc2b06,ROLL-KRAFT,Vaughan,Vaughan,ON,,,33351,3335,Metalworking machinery manufacturing,0,10-19,Regional Municipality of York,StatCan ODBus v1 (OGL)
0ea294fc7b50dc5f770d,ROLLING THUNDERZ,Vaughan,Vaughan,ON,,,33631,3363,Motor vehicle gasoline engine and engine parts manufacturing,1,1-4,Regional Municipality of York,StatCan ODBus v1 (OGL)
7307546ab48929f403ae,ROLLSTAMP MANUFACTURING,Vaughan,Vaughan,ON,,,33639,3363,Other motor vehicle parts manufacturing,1,100-499,Regional Municipality of York,StatCan ODBus v1 (OGL)
0d79b9cea97ca74f6f3f,ROLLSTAMP MANUFACTURING,Vaughan,Vaughan,ON,,,33639,3363,Other motor vehicle parts manufacturing,1,50-99,Regional Municipality of York,StatCan ODBus v1 (OGL)
ec51b9528cdc2c568132,ROLLSTAMP MANUFACTURING,Vaughan,Vaughan,ON,,,33639,3363,Other motor vehicle parts manufacturing,1,100-499,Regional Municipality of York,StatCan ODBus v1 (OGL)
030474c3ee71037d8bd8,ROTEQ MACHINERY INC.,Vaughan,Vaughan,ON,,,33531,3353,Electrical equipment manufacturing,1,20-49,Regional Municipality of York,StatCan ODBus v1 (OGL)
ce6cdda7c05e349e7c4e,ROYAL BUILDING PRODUCTS,Vaughan,Vaughan,ON,,,33232,3323,Ornamental and architectural metal product manufacturing,1,50-99,Regional Municipality of York,StatCan ODBus v1 (OGL)
88ed214aaf1649628258,ROYAL BUILDING PRODUCTS,Vaughan,Vaughan,ON,,,33232,3323,Ornamental and architectural metal product manufacturing,1,50-99,Regional Municipality of York,StatCan ODBus v1 (OGL)
f286b65ff7e81a25b417,ROYAL C.N.C. TECHNOLOGY LTD.,Vaughan,Vaughan,ON,,,33271,3327,Metalworking machinery manufacturing,1,10-19,Regional Municipality of York,StatCan ODBus v1 (OGL)
a08a32a3b12e4cd9d8f9,ROYAL CROWN ALUMINUM INC.,Vaughan,Vaughan,ON,,,33232,3323,Ornamental and architectural metal product manufacturing,1,5-9,Regional Municipality of York,StatCan ODBus v1 (OGL)
6962bd3c521b3cbaff1f,ROYALGUARD INDUSTRIES,Vaughan,Vaughan,ON,,,33232,3323,Ornamental and architectural metal product manufacturing,1,10-19,Regional Municipality of York,StatCan ODBus v1 (OGL)
04d6462db712f1b9a784,RUSCAN DOORS,Vaughan,Vaughan,ON,,,33232,3323,Ornamental and architectural metal product manufacturing,1,10-19,Regional Municipality of York,StatCan ODBus v1 (OGL)
1f74bdf390856d617798,RUSTIC ORNAMENTAL,Vaughan,Vaughan,ON,,,33111,3311,Iron and steel mills and ferro-alloy manufacturing,0,5-9,Regional Municipality of York,StatCan ODBus v1 (OGL)
801008f4e08599a010c1,RWB AIR SYSTEMS LTD.,Vaughan,Vaughan,ON,,,33232,3323,Ornamental and architectural metal product manufacturing,1,5-9,Regional Municipality of York,StatCan ODBus v1 (OGL)
d60966d275ce04f99ae0,S.A.I. MOULDING AND CNC MACHINING,Vaughan,Vaughan,ON,,,33271,3327,Machine shops,1,1-4,Regional Municipality of York,StatCan ODBus v1 (OGL)
d35b318c3b6eae802de2,SALIT STEEL,Vaughan,Vaughan,ON,,,33231,3323,Plate work and fabricated structural product manufacturing,1,20-49,Regional Municipality of York,StatCan ODBus v1 (OGL)
b46920b410b82196bb53,SAMUEL PACKAGING SYSTEMS GROUP,Vaughan,Vaughan,ON,,,33399,3339,All other general-purpose machinery manufacturing,1,50-99,Regional Municipality of York,StatCan ODBus v1 (OGL)
20fd963623e709bcb4b9,SARTREX POWER CONTROL SYSTEMS INC.,Vaughan,Vaughan,ON,,,33451,3345,"Navigational, measuring, medical and control instruments manufacturing",1,20-49,Regional Municipality of York,StatCan ODBus v1 (OGL)
f6efbcf128ba188fe01c,SAVVY METAL PRODUCTS INC.,Vaughan,Vaughan,ON,,,33211,3321,Forging and stamping,1,5-9,Regional Municipality of York,StatCan ODBus v1 (OGL)
f5ffa3d2714511be9f04,SCINTREX LTD.,Vaughan,Vaughan,ON,,,33451,3345,"Navigational, measuring, medical and control instruments manufacturing",1,50-99,Regional Municipality of York,StatCan ODBus v1 (OGL)
21704d45fd5b2d2b780c,SEAMLESS BETA,Vaughan,Vaughan,ON,,,33231,3323,Plate work and fabricated structural product manufacturing,1,1-4,Regional Municipality of York,StatCan ODBus v1 (OGL)
02fcce172da919512e68,SELECTIVE CONFORMAL COATINGS INC.,Vaughan,Vaughan,ON,,,33281,3328,"Coating, engraving, heat treating and allied activities",1,10-19,Regional Municipality of York,StatCan ODBus v1 (OGL)
7753b6d0a2b08575a19b,SELJAN TOOL INC.,Vaughan,Vaughan,ON,,,33271,3327,Machine shops,1,1-4,Regional Municipality of York,StatCan ODBus v1 (OGL)
9e90f2cce117af4c8370,SHERWOOD ELECTROMOTION INC.,Vaughan,Vaughan,ON,,,33531,3353,Electrical equipment manufacturing,1,100-499,Regional Municipality of York,StatCan ODBus v1 (OGL)
47a3cbdb2b56f19a7cab,SHIMIFREZ,Vaughan,Vaughan,ON,,,33299,3329,All other fabricated metal product manufacturing,1,10-19,Regional Municipality of York,StatCan ODBus v1 (OGL)
1ae895edadaa6a386811,SIRIUS MACHINE & TOOL,Vaughan,Vaughan,ON,,,33271,3327,Machine shops,1,10-19,Regional Municipality of York,StatCan ODBus v1 (OGL)
34734620ac4bdaa2d558,SKYGUARD HIGHRISE WINDOWS AND DOORS,Vaughan,Vaughan,ON,,,33232,3323,Ornamental and architectural metal product manufacturing,1,5-9,Regional Municipality of York,StatCan ODBus v1 (OGL)
a532174d55b852fd7c9d,SL E.D.M. INC.,Vaughan,Vaughan,ON,,,33271,3327,Machine shops,1,5-9,Regional Municipality of York,StatCan ODBus v1 (OGL)
5bee1a5c0b719c97884e,SOUTHWEST UNITED CANADA,Vaughan,Vaughan,ON,,,33281,3328,"Coating, engraving, heat treating and allied activities",1,50-99,Regional Municipality of York,StatCan ODBus v1 (OGL)
86b22539e7ea0039a307,SPAN DEVELOPMENTS INC.,Vaughan,Vaughan,ON,,,33231,3323,Plate work and fabricated structural product manufacturing,1,1-4,Regional Municipality of York,StatCan ODBus v1 (OGL)
f4e59f9e129321c0c290,SPECIALIZED METAL FABRICATORS INC.,Vaughan,Vaughan,ON,,,33299,3329,All other fabricated metal product manufacturing,1,20-49,Regional Municipality of York,StatCan ODBus v1 (OGL)
3de0d3e907b8b24d3cb8,SPECTRA ANODIZING LTD.,Vaughan,Vaughan,ON,,,33281,3328,"Coating, engraving, heat treating and allied activities",1,50-99,Regional Municipality of York,StatCan ODBus v1 (OGL)
195759dbc8b054169168,SPECTRA HI-TECH,Vaughan,Vaughan,ON,,,33131,3313,Alumina and aluminum production and processing,0,20-49,Regional Municipality of York,StatCan ODBus v1 (OGL)
a520f4e0327929f97128,SPRAYCON INC.,Vaughan,Vaughan,ON,,,33399,3339,All other general-purpose machinery manufacturing,1,5-9,Regional Municipality of York,StatCan ODBus v1 (OGL)
2b7e77386ca44906bc0f,SPUTTEK,Vaughan,Vaughan,ON,,,33271,3327,Machine shops,1,20-49,Regional Municipality of York,StatCan ODBus v1 (OGL)
6b32989c49d8765205dc,STAINLESS DIMENSIONS,Vaughan,Vaughan,ON,,,33299,3329,Other fabricated metal product manufacturing,1,1-4,Regional Municipality of York,StatCan ODBus v1 (OGL)
9ee85abbb4f4dab3438d,STATE RAILING CORPORATION,Vaughan,Vaughan,ON,,,33232,3323,Ornamental and architectural metal product manufacturing,1,100-499,Regional Municipality of York,StatCan ODBus v1 (OGL)
afe4ac20d63c0a88f4ce,STATE WINDOW CORPORATION,Vaughan,Vaughan,ON,,,33232,3323,Ornamental and architectural metal product manufacturing,1,100-499,Regional Municipality of York,StatCan ODBus v1 (OGL)
7636ccad765e9a29734f,STEALTH COMPUTER CORP.,Vaughan,Vaughan,ON,,,33411,3341,Computer and peripheral equipment manufacturing,0,10-19,Regional Municipality of York,StatCan ODBus v1 (OGL)
680d8a65a839c0141612,STEAM SPECIALTY SALES LTD.,Vaughan,Vaughan,ON,,,33232,3323,Ornamental and architectural metal product manufacturing,1,10-19,Regional Municipality of York,StatCan ODBus v1 (OGL)
15d88ef504d2e947cf9e,STELLAR METAL,Vaughan,Vaughan,ON,,,33251,3325,Hardware manufacturing,0,20-49,Regional Municipality of York,StatCan ODBus v1 (OGL)
8905c9d8b93d7188b09d,STRADER TECHNOLOGIES,Vaughan,Vaughan,ON,,,33232,3323,Ornamental and architectural metal product manufacturing,1,5-9,Regional Municipality of York,StatCan ODBus v1 (OGL)
417c4df8fc95c8a82dc0,STRICTLY MACHINING & FABRICATION INC.,Vaughan,Vaughan,ON,,,33111,3311,Iron and steel mills and ferro-alloy manufacturing,0,1-4,Regional Municipality of York,StatCan ODBus v1 (OGL)
3f96544245c60ca31c15,SUDAK PRECISION,Vaughan,Vaughan,ON,,,33351,3335,Metalworking machinery manufacturing,0,5-9,Regional Municipality of York,StatCan ODBus v1 (OGL)
6ac2c14696fb44f793f6,SUMMERS MANUFACTURING LTD.,Vaughan,Vaughan,ON,,,33281,3328,"Coating, engraving, heat treating and allied activities",1,1-4,Regional Municipality of York,StatCan ODBus v1 (OGL)
f78e07bc0feb62757cbd,SUNVIEW PATIO DOORS LTD.,Vaughan,Vaughan,ON,,,33232,3323,Other plastic product manufacturing,1,100-499,Regional Municipality of York,StatCan ODBus v1 (OGL)
acd8648601aa6744568a,SUPER SEAL MANUFACTURING LTD.,Vaughan,Vaughan,ON,,,33232,3323,Ornamental and architectural metal product manufacturing,1,20-49,Regional Municipality of York,StatCan ODBus v1 (OGL)
97129e83ec624b91ed59,SUPERIOR MACHINING LTD.,Vaughan,Vaughan,ON,,,33271,3327,Machine shops,1,20-49,Regional Municipality of York,StatCan ODBus v1 (OGL)
2b8764d003dc260b312a,SUPERIOR TOOL TECH CORP.,Vaughan,Vaughan,ON,,,33324,3332,Industrial machinery manufacturing,1,1-4,Regional Municipality of York,StatCan ODBus v1 (OGL)
9fd76c76d5f81c1aa61e,SUTTON SHEET METAL LTD.,Vaughan,Vaughan,ON,,,33232,3323,Ornamental and architectural metal product manufacturing,1,1-4,Regional Municipality of York,StatCan ODBus v1 (OGL)
794b46ec34638983d395,SUZO-HAPP GROUP,Vaughan,Vaughan,ON,,,33331,3333,Commercial and service industry machinery manufacturing,1,50-99,Regional Municipality of York,StatCan ODBus v1 (OGL)
d97bf61863dbfc5e5d9c,TAK STEEL RULE DIES,Vaughan,Vaughan,ON,,,33351,3335,Metalworking machinery manufacturing,0,1-4,Regional Municipality of York,StatCan ODBus v1 (OGL)
3e2a886195cc6f0b0dec,TBME PANEL SYSTEMS INC.,Vaughan,Vaughan,ON,,,33441,3344,Semiconductor and other electronic component manufacturing,1,1-4,Regional Municipality of York,StatCan ODBus v1 (OGL)
73ffd5d80ac749332a6d,TECHNO-SCIENTIFIC INC.,Vaughan,Vaughan,ON,,,33451,3345,"Navigational, measuring, medical and control instruments manufacturing",1,10-19,Regional Municipality of York,StatCan ODBus v1 (OGL)
4a871dc90763a5660d3f,TEKNOSCAN SYSTEMS INC.,Vaughan,Vaughan,ON,,,33451,3345,"Navigational, measuring, medical and control instruments manufacturing",1,20-49,Regional Municipality of York,StatCan ODBus v1 (OGL)
644f02492c4c26e425f6,TELEDYNE OPTECH,Vaughan,Vaughan,ON,,,33451,3345,"Navigational, measuring, medical and control instruments manufacturing",1,100-499,Regional Municipality of York,StatCan ODBus v1 (OGL)
8209a7d502594a0fd61c,THE BRASS WORKS,Vaughan,Vaughan,ON,,,33231,3323,Plate work and fabricated structural product manufacturing,1,1-4,Regional Municipality of York,StatCan ODBus v1 (OGL)
84d92a9f4cde768cc309,THE FURNACE ROOM,Vaughan,Vaughan,ON,,,33341,3334,"Ventilation, heating, air-conditioning and commercial refrigeration equipment manufacturing",0,5-9,Regional Municipality of York,StatCan ODBus v1 (OGL)
0748b05df9722eb63f7e,THE GRID COMPANY,Vaughan,Vaughan,ON,,,33331,3333,Commercial and service industry machinery manufacturing,1,10-19,Regional Municipality of York,StatCan ODBus v1 (OGL)
140ce8eb3f8898809c37,THE MATCOM GROUP,Vaughan,Vaughan,ON,,,33271,3327,Machine shops,1,50-99,Regional Municipality of York,StatCan ODBus v1 (OGL)
f12b682eb57419a6affb,THE PRINTING DEPOT,Vaughan,Vaughan,ON,,,33281,3328,Printing,1,1-4,Regional Municipality of York,StatCan ODBus v1 (OGL)
734def44d0408eb0b7b6,THE RUBINET FAUCET COMPANY,Vaughan,Vaughan,ON,,,33291,3329,Metal valve manufacturing,1,50-99,Regional Municipality of York,StatCan ODBus v1 (OGL)
e917a474fdbd7d6c643f,THEOS INC.,Vaughan,Vaughan,ON,,,33331,3333,Commercial and service industry machinery manufacturing,1,1-4,Regional Municipality of York,StatCan ODBus v1 (OGL)
605e0bd9c26db0f0c89c,THYSSENKRUPP MATERIALS NA,Vaughan,Vaughan,ON,,,33122,3312,Metal service centres,0,100-499,Regional Municipality of York,StatCan ODBus v1 (OGL)
faa5cd54e37c366572d5,TNT CUSTOM STAINLESS STEEL FABRICATION LTD,Vaughan,Vaughan,ON,,,33331,3333,Commercial and service industry machinery manufacturing,1,5-9,Regional Municipality of York,StatCan ODBus v1 (OGL)
c29e0cf84f30ca3e036a,TODI WELDINGS,Vaughan,Vaughan,ON,,,33232,3323,Ornamental and architectural metal product manufacturing,1,1-4,Regional Municipality of York,StatCan ODBus v1 (OGL)
bf0dcc1395be4ef388d0,TOMAR VENTILATION SYSTEMS,Vaughan,Vaughan,ON,,,33232,3323,Ornamental and architectural metal product manufacturing,1,10-19,Regional Municipality of York,StatCan ODBus v1 (OGL)
9241dad52022a4f45e97,TOP LINE RESTAURANT EQUIPMENT LTD.,Vaughan,Vaughan,ON,,,33522,3352,Major appliance manufacturing,0,1-4,Regional Municipality of York,StatCan ODBus v1 (OGL)
0110077770d67b185a56,TORO ALUMINUM,Vaughan,Vaughan,ON,,,33232,3323,Ornamental and architectural metal product manufacturing,1,100-499,Regional Municipality of York,StatCan ODBus v1 (OGL)
c4deb7eaed5ecea18fc2,TORO ALUMINUM RAILINGS INC.,Vaughan,Vaughan,ON,,,33232,3323,Ornamental and architectural metal product manufacturing,1,50-99,Regional Municipality of York,StatCan ODBus v1 (OGL)
446c91336ec531385b59,TORO FABRICATION DEPARTMENT,Vaughan,Vaughan,ON,,,33131,3313,Alumina and aluminum production and processing,0,20-49,Regional Municipality of York,StatCan ODBus v1 (OGL)
e6b8fc1055105f836ed0,TORONTO BAKERY & FOOD EQUIPMENT,Vaughan,Vaughan,ON,,,33324,3332,Industrial machinery manufacturing,1,10-19,Regional Municipality of York,StatCan ODBus v1 (OGL)
74866a37f4fabf6869b5,TORONTO GLASS GROUP,Vaughan,Vaughan,ON,,,33232,3323,Ornamental and architectural metal product manufacturing,1,1-4,Regional Municipality of York,StatCan ODBus v1 (OGL)
c47297f89a54861e37a1,TORONTO TANK & PIPE LTD.,Vaughan,Vaughan,ON,,,33299,3329,All other fabricated metal product manufacturing,1,1-4,Regional Municipality of York,StatCan ODBus v1 (OGL)
08e42030ed06ff4b0416,TOWER GLAZING SYSTEMS,Vaughan,Vaughan,ON,,,33232,3323,Ornamental and architectural metal product manufacturing,1,20-49,Regional Municipality of York,StatCan ODBus v1 (OGL)
fc317dd68381adeb9934,TRI-V CUSTOM MANUFACTURING INC.,Vaughan,Vaughan,ON,,,33232,3323,Ornamental and architectural metal product manufacturing,1,5-9,Regional Municipality of York,StatCan ODBus v1 (OGL)
342a08621addb71aabb9,TRIEST RAILING INC.,Vaughan,Vaughan,ON,,,33231,3323,Plate work and fabricated structural product manufacturing,1,1-4,Regional Municipality of York,StatCan ODBus v1 (OGL)
a4d40e3464ee99e77c34,TRIMBO WINDOW MANFACTURING INC.,Vaughan,Vaughan,ON,,,33232,3323,Ornamental and architectural metal product manufacturing,1,10-19,Regional Municipality of York,StatCan ODBus v1 (OGL)
94362b5e85664b6f1919,TRU TECH CORPORATION,Vaughan,Vaughan,ON,,,33232,3323,Ornamental and architectural metal product manufacturing,1,50-99,Regional Municipality of York,StatCan ODBus v1 (OGL)
35b4471f8111dea21daf,TRUE BROACH & TOOL,Vaughan,Vaughan,ON,,,33351,3335,Metalworking machinery manufacturing,0,5-9,Regional Municipality of York,StatCan ODBus v1 (OGL)
584b3718fbfcdf82b537,TRUE RACKS,Vaughan,Vaughan,ON,,,33639,3363,Other motor vehicle parts manufacturing,1,1-4,Regional Municipality of York,StatCan ODBus v1 (OGL)
5036046ef82711414026,TRUELINE FENCE AND WIRE INC.,Vaughan,Vaughan,ON,,,33232,3323,Ornamental and architectural metal product manufacturing,1,5-9,Regional Municipality of York,StatCan ODBus v1 (OGL)
fcb24900da9b7ed92e8a,TRUFORM BUILDING PRODUCTS INC.,Vaughan,Vaughan,ON,,,33232,3323,Ornamental and architectural metal product manufacturing,1,10-19,Regional Municipality of York,StatCan ODBus v1 (OGL)
dd71304fd67fbf3841a6,TYCOS TOOL & DIE,Vaughan,Vaughan,ON,,,33351,3335,Metalworking machinery manufacturing,0,100-499,Regional Municipality of York,StatCan ODBus v1 (OGL)
40058a1492f6e8384893,UBS - UNIQUE BROADBAND SYSTEMS LTD.,Vaughan,Vaughan,ON,,,33422,3342,Radio and television broadcasting and wireless communications equipment manufacturing,0,20-49,Regional Municipality of York,StatCan ODBus v1 (OGL)
dc1355a6c24117d60283,UBS SERVICE AND MANUFACTURING FACILITY,Vaughan,Vaughan,ON,,,33431,3343,Audio and video equipment manufacturing,0,10-19,Regional Municipality of York,StatCan ODBus v1 (OGL)
474a47cae4406cc456db,ULA MATIC INC.,Vaughan,Vaughan,ON,,,33324,3332,Industrial machinery manufacturing,1,50-99,Regional Municipality of York,StatCan ODBus v1 (OGL)
96ff1e546c429aba1af9,ULTIMA IRON WORKS,Vaughan,Vaughan,ON,,,33232,3323,Ornamental and architectural metal product manufacturing,1,1-4,Regional Municipality of York,StatCan ODBus v1 (OGL)
8f94e640e0bcc5f9bfe2,UNILUX VFC,Vaughan,Vaughan,ON,,,33341,3334,"Ventilation, heating, air-conditioning and commercial refrigeration equipment manufacturing",0,50-99,Regional Municipality of York,StatCan ODBus v1 (OGL)
fd20af57031d6ad284a9,UNIONTECH PRECISION LTD.,Vaughan,Vaughan,ON,,,33271,3327,Machine shops,1,5-9,Regional Municipality of York,StatCan ODBus v1 (OGL)
107962e85d15e5b2527a,UNISEARCH ASSOCIATES INC.,Vaughan,Vaughan,ON,,,33451,3345,"Navigational, measuring, medical and control instruments manufacturing",1,10-19,Regional Municipality of York,StatCan ODBus v1 (OGL)
4024984bfdf72584c048,UNITED RAILING ORNAMENTAL IRON WORKS,Vaughan,Vaughan,ON,,,33232,3323,Ornamental and architectural metal product manufacturing,1,5-9,Regional Municipality of York,StatCan ODBus v1 (OGL)
63967478fd90661d50dc,UNITED SPRAY BOOTHS LTD.,Vaughan,Vaughan,ON,,,33331,3333,Commercial and service industry machinery manufacturing,1,10-19,Regional Municipality of York,StatCan ODBus v1 (OGL)
63c1bfe92ae765080f7f,UNIVERSAL ALUMINUM PRODUCTS LTD.,Vaughan,Vaughan,ON,,,33232,3323,Ornamental and architectural metal product manufacturing,1,5-9,Regional Municipality of York,StatCan ODBus v1 (OGL)
b184f65a150f5f433481,URUCAN RAILINGS,Vaughan,Vaughan,ON,,,33232,3323,Ornamental and architectural metal product manufacturing,1,1-4,Regional Municipality of York,StatCan ODBus v1 (OGL)
082784b856b6ec8ae7d8,UTIL CANADA,Vaughan,Vaughan,ON,,,33634,3363,Motor vehicle brake system manufacturing,1,100-499,Regional Municipality of York,StatCan ODBus v1 (OGL)
5aa4818cb99f4c4608c1,V.E.N.S. ALUMINUM &A GLASS INC.,Vaughan,Vaughan,ON,,,33232,3323,Ornamental and architectural metal product manufacturing,1,1-4,Regional Municipality of York,StatCan ODBus v1 (OGL)
0aa8fe3e77ea8a72235c,V.K. MACHINING & MANUFACTURING LTD,Vaughan,Vaughan,ON,,,33271,3327,Machine shops,1,5-9,Regional Municipality of York,StatCan ODBus v1 (OGL)
e98b31e7f92ee9fce856,V.U. NICS INC.,Vaughan,Vaughan,ON,,,33411,3341,Computer and peripheral equipment manufacturing,0,20-49,Regional Municipality of York,StatCan ODBus v1 (OGL)
c058c0fbb3d2bca6e833,VALK'S MACHINERY,Vaughan,Vaughan,ON,,,33271,3327,Machine shops,1,5-9,Regional Municipality of York,StatCan ODBus v1 (OGL)
26380e97cf1b26201064,VALLEY METAL FINISHING LTD.,Vaughan,Vaughan,ON,,,33281,3328,"Coating, engraving, heat treating and allied activities",1,50-99,Regional Municipality of York,StatCan ODBus v1 (OGL)
7d609959f6c7625f98b5,VALMET LTD,Vaughan,Vaughan,ON,,,33451,3345,"Navigational, measuring, medical and control instruments manufacturing",1,20-49,Regional Municipality of York,StatCan ODBus v1 (OGL)
612812d70901251283a0,VEGA DISTRIBUTION GROUP,Vaughan,Vaughan,ON,,,33599,3359,All other electrical equipment and component manufacturing,1,1-4,Regional Municipality of York,StatCan ODBus v1 (OGL)
b1d2ed55f72e8e8b12dc,VENTCOR SYSTEMS,Vaughan,Vaughan,ON,,,33331,3333,Commercial and service industry machinery manufacturing,1,5-9,Regional Municipality of York,StatCan ODBus v1 (OGL)
be6e642ab3d4631ec860,VERSAN STEEL FABRICATION INC.,Vaughan,Vaughan,ON,,,33231,3323,Plate work and fabricated structural product manufacturing,1,10-19,Regional Municipality of York,StatCan ODBus v1 (OGL)
f7269ca0e2ea3e67f338,VICRO RESEARCH INC.,Vaughan,Vaughan,ON,,,33271,3327,Machine shops,1,5-9,Regional Municipality of York,StatCan ODBus v1 (OGL)
81680a5fc70e5e4d78be,VIKTORIAN SHEET METAL MANUFACTURING INC.,Vaughan,Vaughan,ON,,,33232,3323,Ornamental and architectural metal product manufacturing,1,10-19,Regional Municipality of York,StatCan ODBus v1 (OGL)
f77f515b39699b831837,VIKTORIAN SHEET METAL MANUFACTURING INC.,Vaughan,Vaughan,ON,,,33232,3323,Ornamental and architectural metal product manufacturing,1,20-49,Regional Municipality of York,StatCan ODBus v1 (OGL)
2c5a759991b87bbf2b74,VIKTORIAN SHEET METAL MANUFACTURING INC.,Vaughan,Vaughan,ON,,,33232,3323,Ornamental and architectural metal product manufacturing,1,5-9,Regional Municipality of York,StatCan ODBus v1 (OGL)
ee233dad908d3acd47f9,VINCE CUSTOM BUILD WIRE CAGES,Vaughan,Vaughan,ON,,,33232,3323,Ornamental and architectural metal product manufacturing,1,1-4,Regional Municipality of York,StatCan ODBus v1 (OGL)
68864d123042f76c8128,VIP RAILINGS INC.,Vaughan,Vaughan,ON,,,33232,3323,Ornamental and architectural metal product manufacturing,1,20-49,Regional Municipality of York,StatCan ODBus v1 (OGL)
86eac3132e0e4a941fb4,VISION ALUMINUM,Vaughan,Vaughan,ON,,,33232,3323,Ornamental and architectural metal product manufacturing,1,5-9,Regional Municipality of York,StatCan ODBus v1 (OGL)
8f18c6f1179737799bf8,VISION BUILDING PRODUCTS LTD.,Vaughan,Vaughan,ON,,,33232,3323,Ornamental and architectural metal product manufacturing,1,20-49,Regional Municipality of York,StatCan ODBus v1 (OGL)
0d165b26ccebc48ff30a,VISION HOLLOW METAL LTD.,Vaughan,Vaughan,ON,,,33232,3323,Ornamental and architectural metal product manufacturing,1,50-99,Regional Municipality of York,StatCan ODBus v1 (OGL)
54e8e4e2e30be06952fe,VITREX GLAZING SYSTEMS (1994) INC.,Vaughan,Vaughan,ON,,,33231,3323,Plate work and fabricated structural product manufacturing,1,1-4,Regional Municipality of York,StatCan ODBus v1 (OGL)
361ba0fd5b45ff8fa281,VTF ARCHITECTURAL METALS INC.,Vaughan,Vaughan,ON,,,33232,3323,Ornamental and architectural metal product manufacturing,1,5-9,Regional Municipality of York,StatCan ODBus v1 (OGL)
d5d30aab8a688c32bd0d,WAJAX,Vaughan,Vaughan,ON,,,33391,3339,Pump and compressor manufacturing,1,10-19,Regional Municipality of York,StatCan ODBus v1 (OGL)
29509e89f4c50b033cbc,WARREN INDUSTRIES LTD.,Vaughan,Vaughan,ON,,,33631,3363,Motor vehicle gasoline engine and engine parts manufacturing,1,50-99,Regional Municipality of York,StatCan ODBus v1 (OGL)
dd128aa66814f935d9e5,WARREN INDUSTRIES LTD.,Vaughan,Vaughan,ON,,,33324,3332,Industrial machinery manufacturing,1,10-19,Regional Municipality of York,StatCan ODBus v1 (OGL)
7dcb70bf8c564655584f,WARREN INDUSTRIES LTD.,Vaughan,Vaughan,ON,,,33631,3363,Motor vehicle gasoline engine and engine parts manufacturing,1,50-99,Regional Municipality of York,StatCan ODBus v1 (OGL)
00a06ea03500a8ed5795,WELDED TUBE OF CANADA CORP.,Vaughan,Vaughan,ON,,,33121,3312,Iron and steel pipes and tubes manufacturing from purchased steel,0,100-499,Regional Municipality of York,StatCan ODBus v1 (OGL)
c727f1e1cb8daa15f178,WELDED TUBE OF CANADA CORP.,Vaughan,Vaughan,ON,,,33121,3312,Iron and steel pipes and tubes manufacturing from purchased steel,0,100-499,Regional Municipality of York,StatCan ODBus v1 (OGL)
dee4dfe0223774514e6c,WEST-TECH FINISHING INC.,Vaughan,Vaughan,ON,,,33131,3313,Alumina and aluminum production and processing,0,20-49,Regional Municipality of York,StatCan ODBus v1 (OGL)
f12b60b516e312b886ec,WOODBRIDGE FOAM CORP.,Vaughan,Vaughan,ON,,,33636,3363,Motor vehicle seating and interior trim manufacturing,1,100-499,Regional Municipality of York,StatCan ODBus v1 (OGL)
46a45e8c194cb0075218,YORK METAL PRODUCTS,Vaughan,Vaughan,ON,,,33299,3329,All other fabricated metal product manufacturing,1,50-99,Regional Municipality of York,StatCan ODBus v1 (OGL)
0cc0cc7396c7eff56021,YORK SHEET METAL LTD.,Vaughan,Vaughan,ON,,,33232,3323,Ornamental and architectural metal product manufacturing,1,100-499,Regional Municipality of York,StatCan ODBus v1 (OGL)
9358d765a7abb1a4e7b2,YORKTOWNE HEATING & COOLING INC.,Vaughan,Vaughan,ON,,,33232,3323,"Plumbing, heating and air-conditioning contractors",1,10-19,Regional Municipality of York,StatCan ODBus v1 (OGL)
5dfb650dcd947b6e6d08,ZLATCO FRAMEWORKS LTD.,Vaughan,Vaughan,ON,,,33299,3329,All other fabricated metal product manufacturing,1,20-49,Regional Municipality of York,StatCan ODBus v1 (OGL)
e6b6117b7fd104b0eb30,ZMC METAL COATING,Vaughan,Vaughan,ON,,,33131,3313,Alumina and aluminum production and processing,0,20-49,Regional Municipality of York,StatCan ODBus v1 (OGL)
bc0d56f3d4314d4ce30c,AccuAssembly,Whitby,Whitby,ON,43.85716,-78.89677,333990,3339,All other general-purpose machinery manufacturing,1,,Regional Municipality of Durham,StatCan ODBus v1 (OGL)
68499a60d05448a9dc0e,Aerotek,Whitby,Whitby,ON,43.87135,-78.91583,332999,3329,All other miscellaneous fabricated metal product manufacturing,1,,Regional Municipality of Durham,StatCan ODBus v1 (OGL)
37700c25c3a21f117890,Ascs Canadian Signal,Whitby,Whitby,ON,43.88770,-78.95269,334220,3342,Radio and television broadcasting and wireless communications equipment manufacturing,0,,Regional Municipality of Durham,StatCan ODBus v1 (OGL)
2c571f97cc83368b46d7,Atlantic Lifts Ltd.,Whitby,Whitby,ON,43.87428,-78.92037,332710,3327,Machine shops,1,,Regional Municipality of Durham,StatCan ODBus v1 (OGL)
a0ffc7f49370ba0bb67c,Cardinal Industrial Solutions Inc.,Whitby,Whitby,ON,43.85833,-78.92254,331210,3312,Iron and steel pipes and tubes manufacturing from purchased steel,0,,Regional Municipality of Durham,StatCan ODBus v1 (OGL)
346e0f188e94ab7654ea,Croven Crystals,Whitby,Whitby,ON,43.88757,-78.95023,334410,3344,Semiconductor and other electronic component manufacturing,1,,Regional Municipality of Durham,StatCan ODBus v1 (OGL)
8a9a92801437335117a6,Custone Electromotive Inc,Whitby,Whitby,ON,43.86811,-78.91608,334512,3345,"Measuring, medical and controlling devices manufacturing",1,,Regional Municipality of Durham,StatCan ODBus v1 (OGL)
791f828eeca8eaa5042b,Darlington Steel,Whitby,Whitby,ON,43.87428,-78.92037,331110,3311,Iron and steel mills and ferro-alloy manufacturing,0,,Regional Municipality of Durham,StatCan ODBus v1 (OGL)
e342992b776d72d068c2,dormakaba Canada,Whitby,Whitby,ON,43.87324,-78.92531,335990,3359,All other electrical equipment and component manufacturing,1,,Regional Municipality of Durham,StatCan ODBus v1 (OGL)
3722ca1328e7e62e9eb3,Empco Canada Ltd.,Whitby,Whitby,ON,43.87406,-78.91897,331210,3312,Iron and steel pipes and tubes manufacturing from purchased steel,0,,Regional Municipality of Durham,StatCan ODBus v1 (OGL)
0b0bf709729992ab3616,Ewing Flagpoles,Whitby,Whitby,ON,43.87173,-78.91600,332329,3323,Other ornamental and architectural metal product manufacturing,1,,Regional Municipality of Durham,StatCan ODBus v1 (OGL)
ba9fd67e684efd12b9a6,Gerdau Long Steel North America,Whitby,Whitby,ON,43.85678,-78.90583,331110,3311,Iron and steel mills and ferro-alloy manufacturing,0,,Regional Municipality of Durham,StatCan ODBus v1 (OGL)
bc08641bc3d7662d4c59,Global Emissions Systems,Whitby,Whitby,ON,43.85873,-78.89490,334512,3345,"Measuring, medical and controlling devices manufacturing",1,,Regional Municipality of Durham,StatCan ODBus v1 (OGL)
7003341e5905b0ee184b,Grayler Steel Inc.,Whitby,Whitby,ON,43.85772,-78.93400,332311,3323,Prefabricated metal building and component manufacturing,1,,Regional Municipality of Durham,StatCan ODBus v1 (OGL)
886d91b042d3c9985307,Greystone Industrial,Whitby,Whitby,ON,43.87634,-78.92071,332999,3329,All other miscellaneous fabricated metal product manufacturing,1,,Regional Municipality of Durham,StatCan ODBus v1 (OGL)
a7e089ce9e8430cefc7c,Hollbrit Inc,Whitby,Whitby,ON,43.87235,-78.91954,333519,3335,Other metalworking machinery manufacturing,0,,Regional Municipality of Durham,StatCan ODBus v1 (OGL)
a0a60bbb85d1bf4572fd,Inductotherm Group Canada Ltd.,Whitby,Whitby,ON,43.86356,-78.88825,335315,3353,"Switchgear and switchboard, and relay and industrial control apparatus manufacturing",1,,Regional Municipality of Durham,StatCan ODBus v1 (OGL)
fbe727004cf5b2bc4fd1,John C. Rogers Sheet Metal Ltd,Whitby,Whitby,ON,43.85803,-78.89415,332329,3323,Other ornamental and architectural metal product manufacturing,1,,Regional Municipality of Durham,StatCan ODBus v1 (OGL)
f3b8878e0a82a25c3131,Lear Corp,Whitby,Whitby,ON,43.86173,-78.89314,336360,3363,Motor vehicle seating and interior trim manufacturing,1,,Regional Municipality of Durham,StatCan ODBus v1 (OGL)
69a38ef8e575a66e073f,LifeSafer,Whitby,Whitby,ON,43.85888,-78.89739,335990,3359,All other electrical equipment and component manufacturing,1,,Regional Municipality of Durham,StatCan ODBus v1 (OGL)
4a339a4f99598e15534b,Losar City Railing,Whitby,Whitby,ON,43.87256,-78.91843,332329,3323,Other ornamental and architectural metal product manufacturing,1,,Regional Municipality of Durham,StatCan ODBus v1 (OGL)
cd936ef310411fed22b9,Makita Canada Inc.,Whitby,Whitby,ON,43.86221,-78.89536,333990,3339,All other general-purpose machinery manufacturing,1,,Regional Municipality of Durham,StatCan ODBus v1 (OGL)
618181c89cb79ac3c183,North American Steel Equipment Company Ltd.,Whitby,Whitby,ON,43.87906,-78.92185,331221,3312,Cold-rolled steel shape manufacturing,0,,Regional Municipality of Durham,StatCan ODBus v1 (OGL)
6bc2563f1485c1d6633d,Oshawa Bearings,Whitby,Whitby,ON,43.86226,-78.88823,336999,3369,All Other Transportation Equipment Manufacturing,1,,Regional Municipality of Durham,StatCan ODBus v1 (OGL)
71cc16112b1530142245,Precise Tool & Die Limited,Whitby,Whitby,ON,43.87097,-78.91575,333519,3335,Other metalworking machinery manufacturing,0,,Regional Municipality of Durham,StatCan ODBus v1 (OGL)
11ce299b2029c454544a,Prime Moulds Inc,Whitby,Whitby,ON,43.86226,-78.88823,333511,3335,Industrial mould manufacturing,0,,Regional Municipality of Durham,StatCan ODBus v1 (OGL)
0ad044c6a674bfc97372,Quadra Machining,Whitby,Whitby,ON,43.85716,-78.89677,332710,3327,Machine shops,1,,Regional Municipality of Durham,StatCan ODBus v1 (OGL)
232f4e213a80295e6ce9,Quantum CNC,Whitby,Whitby,ON,43.85933,-78.89400,332710,3327,Machine shops,1,,Regional Municipality of Durham,StatCan ODBus v1 (OGL)
b5dffcd76c44e47327ed,Reliable Tube,Whitby,Whitby,ON,43.85978,-78.92403,331221,3312,Cold-rolled steel shape manufacturing,0,,Regional Municipality of Durham,StatCan ODBus v1 (OGL)
894c20744c4ce94751dd,Resteel,Whitby,Whitby,ON,43.85716,-78.89677,331222,3312,Steel wire drawing,0,,Regional Municipality of Durham,StatCan ODBus v1 (OGL)
6c5736c52c80be6614dd,RMW Custom Motorcylces Inc,Whitby,Whitby,ON,43.87085,-78.91767,336110,3361,Automobile and light-duty motor vehicle manufacturing,0,,Regional Municipality of Durham,StatCan ODBus v1 (OGL)
aea2994f086ad246f495,Signature Precision Fabrication,Whitby,Whitby,ON,43.87293,-78.92170,336390,3363,Other motor vehicle parts manufacturing,1,,Regional Municipality of Durham,StatCan ODBus v1 (OGL)
db575c32569430d42209,Timbren,Whitby,Whitby,ON,43.87826,-78.92150,332611,3326,Spring (heavy gauge) manufacturing,0,,Regional Municipality of Durham,StatCan ODBus v1 (OGL)
db252bb4b6039f62e22c,Whitby Precision Grinding,Whitby,Whitby,ON,43.86003,-78.93519,332710,3327,Machine shops,1,,Regional Municipality of Durham,StatCan ODBus v1 (OGL)
72f0f8099d09593d92ad,ALBERT'S SPOTWELDER SERVICE,Whitchurch-Stouffville,Whitchurch-Stouffville,ON,,,33271,3327,Machine shops,1,5-9,Regional Municipality of York,StatCan ODBus v1 (OGL)
5ad35031433760d1222e,BEAVER MACHINE CORPORATION,Whitchurch-Stouffville,Whitchurch-Stouffville,ON,,,33152,3315,Non-ferrous metal foundries,0,1-4,Regional Municipality of York,StatCan ODBus v1 (OGL)
c96235c2012523fa83f6,BESTWAY CASTERS & WHEELS LTD.,Whitchurch-Stouffville,Whitchurch-Stouffville,ON,,,33251,3325,Hardware manufacturing,0,10-19,Regional Municipality of York,StatCan ODBus v1 (OGL)
eb7c3c26029702416f60,CANADA-WIDE REINFORCING STEEL CO. LTD.,Whitchurch-Stouffville,Whitchurch-Stouffville,ON,,,33122,3312,Rolling and drawing of purchased steel,0,20-49,Regional Municipality of York,StatCan ODBus v1 (OGL)
c933f304dc9fccd5b01e,CESARONI TECHNOLOGY INCORPORATED,Whitchurch-Stouffville,Whitchurch-Stouffville,ON,,,33641,3364,Aerospace product and parts manufacturing,1,20-49,Regional Municipality of York,StatCan ODBus v1 (OGL)
5d4d37a804ad80798249,CLAE MANUFACTURING,Whitchurch-Stouffville,Whitchurch-Stouffville,ON,,,33271,3327,Machine shops,1,1-4,Regional Municipality of York,StatCan ODBus v1 (OGL)
0423c80ca66cbf814290,CULT IRON WORKS,Whitchurch-Stouffville,Whitchurch-Stouffville,ON,,,33231,3323,Plate work and fabricated structural product manufacturing,1,10-19,Regional Municipality of York,StatCan ODBus v1 (OGL)
f058552842a17bc06045,GATECREST INDUSTRIES INC.,Whitchurch-Stouffville,Whitchurch-Stouffville,ON,,,33299,3329,All other fabricated metal product manufacturing,1,1-4,Regional Municipality of York,StatCan ODBus v1 (OGL)
79af5923afddb7e8d392,GROPP MANUFACTURING LTD.,Whitchurch-Stouffville,Whitchurch-Stouffville,ON,,,33111,3311,Iron and steel mills and ferro-alloy manufacturing,0,1-4,Regional Municipality of York,StatCan ODBus v1 (OGL)
518ea72c24fb61c8c394,HP ENTERPRISES MACHINERY,Whitchurch-Stouffville,Whitchurch-Stouffville,ON,,,33271,3327,Machine shops,1,1-4,Regional Municipality of York,StatCan ODBus v1 (OGL)
07ea10cec79b0233ef76,JHL TOOLINGS,Whitchurch-Stouffville,Whitchurch-Stouffville,ON,,,33351,3335,Metalworking machinery manufacturing,0,1-4,Regional Municipality of York,StatCan ODBus v1 (OGL)
9486dff52a3e21b2e1b6,LISI IRON & STEEL WORKS LTD.,Whitchurch-Stouffville,Whitchurch-Stouffville,ON,,,33232,3323,Ornamental and architectural metal product manufacturing,1,5-9,Regional Municipality of York,StatCan ODBus v1 (OGL)
422d7c6036a4fd8d3f76,METAL DOOR LTD.,Whitchurch-Stouffville,Whitchurch-Stouffville,ON,,,33232,3323,Ornamental and architectural metal product manufacturing,1,10-19,Regional Municipality of York,StatCan ODBus v1 (OGL)
053916400d6b63a15b02,R. P. TRAILERS,Whitchurch-Stouffville,Whitchurch-Stouffville,ON,,,33621,3362,Motor vehicle body and trailer manufacturing,0,1-4,Regional Municipality of York,StatCan ODBus v1 (OGL)
edfe3515141fa41db0eb,RFD RAILINGS & DESIGN INC.,Whitchurch-Stouffville,Whitchurch-Stouffville,ON,,,33232,3323,Ornamental and architectural metal product manufacturing,1,1-4,Regional Municipality of York,StatCan ODBus v1 (OGL)
5be49ea892c1696bc232,RICHMOND WELDING & IRON WORKS LIMITED,Whitchurch-Stouffville,Whitchurch-Stouffville,ON,,,33299,3329,All other fabricated metal product manufacturing,1,10-19,Regional Municipality of York,StatCan ODBus v1 (OGL)
737baec1458437846d4b,SCENTROID - IDES CANADA INC.,Whitchurch-Stouffville,Whitchurch-Stouffville,ON,,,33451,3345,"Navigational, measuring, medical and control instruments manufacturing",1,20-49,Regional Municipality of York,StatCan ODBus v1 (OGL)
d038d5dfe87bf2d75a60,SEBBA STEEL CONSTRUCTION LTD.,Whitchurch-Stouffville,Whitchurch-Stouffville,ON,,,33111,3311,Iron and steel mills and ferro-alloy manufacturing,0,5-9,Regional Municipality of York,StatCan ODBus v1 (OGL)
2c4625632c4035b5120f,SPEEDWAY PACKAGING MACHINERY,Whitchurch-Stouffville,Whitchurch-Stouffville,ON,,,33399,3339,All other general-purpose machinery manufacturing,1,10-19,Regional Municipality of York,StatCan ODBus v1 (OGL)
f70a2d92f96339e1bddd,TAM-KAL LIMITED,Whitchurch-Stouffville,Whitchurch-Stouffville,ON,,,33232,3323,Ornamental and architectural metal product manufacturing,1,50-99,Regional Municipality of York,StatCan ODBus v1 (OGL)
48ec79b3695d017a6723,TECH-PRE SOLUTIONS INC.,Whitchurch-Stouffville,Whitchurch-Stouffville,ON,,,33351,3335,Metalworking machinery manufacturing,0,5-9,Regional Municipality of York,StatCan ODBus v1 (OGL)
17ea03979a53fa62cb7b,TIE DOWNS PLUS INC.,Whitchurch-Stouffville,Whitchurch-Stouffville,ON,,,33392,3339,Material handling equipment manufacturing,1,1-4,Regional Municipality of York,StatCan ODBus v1 (OGL)
221be057de6bc75474de,TIMES IRON WORKS INC,Whitchurch-Stouffville,Whitchurch-Stouffville,ON,,,33111,3311,Iron and steel mills and ferro-alloy manufacturing,0,10-19,Regional Municipality of York,StatCan ODBus v1 (OGL)
00756d83fe8f2e222750,TOTAL MOTOR WERKES,Whitchurch-Stouffville,Whitchurch-Stouffville,ON,,,33631,3363,Automotive mechanical and electrical repair and maintenance,1,1-4,Regional Municipality of York,StatCan ODBus v1 (OGL)
4d60ce6532e6a7d37bea,TWIN TOOLING INC.,Whitchurch-Stouffville,Whitchurch-Stouffville,ON,,,33211,3321,Forging and stamping,1,,Regional Municipality of York,StatCan ODBus v1 (OGL)
82141c0e77f45fd444bd,WM. J. BARRY WELDING 1987 LTD.,Whitchurch-Stouffville,Whitchurch-Stouffville,ON,,,33299,3329,All other fabricated metal product manufacturing,1,5-9,Regional Municipality of York,StatCan ODBus v1 (OGL)
